season_year,scheduled,game_id,team_id,franchise_id,opponent_team_id,opponent_franchise_id,is_home,elo_pre,elo_post,p_win_pre
2020,2020-07-25 16:00:00+00:00,e5323808-6daf-4c33-be14-b04c3f8a62a8,d6a012ed-84aa-48d3-8265-2d3f3ff2199a,d6a012ed-84aa-48d3-8265-2d3f3ff2199a,08ed8274-e29f-4248-bc2e-83cc8ed18d75,08ed8274-e29f-4248-bc2e-83cc8ed18d75,0,1507.3830428072686,1526.3314687983232,0.6040629406079931
2020,2020-07-25 16:00:00+00:00,e5323808-6daf-4c33-be14-b04c3f8a62a8,08ed8274-e29f-4248-bc2e-83cc8ed18d75,08ed8274-e29f-4248-bc2e-83cc8ed18d75,d6a012ed-84aa-48d3-8265-2d3f3ff2199a,d6a012ed-84aa-48d3-8265-2d3f3ff2199a,1,1409.0006271210266,1390.052201129972,0.3959370593920068
2020,2020-07-25 19:00:00+00:00,2f816fa8-bd98-491a-91d1-5d090be1826e,0a5ad38d-2fe3-43ba-894b-1ba3d5042ea9,0a5ad38d-2fe3-43ba-894b-1ba3d5042ea9,0699edf3-5993-4182-b9b4-ec935cbd4fcc,0699edf3-5993-4182-b9b4-ec935cbd4fcc,0,1530.0125649733227,1560.1963103680114,0.5520221446118546
2020,2020-07-25 19:00:00+00:00,2f816fa8-bd98-491a-91d1-5d090be1826e,0699edf3-5993-4182-b9b4-ec935cbd4fcc,0699edf3-5993-4182-b9b4-ec935cbd4fcc,0a5ad38d-2fe3-43ba-894b-1ba3d5042ea9,0a5ad38d-2fe3-43ba-894b-1ba3d5042ea9,1,1468.7325835034142,1438.5488381087255,0.4479778553881454
2020,2020-07-25 21:00:00+00:00,9b433ccb-d601-4ba4-bd2f-8c06c553d0da,f073a15f-0486-4179-b0a3-dfd0294eb595,f073a15f-0486-4179-b0a3-dfd0294eb595,5c0d47fe-8539-47b0-9f36-d0b3609ca89b,5c0d47fe-8539-47b0-9f36-d0b3609ca89b,0,1486.0159308557033,1466.4264543274182,0.29425545798369723
2020,2020-07-25 21:00:00+00:00,9b433ccb-d601-4ba4-bd2f-8c06c553d0da,5c0d47fe-8539-47b0-9f36-d0b3609ca89b,5c0d47fe-8539-47b0-9f36-d0b3609ca89b,f073a15f-0486-4179-b0a3-dfd0294eb595,f073a15f-0486-4179-b0a3-dfd0294eb595,1,1612.9851312827932,1632.5746078110783,0.7057445420163028
2020,2020-07-26 16:00:00+00:00,ecdf2ba3-2915-46ff-9eed-8152a364f44f,a015b02d-845c-40c1-8ef4-844984f47e4d,a015b02d-845c-40c1-8ef4-844984f47e4d,6f017f37-be96-4bdc-b6d3-0a0429c72e89,6f017f37-be96-4bdc-b6d3-0a0429c72e89,0,1568.1270994347633,1553.1828106427606,0.513205062095428
2020,2020-07-26 16:00:00+00:00,ecdf2ba3-2915-46ff-9eed-8152a364f44f,6f017f37-be96-4bdc-b6d3-0a0429c72e89,6f017f37-be96-4bdc-b6d3-0a0429c72e89,a015b02d-845c-40c1-8ef4-844984f47e4d,a015b02d-845c-40c1-8ef4-844984f47e4d,1,1533.9491482184287,1548.8934370104314,0.48679493790457196
2020,2020-07-26 19:00:00+00:00,e1f5cde5-8487-468d-b924-ebfa1f6ed10d,3c409388-ab73-4c7f-953d-3a71062240f6,3c409388-ab73-4c7f-953d-3a71062240f6,171b097d-01db-4ae8-9d56-035689402ec6,FR_LVA_ACES,0,1541.0718387546094,1548.114098236933,0.4600866937878101
2020,2020-07-26 19:00:00+00:00,e1f5cde5-8487-468d-b924-ebfa1f6ed10d,171b097d-01db-4ae8-9d56-035689402ec6,FR_LVA_ACES,3c409388-ab73-4c7f-953d-3a71062240f6,3c409388-ab73-4c7f-953d-3a71062240f6,1,1543.8655818172306,1536.823322334907,0.5399133062121899
2020,2020-07-26 21:00:00+00:00,d5344312-5f3a-4d5d-974b-c62cb1f2dbd6,5f0b5caf-708b-4300-92f2-53b51d83ec06,5f0b5caf-708b-4300-92f2-53b51d83ec06,5d70a9af-8c2b-4aec-9e68-9acc6ddb93e4,5d70a9af-8c2b-4aec-9e68-9acc6ddb93e4,0,1440.428538839822,1423.285972136182,0.49568366170917366
2020,2020-07-26 21:00:00+00:00,d5344312-5f3a-4d5d-974b-c62cb1f2dbd6,5d70a9af-8c2b-4aec-9e68-9acc6ddb93e4,5d70a9af-8c2b-4aec-9e68-9acc6ddb93e4,5f0b5caf-708b-4300-92f2-53b51d83ec06,5f0b5caf-708b-4300-92f2-53b51d83ec06,1,1418.4279123916199,1435.57047909526,0.5043163382908263
2020,2020-07-28 23:00:00+00:00,38257d4a-eac2-408a-9674-de286c7156ed,5c0d47fe-8539-47b0-9f36-d0b3609ca89b,5c0d47fe-8539-47b0-9f36-d0b3609ca89b,a015b02d-845c-40c1-8ef4-844984f47e4d,a015b02d-845c-40c1-8ef4-844984f47e4d,0,1632.5746078110783,1641.2091746902734,0.5776428171503798
2020,2020-07-28 23:00:00+00:00,38257d4a-eac2-408a-9674-de286c7156ed,a015b02d-845c-40c1-8ef4-844984f47e4d,a015b02d-845c-40c1-8ef4-844984f47e4d,5c0d47fe-8539-47b0-9f36-d0b3609ca89b,5c0d47fe-8539-47b0-9f36-d0b3609ca89b,1,1553.1828106427606,1544.5482437635656,0.42235718284962026
2020,2020-07-29 01:00:00+00:00,daa10172-8bcd-49b4-a2c1-fdd655bd26d5,0a5ad38d-2fe3-43ba-894b-1ba3d5042ea9,0a5ad38d-2fe3-43ba-894b-1ba3d5042ea9,3c409388-ab73-4c7f-953d-3a71062240f6,3c409388-ab73-4c7f-953d-3a71062240f6,0,1560.1963103680114,1533.5126368531837,0.48141837039375446
2020,2020-07-29 01:00:00+00:00,daa10172-8bcd-49b4-a2c1-fdd655bd26d5,3c409388-ab73-4c7f-953d-3a71062240f6,3c409388-ab73-4c7f-953d-3a71062240f6,0a5ad38d-2fe3-43ba-894b-1ba3d5042ea9,0a5ad38d-2fe3-43ba-894b-1ba3d5042ea9,1,1548.114098236933,1574.7977717517606,0.5185816296062455
2020,2020-07-29 02:00:00+00:00,7090fce6-e1b8-4168-8a7c-9c0a918d63ba,6f017f37-be96-4bdc-b6d3-0a0429c72e89,6f017f37-be96-4bdc-b6d3-0a0429c72e89,d6a012ed-84aa-48d3-8265-2d3f3ff2199a,d6a012ed-84aa-48d3-8265-2d3f3ff2199a,0,1548.8934370104314,1513.2156396516261,0.4964914478065471
2020,2020-07-29 02:00:00+00:00,7090fce6-e1b8-4168-8a7c-9c0a918d63ba,d6a012ed-84aa-48d3-8265-2d3f3ff2199a,d6a012ed-84aa-48d3-8265-2d3f3ff2199a,6f017f37-be96-4bdc-b6d3-0a0429c72e89,6f017f37-be96-4bdc-b6d3-0a0429c72e89,1,1526.3314687983232,1562.0092661571284,0.5035085521934529
2020,2020-07-29 23:00:00+00:00,e110f0e9-28ae-4ba8-b710-3999fe91df45,0699edf3-5993-4182-b9b4-ec935cbd4fcc,0699edf3-5993-4182-b9b4-ec935cbd4fcc,f073a15f-0486-4179-b0a3-dfd0294eb595,f073a15f-0486-4179-b0a3-dfd0294eb595,0,1438.5488381087255,1428.7746626941857,0.42448514548663385
2020,2020-07-29 23:00:00+00:00,e110f0e9-28ae-4ba8-b710-3999fe91df45,f073a15f-0486-4179-b0a3-dfd0294eb595,f073a15f-0486-4179-b0a3-dfd0294eb595,0699edf3-5993-4182-b9b4-ec935cbd4fcc,0699edf3-5993-4182-b9b4-ec935cbd4fcc,1,1466.4264543274182,1476.200629741958,0.5755148545133661
2020,2020-07-30 00:00:00+00:00,5b91a524-758a-4128-b018-947466e58734,08ed8274-e29f-4248-bc2e-83cc8ed18d75,08ed8274-e29f-4248-bc2e-83cc8ed18d75,5f0b5caf-708b-4300-92f2-53b51d83ec06,5f0b5caf-708b-4300-92f2-53b51d83ec06,0,1390.052201129972,1373.0533663659592,0.41697093198817603
2020,2020-07-30 00:00:00+00:00,5b91a524-758a-4128-b018-947466e58734,5f0b5caf-708b-4300-92f2-53b51d83ec06,5f0b5caf-708b-4300-92f2-53b51d83ec06,08ed8274-e29f-4248-bc2e-83cc8ed18d75,08ed8274-e29f-4248-bc2e-83cc8ed18d75,1,1423.285972136182,1440.2848069001948,0.583029068011824
2020,2020-07-30 02:00:00+00:00,aea580cb-91ad-45a1-a035-b50ee914d2fe,5d70a9af-8c2b-4aec-9e68-9acc6ddb93e4,5d70a9af-8c2b-4aec-9e68-9acc6ddb93e4,171b097d-01db-4ae8-9d56-035689402ec6,FR_LVA_ACES,0,1435.57047909526,1409.5218954656552,0.3259039752964491
2020,2020-07-30 02:00:00+00:00,aea580cb-91ad-45a1-a035-b50ee914d2fe,171b097d-01db-4ae8-9d56-035689402ec6,FR_LVA_ACES,5d70a9af-8c2b-4aec-9e68-9acc6ddb93e4,5d70a9af-8c2b-4aec-9e68-9acc6ddb93e4,1,1536.823322334907,1562.8719059645118,0.6740960247035509
2020,2020-07-30 22:00:00+00:00,eceaaefb-c2b5-4735-a8ac-2507842826d6,d6a012ed-84aa-48d3-8265-2d3f3ff2199a,d6a012ed-84aa-48d3-8265-2d3f3ff2199a,5c0d47fe-8539-47b0-9f36-d0b3609ca89b,5c0d47fe-8539-47b0-9f36-d0b3609ca89b,0,1562.0092661571284,1543.6907779662565,0.354384214750631
2020,2020-07-30 22:00:00+00:00,eceaaefb-c2b5-4735-a8ac-2507842826d6,5c0d47fe-8539-47b0-9f36-d0b3609ca89b,5c0d47fe-8539-47b0-9f36-d0b3609ca89b,d6a012ed-84aa-48d3-8265-2d3f3ff2199a,d6a012ed-84aa-48d3-8265-2d3f3ff2199a,1,1641.2091746902734,1659.5276628811453,0.645615785249369
2020,2020-07-31 00:00:00+00:00,bc9c2e99-a648-4730-8126-7affa3aee2eb,3c409388-ab73-4c7f-953d-3a71062240f6,3c409388-ab73-4c7f-953d-3a71062240f6,6f017f37-be96-4bdc-b6d3-0a0429c72e89,6f017f37-be96-4bdc-b6d3-0a0429c72e89,0,1574.7977717517606,1567.6411846155752,0.5524522281740368
2020,2020-07-31 00:00:00+00:00,bc9c2e99-a648-4730-8126-7affa3aee2eb,6f017f37-be96-4bdc-b6d3-0a0429c72e89,6f017f37-be96-4bdc-b6d3-0a0429c72e89,3c409388-ab73-4c7f-953d-3a71062240f6,3c409388-ab73-4c7f-953d-3a71062240f6,1,1513.2156396516261,1520.3722267878115,0.44754777182596317
2020,2020-07-31 02:00:00+00:00,b418d0e3-edad-4cbe-9526-05e808edc57f,a015b02d-845c-40c1-8ef4-844984f47e4d,a015b02d-845c-40c1-8ef4-844984f47e4d,0a5ad38d-2fe3-43ba-894b-1ba3d5042ea9,0a5ad38d-2fe3-43ba-894b-1ba3d5042ea9,0,1544.5482437635656,1534.4231813773276,0.47991443752559104
2020,2020-07-31 02:00:00+00:00,b418d0e3-edad-4cbe-9526-05e808edc57f,0a5ad38d-2fe3-43ba-894b-1ba3d5042ea9,0a5ad38d-2fe3-43ba-894b-1ba3d5042ea9,a015b02d-845c-40c1-8ef4-844984f47e4d,a015b02d-845c-40c1-8ef4-844984f47e4d,1,1533.5126368531837,1543.6376992394216,0.520085562474409
2020,2020-07-31 23:00:00+00:00,4784838b-3a38-4a3b-b718-b548829a71c6,08ed8274-e29f-4248-bc2e-83cc8ed18d75,08ed8274-e29f-4248-bc2e-83cc8ed18d75,5d70a9af-8c2b-4aec-9e68-9acc6ddb93e4,5d70a9af-8c2b-4aec-9e68-9acc6ddb93e4,0,1373.0533663659592,1363.6184950352101,0.4124512275460829
2020,2020-07-31 23:00:00+00:00,4784838b-3a38-4a3b-b718-b548829a71c6,5d70a9af-8c2b-4aec-9e68-9acc6ddb93e4,5d70a9af-8c2b-4aec-9e68-9acc6ddb93e4,08ed8274-e29f-4248-bc2e-83cc8ed18d75,08ed8274-e29f-4248-bc2e-83cc8ed18d75,1,1409.5218954656552,1418.9567667964043,0.5875487724539171
2020,2020-08-01 00:00:00+00:00,9d407fda-2961-40e5-ba00-962e8cb0b36d,f073a15f-0486-4179-b0a3-dfd0294eb595,f073a15f-0486-4179-b0a3-dfd0294eb595,5f0b5caf-708b-4300-92f2-53b51d83ec06,5f0b5caf-708b-4300-92f2-53b51d83ec06,0,1476.200629741958,1468.0207979771799,0.5157039650196241
2020,2020-08-01 00:00:00+00:00,9d407fda-2961-40e5-ba00-962e8cb0b36d,5f0b5caf-708b-4300-92f2-53b51d83ec06,5f0b5caf-708b-4300-92f2-53b51d83ec06,f073a15f-0486-4179-b0a3-dfd0294eb595,f073a15f-0486-4179-b0a3-dfd0294eb595,1,1440.2848069001948,1448.4646386649729,0.4842960349803759
2020,2020-08-01 02:00:00+00:00,92130fe1-492b-412a-b99b-f2adb0373234,171b097d-01db-4ae8-9d56-035689402ec6,FR_LVA_ACES,0699edf3-5993-4182-b9b4-ec935cbd4fcc,0699edf3-5993-4182-b9b4-ec935cbd4fcc,0,1562.8719059645118,1546.8799412373232,0.6520390552559485
2020,2020-08-01 02:00:00+00:00,92130fe1-492b-412a-b99b-f2adb0373234,0699edf3-5993-4182-b9b4-ec935cbd4fcc,0699edf3-5993-4182-b9b4-ec935cbd4fcc,171b097d-01db-4ae8-9d56-035689402ec6,FR_LVA_ACES,1,1428.7746626941857,1444.7666274213743,0.3479609447440514
2020,2020-08-01 20:00:00+00:00,7c479edf-f1db-43fc-85d3-fdcd3063d59b,6f017f37-be96-4bdc-b6d3-0a0429c72e89,6f017f37-be96-4bdc-b6d3-0a0429c72e89,a015b02d-845c-40c1-8ef4-844984f47e4d,a015b02d-845c-40c1-8ef4-844984f47e4d,0,1520.3722267878115,1537.6240932475953,0.44403662678912126
2020,2020-08-01 20:00:00+00:00,7c479edf-f1db-43fc-85d3-fdcd3063d59b,a015b02d-845c-40c1-8ef4-844984f47e4d,a015b02d-845c-40c1-8ef4-844984f47e4d,6f017f37-be96-4bdc-b6d3-0a0429c72e89,6f017f37-be96-4bdc-b6d3-0a0429c72e89,1,1534.4231813773276,1517.171314917544,0.5559633732108787
2020,2020-08-01 22:00:00+00:00,b800deca-183b-412f-94bd-486e8f88ed93,5c0d47fe-8539-47b0-9f36-d0b3609ca89b,5c0d47fe-8539-47b0-9f36-d0b3609ca89b,3c409388-ab73-4c7f-953d-3a71062240f6,3c409388-ab73-4c7f-953d-3a71062240f6,0,1659.5276628811453,1651.9961912790602,0.595085586853612
2020,2020-08-01 22:00:00+00:00,b800deca-183b-412f-94bd-486e8f88ed93,3c409388-ab73-4c7f-953d-3a71062240f6,3c409388-ab73-4c7f-953d-3a71062240f6,5c0d47fe-8539-47b0-9f36-d0b3609ca89b,5c0d47fe-8539-47b0-9f36-d0b3609ca89b,1,1567.6411846155752,1575.1726562176602,0.40491441314638793
2020,2020-08-02 00:00:00+00:00,522e930b-0538-4a6d-b322-c5d19be4c149,0a5ad38d-2fe3-43ba-894b-1ba3d5042ea9,0a5ad38d-2fe3-43ba-894b-1ba3d5042ea9,d6a012ed-84aa-48d3-8265-2d3f3ff2199a,d6a012ed-84aa-48d3-8265-2d3f3ff2199a,0,1543.6376992394216,1532.720316520005,0.4640080816010437
2020,2020-08-02 00:00:00+00:00,522e930b-0538-4a6d-b322-c5d19be4c149,d6a012ed-84aa-48d3-8265-2d3f3ff2199a,d6a012ed-84aa-48d3-8265-2d3f3ff2199a,0a5ad38d-2fe3-43ba-894b-1ba3d5042ea9,0a5ad38d-2fe3-43ba-894b-1ba3d5042ea9,1,1543.6907779662565,1554.608160685673,0.5359919183989563
2020,2020-08-02 17:00:00+00:00,561b4d85-973f-4d2f-bcc5-19686b563f50,0699edf3-5993-4182-b9b4-ec935cbd4fcc,0699edf3-5993-4182-b9b4-ec935cbd4fcc,08ed8274-e29f-4248-bc2e-83cc8ed18d75,08ed8274-e29f-4248-bc2e-83cc8ed18d75,0,1444.7666274213743,1479.0571754319267,0.5801074821017399
2020,2020-08-02 17:00:00+00:00,561b4d85-973f-4d2f-bcc5-19686b563f50,08ed8274-e29f-4248-bc2e-83cc8ed18d75,08ed8274-e29f-4248-bc2e-83cc8ed18d75,0699edf3-5993-4182-b9b4-ec935cbd4fcc,0699edf3-5993-4182-b9b4-ec935cbd4fcc,1,1363.6184950352101,1329.3279470246578,0.4198925178982601
2020,2020-08-02 19:30:00+00:00,f78eb7da-0704-4146-9f3c-445df1540f8e,5d70a9af-8c2b-4aec-9e68-9acc6ddb93e4,5d70a9af-8c2b-4aec-9e68-9acc6ddb93e4,f073a15f-0486-4179-b0a3-dfd0294eb595,f073a15f-0486-4179-b0a3-dfd0294eb595,0,1418.9567667964043,1400.0629645441486,0.3949990101229577
2020,2020-08-02 19:30:00+00:00,f78eb7da-0704-4146-9f3c-445df1540f8e,f073a15f-0486-4179-b0a3-dfd0294eb595,f073a15f-0486-4179-b0a3-dfd0294eb595,5d70a9af-8c2b-4aec-9e68-9acc6ddb93e4,5d70a9af-8c2b-4aec-9e68-9acc6ddb93e4,1,1468.0207979771799,1486.9146002294356,0.6050009898770423
2020,2020-08-02 22:00:00+00:00,7dd62a37-517b-473b-9a6a-7ebcb34fbd99,5f0b5caf-708b-4300-92f2-53b51d83ec06,5f0b5caf-708b-4300-92f2-53b51d83ec06,171b097d-01db-4ae8-9d56-035689402ec6,FR_LVA_ACES,0,1448.4646386649729,1438.8680484047777,0.3295025978967222
2020,2020-08-02 22:00:00+00:00,7dd62a37-517b-473b-9a6a-7ebcb34fbd99,171b097d-01db-4ae8-9d56-035689402ec6,FR_LVA_ACES,5f0b5caf-708b-4300-92f2-53b51d83ec06,5f0b5caf-708b-4300-92f2-53b51d83ec06,1,1546.8799412373232,1556.4765314975184,0.6704974021032778
2020,2020-08-04 22:00:00+00:00,425be7b7-6780-41ed-b592-59d0b48064af,5f0b5caf-708b-4300-92f2-53b51d83ec06,5f0b5caf-708b-4300-92f2-53b51d83ec06,3c409388-ab73-4c7f-953d-3a71062240f6,3c409388-ab73-4c7f-953d-3a71062240f6,0,1438.8680484047777,1434.854454110081,0.28322020609985765
2020,2020-08-04 22:00:00+00:00,425be7b7-6780-41ed-b592-59d0b48064af,3c409388-ab73-4c7f-953d-3a71062240f6,3c409388-ab73-4c7f-953d-3a71062240f6,5f0b5caf-708b-4300-92f2-53b51d83ec06,5f0b5caf-708b-4300-92f2-53b51d83ec06,1,1575.1726562176602,1579.186250512357,0.7167797939001423
2020,2020-08-04 23:00:00+00:00,ac63213d-ba37-4286-96e9-1bd7686846f7,0699edf3-5993-4182-b9b4-ec935cbd4fcc,0699edf3-5993-4182-b9b4-ec935cbd4fcc,5d70a9af-8c2b-4aec-9e68-9acc6ddb93e4,5d70a9af-8c2b-4aec-9e68-9acc6ddb93e4,0,1479.0571754319267,1489.8679508635182,0.5770843426599089
2020,2020-08-04 23:00:00+00:00,ac63213d-ba37-4286-96e9-1bd7686846f7,5d70a9af-8c2b-4aec-9e68-9acc6ddb93e4,5d70a9af-8c2b-4aec-9e68-9acc6ddb93e4,0699edf3-5993-4182-b9b4-ec935cbd4fcc,0699edf3-5993-4182-b9b4-ec935cbd4fcc,1,1400.0629645441486,1389.252189112557,0.42291565734009107
2020,2020-08-05 01:00:00+00:00,b27fc4b4-04d9-4a4d-b0e8-5590f6414a85,a015b02d-845c-40c1-8ef4-844984f47e4d,a015b02d-845c-40c1-8ef4-844984f47e4d,d6a012ed-84aa-48d3-8265-2d3f3ff2199a,d6a012ed-84aa-48d3-8265-2d3f3ff2199a,0,1517.171314917544,1500.4654507315993,0.41110109433810027
2020,2020-08-05 01:00:00+00:00,b27fc4b4-04d9-4a4d-b0e8-5590f6414a85,d6a012ed-84aa-48d3-8265-2d3f3ff2199a,d6a012ed-84aa-48d3-8265-2d3f3ff2199a,a015b02d-845c-40c1-8ef4-844984f47e4d,a015b02d-845c-40c1-8ef4-844984f47e4d,1,1554.608160685673,1571.3140248716177,0.5888989056618997
2020,2020-08-05 23:00:00+00:00,615e9226-cae5-4988-a81c-b79a23759bb7,6f017f37-be96-4bdc-b6d3-0a0429c72e89,6f017f37-be96-4bdc-b6d3-0a0429c72e89,08ed8274-e29f-4248-bc2e-83cc8ed18d75,08ed8274-e29f-4248-bc2e-83cc8ed18d75,0,1537.6240932475953,1555.0407172190025,0.7417602067058758
2020,2020-08-05 23:00:00+00:00,615e9226-cae5-4988-a81c-b79a23759bb7,08ed8274-e29f-4248-bc2e-83cc8ed18d75,08ed8274-e29f-4248-bc2e-83cc8ed18d75,6f017f37-be96-4bdc-b6d3-0a0429c72e89,6f017f37-be96-4bdc-b6d3-0a0429c72e89,1,1329.3279470246578,1311.9113230532505,0.25823979329412416
2020,2020-08-06 00:00:00+00:00,42c51289-020d-4e45-88f1-042ff5ba52b6,171b097d-01db-4ae8-9d56-035689402ec6,FR_LVA_ACES,5c0d47fe-8539-47b0-9f36-d0b3609ca89b,5c0d47fe-8539-47b0-9f36-d0b3609ca89b,0,1556.4765314975184,1571.0725506744313,0.3331956254497431
2020,2020-08-06 00:00:00+00:00,42c51289-020d-4e45-88f1-042ff5ba52b6,5c0d47fe-8539-47b0-9f36-d0b3609ca89b,5c0d47fe-8539-47b0-9f36-d0b3609ca89b,171b097d-01db-4ae8-9d56-035689402ec6,FR_LVA_ACES,1,1651.9961912790602,1637.4001721021473,0.6668043745502569
2020,2020-08-06 02:00:00+00:00,a2930ef6-fb40-46a3-9e49-40432c4f0d50,f073a15f-0486-4179-b0a3-dfd0294eb595,f073a15f-0486-4179-b0a3-dfd0294eb595,0a5ad38d-2fe3-43ba-894b-1ba3d5042ea9,0a5ad38d-2fe3-43ba-894b-1ba3d5042ea9,0,1486.9146002294356,1472.7998311279644,0.3994900224288115
2020,2020-08-06 02:00:00+00:00,a2930ef6-fb40-46a3-9e49-40432c4f0d50,0a5ad38d-2fe3-43ba-894b-1ba3d5042ea9,0a5ad38d-2fe3-43ba-894b-1ba3d5042ea9,f073a15f-0486-4179-b0a3-dfd0294eb595,f073a15f-0486-4179-b0a3-dfd0294eb595,1,1532.720316520005,1546.8350856214763,0.6005099775711885
2020,2020-08-06 22:00:00+00:00,192b2459-ca94-47bf-aade-0fe3e87e1ddb,d6a012ed-84aa-48d3-8265-2d3f3ff2199a,d6a012ed-84aa-48d3-8265-2d3f3ff2199a,5d70a9af-8c2b-4aec-9e68-9acc6ddb93e4,5d70a9af-8c2b-4aec-9e68-9acc6ddb93e4,0,1571.3140248716177,1574.04505337587,0.7117955514472222
2020,2020-08-06 22:00:00+00:00,192b2459-ca94-47bf-aade-0fe3e87e1ddb,5d70a9af-8c2b-4aec-9e68-9acc6ddb93e4,5d70a9af-8c2b-4aec-9e68-9acc6ddb93e4,d6a012ed-84aa-48d3-8265-2d3f3ff2199a,d6a012ed-84aa-48d3-8265-2d3f3ff2199a,1,1389.252189112557,1386.5211606083046,0.2882044485527778
2020,2020-08-07 00:00:00+00:00,71dbaac7-0292-406b-8502-e1c8895da25d,a015b02d-845c-40c1-8ef4-844984f47e4d,a015b02d-845c-40c1-8ef4-844984f47e4d,5f0b5caf-708b-4300-92f2-53b51d83ec06,5f0b5caf-708b-4300-92f2-53b51d83ec06,0,1500.4654507315993,1530.1344494329749,0.558179200199096
2020,2020-08-07 00:00:00+00:00,71dbaac7-0292-406b-8502-e1c8895da25d,5f0b5caf-708b-4300-92f2-53b51d83ec06,5f0b5caf-708b-4300-92f2-53b51d83ec06,a015b02d-845c-40c1-8ef4-844984f47e4d,a015b02d-845c-40c1-8ef4-844984f47e4d,1,1434.854454110081,1405.1854554087054,0.441820799800904
2020,2020-08-07 02:00:00+00:00,f982900d-1f85-4c78-8457-b9d9d6e17c20,3c409388-ab73-4c7f-953d-3a71062240f6,3c409388-ab73-4c7f-953d-3a71062240f6,0699edf3-5993-4182-b9b4-ec935cbd4fcc,0699edf3-5993-4182-b9b4-ec935cbd4fcc,0,1579.186250512357,1559.683772500629,0.5915183939841545
2020,2020-08-07 02:00:00+00:00,f982900d-1f85-4c78-8457-b9d9d6e17c20,0699edf3-5993-4182-b9b4-ec935cbd4fcc,0699edf3-5993-4182-b9b4-ec935cbd4fcc,3c409388-ab73-4c7f-953d-3a71062240f6,3c409388-ab73-4c7f-953d-3a71062240f6,1,1489.8679508635182,1509.3704288752463,0.4084816060158455
2020,2020-08-07 22:00:00+00:00,cba263d2-d947-465c-8df0-ec73f83e8fbc,f073a15f-0486-4179-b0a3-dfd0294eb595,f073a15f-0486-4179-b0a3-dfd0294eb595,6f017f37-be96-4bdc-b6d3-0a0429c72e89,6f017f37-be96-4bdc-b6d3-0a0429c72e89,0,1472.7998311279644,1464.19439819931,0.35038936239851814
2020,2020-08-07 22:00:00+00:00,cba263d2-d947-465c-8df0-ec73f83e8fbc,6f017f37-be96-4bdc-b6d3-0a0429c72e89,6f017f37-be96-4bdc-b6d3-0a0429c72e89,f073a15f-0486-4179-b0a3-dfd0294eb595,f073a15f-0486-4179-b0a3-dfd0294eb595,1,1555.0407172190025,1563.646150147657,0.6496106376014819
2020,2020-08-07 23:00:00+00:00,934f3024-5927-4729-b5ac-0076b9cee6d9,08ed8274-e29f-4248-bc2e-83cc8ed18d75,08ed8274-e29f-4248-bc2e-83cc8ed18d75,5c0d47fe-8539-47b0-9f36-d0b3609ca89b,5c0d47fe-8539-47b0-9f36-d0b3609ca89b,0,1311.9113230532505,1332.1320854558005,0.11736987060322335
2020,2020-08-07 23:00:00+00:00,934f3024-5927-4729-b5ac-0076b9cee6d9,5c0d47fe-8539-47b0-9f36-d0b3609ca89b,5c0d47fe-8539-47b0-9f36-d0b3609ca89b,08ed8274-e29f-4248-bc2e-83cc8ed18d75,08ed8274-e29f-4248-bc2e-83cc8ed18d75,1,1637.4001721021473,1617.1794096995973,0.8826301293967767
2020,2020-08-08 01:00:00+00:00,2ff62a34-04fe-49e3-b4e9-c85188808495,0a5ad38d-2fe3-43ba-894b-1ba3d5042ea9,0a5ad38d-2fe3-43ba-894b-1ba3d5042ea9,171b097d-01db-4ae8-9d56-035689402ec6,FR_LVA_ACES,0,1546.8350856214763,1539.1195721750023,0.42961217707623567
2020,2020-08-08 01:00:00+00:00,2ff62a34-04fe-49e3-b4e9-c85188808495,171b097d-01db-4ae8-9d56-035689402ec6,FR_LVA_ACES,0a5ad38d-2fe3-43ba-894b-1ba3d5042ea9,0a5ad38d-2fe3-43ba-894b-1ba3d5042ea9,1,1571.0725506744313,1578.7880641209053,0.5703878229237643
2020,2020-08-08 16:00:00+00:00,f0c7ced0-5d0e-4f91-8082-b82653dbb5fc,5d70a9af-8c2b-4aec-9e68-9acc6ddb93e4,5d70a9af-8c2b-4aec-9e68-9acc6ddb93e4,5f0b5caf-708b-4300-92f2-53b51d83ec06,5f0b5caf-708b-4300-92f2-53b51d83ec06,0,1386.5211606083046,1371.8667143492705,0.43749078197039304
2020,2020-08-08 16:00:00+00:00,f0c7ced0-5d0e-4f91-8082-b82653dbb5fc,5f0b5caf-708b-4300-92f2-53b51d83ec06,5f0b5caf-708b-4300-92f2-53b51d83ec06,5d70a9af-8c2b-4aec-9e68-9acc6ddb93e4,5d70a9af-8c2b-4aec-9e68-9acc6ddb93e4,1,1405.1854554087054,1419.8399016677395,0.562509218029607
2020,2020-08-08 19:00:00+00:00,274099cf-f66b-4ac2-8314-20fa714d6f36,0699edf3-5993-4182-b9b4-ec935cbd4fcc,0699edf3-5993-4182-b9b4-ec935cbd4fcc,d6a012ed-84aa-48d3-8265-2d3f3ff2199a,d6a012ed-84aa-48d3-8265-2d3f3ff2199a,0,1509.3704288752463,1501.00110094564,0.37373920838059416
2020,2020-08-08 19:00:00+00:00,274099cf-f66b-4ac2-8314-20fa714d6f36,d6a012ed-84aa-48d3-8265-2d3f3ff2199a,d6a012ed-84aa-48d3-8265-2d3f3ff2199a,0699edf3-5993-4182-b9b4-ec935cbd4fcc,0699edf3-5993-4182-b9b4-ec935cbd4fcc,1,1574.04505337587,1582.4143813054764,0.6262607916194058
2020,2020-08-08 21:00:00+00:00,85f40a39-281b-464d-93ff-3993180fef95,3c409388-ab73-4c7f-953d-3a71062240f6,3c409388-ab73-4c7f-953d-3a71062240f6,a015b02d-845c-40c1-8ef4-844984f47e4d,a015b02d-845c-40c1-8ef4-844984f47e4d,0,1559.683772500629,1572.7948120028757,0.5065466280322937
2020,2020-08-08 21:00:00+00:00,85f40a39-281b-464d-93ff-3993180fef95,a015b02d-845c-40c1-8ef4-844984f47e4d,a015b02d-845c-40c1-8ef4-844984f47e4d,3c409388-ab73-4c7f-953d-3a71062240f6,3c409388-ab73-4c7f-953d-3a71062240f6,1,1530.1344494329749,1517.0234099307281,0.4934533719677064
2020,2020-08-09 19:00:00+00:00,3c4140a0-f424-4459-8d6b-08be2f20fc25,6f017f37-be96-4bdc-b6d3-0a0429c72e89,6f017f37-be96-4bdc-b6d3-0a0429c72e89,0a5ad38d-2fe3-43ba-894b-1ba3d5042ea9,0a5ad38d-2fe3-43ba-894b-1ba3d5042ea9,0,1563.646150147657,1538.3569144372084,0.4993186913573805
2020,2020-08-09 19:00:00+00:00,3c4140a0-f424-4459-8d6b-08be2f20fc25,0a5ad38d-2fe3-43ba-894b-1ba3d5042ea9,0a5ad38d-2fe3-43ba-894b-1ba3d5042ea9,6f017f37-be96-4bdc-b6d3-0a0429c72e89,6f017f37-be96-4bdc-b6d3-0a0429c72e89,1,1539.1195721750023,1564.4088078854509,0.5006813086426195
2020,2020-08-09 21:00:00+00:00,a8a827ee-6593-46ec-8998-cd1660b01865,171b097d-01db-4ae8-9d56-035689402ec6,FR_LVA_ACES,08ed8274-e29f-4248-bc2e-83cc8ed18d75,08ed8274-e29f-4248-bc2e-83cc8ed18d75,0,1578.7880641209053,1581.2596524488029,0.7817603356270357
2020,2020-08-09 21:00:00+00:00,a8a827ee-6593-46ec-8998-cd1660b01865,08ed8274-e29f-4248-bc2e-83cc8ed18d75,08ed8274-e29f-4248-bc2e-83cc8ed18d75,171b097d-01db-4ae8-9d56-035689402ec6,FR_LVA_ACES,1,1332.1320854558005,1329.660497127903,0.2182396643729643
2020,2020-08-09 23:00:00+00:00,c0c10ecd-9a92-470d-8559-5fb6a73171ce,5c0d47fe-8539-47b0-9f36-d0b3609ca89b,5c0d47fe-8539-47b0-9f36-d0b3609ca89b,f073a15f-0486-4179-b0a3-dfd0294eb595,f073a15f-0486-4179-b0a3-dfd0294eb595,0,1617.1794096995973,1600.8201901343539,0.6762827808224263
2020,2020-08-09 23:00:00+00:00,c0c10ecd-9a92-470d-8559-5fb6a73171ce,f073a15f-0486-4179-b0a3-dfd0294eb595,f073a15f-0486-4179-b0a3-dfd0294eb595,5c0d47fe-8539-47b0-9f36-d0b3609ca89b,5c0d47fe-8539-47b0-9f36-d0b3609ca89b,1,1464.19439819931,1480.5536177645533,0.3237172191775736
2020,2020-08-10 22:00:00+00:00,05d43e23-7e1e-44e5-aa93-9836efca6f52,a015b02d-845c-40c1-8ef4-844984f47e4d,a015b02d-845c-40c1-8ef4-844984f47e4d,5d70a9af-8c2b-4aec-9e68-9acc6ddb93e4,5d70a9af-8c2b-4aec-9e68-9acc6ddb93e4,0,1517.0234099307281,1528.3876575763604,0.6663399999590922
2020,2020-08-10 22:00:00+00:00,05d43e23-7e1e-44e5-aa93-9836efca6f52,5d70a9af-8c2b-4aec-9e68-9acc6ddb93e4,5d70a9af-8c2b-4aec-9e68-9acc6ddb93e4,a015b02d-845c-40c1-8ef4-844984f47e4d,a015b02d-845c-40c1-8ef4-844984f47e4d,1,1371.8667143492705,1360.5024667036382,0.33366000004090773
2020,2020-08-10 23:00:00+00:00,b39f9b09-2698-4686-8317-642a57a7d30b,0699edf3-5993-4182-b9b4-ec935cbd4fcc,0699edf3-5993-4182-b9b4-ec935cbd4fcc,5f0b5caf-708b-4300-92f2-53b51d83ec06,5f0b5caf-708b-4300-92f2-53b51d83ec06,0,1501.00110094564,1517.0739331568736,0.5801258040636541
2020,2020-08-10 23:00:00+00:00,b39f9b09-2698-4686-8317-642a57a7d30b,5f0b5caf-708b-4300-92f2-53b51d83ec06,5f0b5caf-708b-4300-92f2-53b51d83ec06,0699edf3-5993-4182-b9b4-ec935cbd4fcc,0699edf3-5993-4182-b9b4-ec935cbd4fcc,1,1419.8399016677395,1403.7670694565059,0.4198741959363459
2020,2020-08-11 01:00:00+00:00,7a4c4cdb-5925-493d-9453-0a40d701fe23,3c409388-ab73-4c7f-953d-3a71062240f6,3c409388-ab73-4c7f-953d-3a71062240f6,d6a012ed-84aa-48d3-8265-2d3f3ff2199a,d6a012ed-84aa-48d3-8265-2d3f3ff2199a,0,1572.7948120028757,1548.2552613487198,0.4503426713174441
2020,2020-08-11 01:00:00+00:00,7a4c4cdb-5925-493d-9453-0a40d701fe23,d6a012ed-84aa-48d3-8265-2d3f3ff2199a,d6a012ed-84aa-48d3-8265-2d3f3ff2199a,3c409388-ab73-4c7f-953d-3a71062240f6,3c409388-ab73-4c7f-953d-3a71062240f6,1,1582.4143813054764,1606.9539319596322,0.5496573286825559
2020,2020-08-11 23:00:00+00:00,ed3199a5-5190-4700-ae7c-6067aa208773,171b097d-01db-4ae8-9d56-035689402ec6,FR_LVA_ACES,f073a15f-0486-4179-b0a3-dfd0294eb595,f073a15f-0486-4179-b0a3-dfd0294eb595,0,1581.2596524488029,1602.9847648782106,0.6072575547473698
2020,2020-08-11 23:00:00+00:00,ed3199a5-5190-4700-ae7c-6067aa208773,f073a15f-0486-4179-b0a3-dfd0294eb595,f073a15f-0486-4179-b0a3-dfd0294eb595,171b097d-01db-4ae8-9d56-035689402ec6,FR_LVA_ACES,1,1480.5536177645533,1458.8285053351456,0.3927424452526303
2020,2020-08-12 01:00:00+00:00,7f529292-e4ed-451f-be8c-6e5fa7a0a0fc,5c0d47fe-8539-47b0-9f36-d0b3609ca89b,5c0d47fe-8539-47b0-9f36-d0b3609ca89b,6f017f37-be96-4bdc-b6d3-0a0429c72e89,6f017f37-be96-4bdc-b6d3-0a0429c72e89,0,1600.8201901343539,1567.8477594036901,0.5537060044721407
2020,2020-08-12 01:00:00+00:00,7f529292-e4ed-451f-be8c-6e5fa7a0a0fc,6f017f37-be96-4bdc-b6d3-0a0429c72e89,6f017f37-be96-4bdc-b6d3-0a0429c72e89,5c0d47fe-8539-47b0-9f36-d0b3609ca89b,5c0d47fe-8539-47b0-9f36-d0b3609ca89b,1,1538.3569144372084,1571.3293451678721,0.44629399552785926
2020,2020-08-12 02:00:00+00:00,4aae978b-f829-4abc-8d50-c0a064f6c83b,08ed8274-e29f-4248-bc2e-83cc8ed18d75,08ed8274-e29f-4248-bc2e-83cc8ed18d75,0a5ad38d-2fe3-43ba-894b-1ba3d5042ea9,0a5ad38d-2fe3-43ba-894b-1ba3d5042ea9,0,1329.660497127903,1322.3822848972159,0.18313781034357846
2020,2020-08-12 02:00:00+00:00,4aae978b-f829-4abc-8d50-c0a064f6c83b,0a5ad38d-2fe3-43ba-894b-1ba3d5042ea9,0a5ad38d-2fe3-43ba-894b-1ba3d5042ea9,08ed8274-e29f-4248-bc2e-83cc8ed18d75,08ed8274-e29f-4248-bc2e-83cc8ed18d75,1,1564.4088078854509,1571.687020116138,0.8168621896564215
2020,2020-08-12 23:00:00+00:00,95fbbf3b-cc8a-4b76-a8ce-cef3b9b246a0,5f0b5caf-708b-4300-92f2-53b51d83ec06,5f0b5caf-708b-4300-92f2-53b51d83ec06,a015b02d-845c-40c1-8ef4-844984f47e4d,a015b02d-845c-40c1-8ef4-844984f47e4d,0,1403.7670694565059,1398.8145460912633,0.2970708713630601
2020,2020-08-12 23:00:00+00:00,95fbbf3b-cc8a-4b76-a8ce-cef3b9b246a0,a015b02d-845c-40c1-8ef4-844984f47e4d,a015b02d-845c-40c1-8ef4-844984f47e4d,5f0b5caf-708b-4300-92f2-53b51d83ec06,5f0b5caf-708b-4300-92f2-53b51d83ec06,1,1528.3876575763604,1533.340180941603,0.7029291286369399
2020,2020-08-13 01:00:00+00:00,a1f07dea-907d-4d8a-89f5-43f50df0c341,0699edf3-5993-4182-b9b4-ec935cbd4fcc,0699edf3-5993-4182-b9b4-ec935cbd4fcc,3c409388-ab73-4c7f-953d-3a71062240f6,3c409388-ab73-4c7f-953d-3a71062240f6,0,1517.0739331568736,1494.5738273715428,0.41984597227343323
2020,2020-08-13 01:00:00+00:00,a1f07dea-907d-4d8a-89f5-43f50df0c341,3c409388-ab73-4c7f-953d-3a71062240f6,3c409388-ab73-4c7f-953d-3a71062240f6,0699edf3-5993-4182-b9b4-ec935cbd4fcc,0699edf3-5993-4182-b9b4-ec935cbd4fcc,1,1548.2552613487198,1570.7553671340506,0.5801540277265668
2020,2020-08-13 02:00:00+00:00,608d9ad6-b644-4a09-927a-4becc5392bbe,5d70a9af-8c2b-4aec-9e68-9acc6ddb93e4,5d70a9af-8c2b-4aec-9e68-9acc6ddb93e4,d6a012ed-84aa-48d3-8265-2d3f3ff2199a,d6a012ed-84aa-48d3-8265-2d3f3ff2199a,0,1360.5024667036382,1345.3175068550267,0.17327384558642456
2020,2020-08-13 02:00:00+00:00,608d9ad6-b644-4a09-927a-4becc5392bbe,d6a012ed-84aa-48d3-8265-2d3f3ff2199a,d6a012ed-84aa-48d3-8265-2d3f3ff2199a,5d70a9af-8c2b-4aec-9e68-9acc6ddb93e4,5d70a9af-8c2b-4aec-9e68-9acc6ddb93e4,1,1606.9539319596322,1622.1388918082437,0.8267261544135754
2020,2020-08-13 22:00:00+00:00,409ecf57-957b-4a2d-bccd-166253d36806,f073a15f-0486-4179-b0a3-dfd0294eb595,f073a15f-0486-4179-b0a3-dfd0294eb595,08ed8274-e29f-4248-bc2e-83cc8ed18d75,08ed8274-e29f-4248-bc2e-83cc8ed18d75,0,1458.8285053351456,1467.272942302109,0.6551005962280385
2020,2020-08-13 22:00:00+00:00,409ecf57-957b-4a2d-bccd-166253d36806,08ed8274-e29f-4248-bc2e-83cc8ed18d75,08ed8274-e29f-4248-bc2e-83cc8ed18d75,f073a15f-0486-4179-b0a3-dfd0294eb595,f073a15f-0486-4179-b0a3-dfd0294eb595,1,1322.3822848972159,1313.9378479302525,0.34489940377196154
2020,2020-08-13 23:00:00+00:00,33cfb790-bd61-4603-89f4-e62313af2153,0a5ad38d-2fe3-43ba-894b-1ba3d5042ea9,0a5ad38d-2fe3-43ba-894b-1ba3d5042ea9,5c0d47fe-8539-47b0-9f36-d0b3609ca89b,5c0d47fe-8539-47b0-9f36-d0b3609ca89b,0,1571.687020116138,1599.5049105707096,0.469584847065198
2020,2020-08-13 23:00:00+00:00,33cfb790-bd61-4603-89f4-e62313af2153,5c0d47fe-8539-47b0-9f36-d0b3609ca89b,5c0d47fe-8539-47b0-9f36-d0b3609ca89b,0a5ad38d-2fe3-43ba-894b-1ba3d5042ea9,0a5ad38d-2fe3-43ba-894b-1ba3d5042ea9,1,1567.8477594036901,1540.0298689491185,0.530415152934802
2020,2020-08-14 01:00:00+00:00,46154a70-3f97-4e29-8b7e-b5d8eb760cb9,6f017f37-be96-4bdc-b6d3-0a0429c72e89,6f017f37-be96-4bdc-b6d3-0a0429c72e89,171b097d-01db-4ae8-9d56-035689402ec6,FR_LVA_ACES,0,1571.3293451678721,1557.4278022282908,0.4191813790232266
2020,2020-08-14 01:00:00+00:00,46154a70-3f97-4e29-8b7e-b5d8eb760cb9,171b097d-01db-4ae8-9d56-035689402ec6,FR_LVA_ACES,6f017f37-be96-4bdc-b6d3-0a0429c72e89,6f017f37-be96-4bdc-b6d3-0a0429c72e89,1,1602.9847648782106,1616.886307817792,0.5808186209767734
2020,2020-08-14 23:00:00+00:00,1af411d2-ea86-4442-b933-79d4cb6701ca,a015b02d-845c-40c1-8ef4-844984f47e4d,a015b02d-845c-40c1-8ef4-844984f47e4d,3c409388-ab73-4c7f-953d-3a71062240f6,3c409388-ab73-4c7f-953d-3a71062240f6,0,1533.340180941603,1542.3139984691,0.4111312799396567
2020,2020-08-14 23:00:00+00:00,1af411d2-ea86-4442-b933-79d4cb6701ca,3c409388-ab73-4c7f-953d-3a71062240f6,3c409388-ab73-4c7f-953d-3a71062240f6,a015b02d-845c-40c1-8ef4-844984f47e4d,a015b02d-845c-40c1-8ef4-844984f47e4d,1,1570.7553671340506,1561.7815496065537,0.5888687200603433
2020,2020-08-15 00:00:00+00:00,353f9449-19e0-43f7-b1cd-ccbfc886093c,d6a012ed-84aa-48d3-8265-2d3f3ff2199a,d6a012ed-84aa-48d3-8265-2d3f3ff2199a,5f0b5caf-708b-4300-92f2-53b51d83ec06,5f0b5caf-708b-4300-92f2-53b51d83ec06,0,1622.1388918082437,1633.8360442511791,0.7579818477333402
2020,2020-08-15 00:00:00+00:00,353f9449-19e0-43f7-b1cd-ccbfc886093c,5f0b5caf-708b-4300-92f2-53b51d83ec06,5f0b5caf-708b-4300-92f2-53b51d83ec06,d6a012ed-84aa-48d3-8265-2d3f3ff2199a,d6a012ed-84aa-48d3-8265-2d3f3ff2199a,1,1398.8145460912633,1387.1173936483278,0.24201815226665976
2020,2020-08-15 02:00:00+00:00,d873a9f6-5d35-4523-8f3b-524c3559703d,5d70a9af-8c2b-4aec-9e68-9acc6ddb93e4,5d70a9af-8c2b-4aec-9e68-9acc6ddb93e4,0699edf3-5993-4182-b9b4-ec935cbd4fcc,0699edf3-5993-4182-b9b4-ec935cbd4fcc,0,1345.3175068550267,1333.385397135444,0.2683323581875623
2020,2020-08-15 02:00:00+00:00,d873a9f6-5d35-4523-8f3b-524c3559703d,0699edf3-5993-4182-b9b4-ec935cbd4fcc,0699edf3-5993-4182-b9b4-ec935cbd4fcc,5d70a9af-8c2b-4aec-9e68-9acc6ddb93e4,5d70a9af-8c2b-4aec-9e68-9acc6ddb93e4,1,1494.5738273715428,1506.5059370911256,0.7316676418124377
2020,2020-08-15 16:00:00+00:00,30deae58-0a9d-4f7b-aeab-f438d61849c1,5c0d47fe-8539-47b0-9f36-d0b3609ca89b,5c0d47fe-8539-47b0-9f36-d0b3609ca89b,171b097d-01db-4ae8-9d56-035689402ec6,FR_LVA_ACES,0,1540.0298689491185,1524.1638326033283,0.3574767232230178
2020,2020-08-15 16:00:00+00:00,30deae58-0a9d-4f7b-aeab-f438d61849c1,171b097d-01db-4ae8-9d56-035689402ec6,FR_LVA_ACES,5c0d47fe-8539-47b0-9f36-d0b3609ca89b,5c0d47fe-8539-47b0-9f36-d0b3609ca89b,1,1616.886307817792,1632.7523441635822,0.6425232767769822
2020,2020-08-15 18:00:00+00:00,49bd76bb-0a0e-4aa0-9a07-bbbf5c4fd596,0a5ad38d-2fe3-43ba-894b-1ba3d5042ea9,0a5ad38d-2fe3-43ba-894b-1ba3d5042ea9,f073a15f-0486-4179-b0a3-dfd0294eb595,f073a15f-0486-4179-b0a3-dfd0294eb595,0,1599.5049105707096,1614.1347305325185,0.6495989527850381
2020,2020-08-15 18:00:00+00:00,49bd76bb-0a0e-4aa0-9a07-bbbf5c4fd596,f073a15f-0486-4179-b0a3-dfd0294eb595,f073a15f-0486-4179-b0a3-dfd0294eb595,0a5ad38d-2fe3-43ba-894b-1ba3d5042ea9,0a5ad38d-2fe3-43ba-894b-1ba3d5042ea9,1,1467.272942302109,1452.6431223403001,0.35040104721496185
2020,2020-08-15 22:00:00+00:00,aaca0cd3-a703-442d-b81e-1cd6ca464be7,08ed8274-e29f-4248-bc2e-83cc8ed18d75,08ed8274-e29f-4248-bc2e-83cc8ed18d75,6f017f37-be96-4bdc-b6d3-0a0429c72e89,6f017f37-be96-4bdc-b6d3-0a0429c72e89,0,1313.9378479302525,1301.2079301534284,0.17572956602861156
2020,2020-08-15 22:00:00+00:00,aaca0cd3-a703-442d-b81e-1cd6ca464be7,6f017f37-be96-4bdc-b6d3-0a0429c72e89,6f017f37-be96-4bdc-b6d3-0a0429c72e89,08ed8274-e29f-4248-bc2e-83cc8ed18d75,08ed8274-e29f-4248-bc2e-83cc8ed18d75,1,1557.4278022282908,1570.157720005115,0.8242704339713884
2020,2020-08-16 17:00:00+00:00,1f3797a3-6a50-44ad-953a-84f2bab281a1,5f0b5caf-708b-4300-92f2-53b51d83ec06,5f0b5caf-708b-4300-92f2-53b51d83ec06,0699edf3-5993-4182-b9b4-ec935cbd4fcc,0699edf3-5993-4182-b9b4-ec935cbd4fcc,0,1387.1173936483278,1402.1046442853822,0.3033983137995253
2020,2020-08-16 17:00:00+00:00,1f3797a3-6a50-44ad-953a-84f2bab281a1,0699edf3-5993-4182-b9b4-ec935cbd4fcc,0699edf3-5993-4182-b9b4-ec935cbd4fcc,5f0b5caf-708b-4300-92f2-53b51d83ec06,5f0b5caf-708b-4300-92f2-53b51d83ec06,1,1506.5059370911256,1491.5186864540713,0.6966016862004747
2020,2020-08-16 19:00:00+00:00,f710bcc1-0a57-4a57-a269-f75c02ac6878,d6a012ed-84aa-48d3-8265-2d3f3ff2199a,d6a012ed-84aa-48d3-8265-2d3f3ff2199a,a015b02d-845c-40c1-8ef4-844984f47e4d,a015b02d-845c-40c1-8ef4-844984f47e4d,0,1633.8360442511791,1660.5248496026438,0.5945799928370394
2020,2020-08-16 19:00:00+00:00,f710bcc1-0a57-4a57-a269-f75c02ac6878,a015b02d-845c-40c1-8ef4-844984f47e4d,a015b02d-845c-40c1-8ef4-844984f47e4d,d6a012ed-84aa-48d3-8265-2d3f3ff2199a,d6a012ed-84aa-48d3-8265-2d3f3ff2199a,1,1542.3139984691,1515.6251931176353,0.40542000716296056
2020,2020-08-16 20:00:00+00:00,71dae6d7-1162-4ef9-805c-1660d1de9cf9,3c409388-ab73-4c7f-953d-3a71062240f6,3c409388-ab73-4c7f-953d-3a71062240f6,5d70a9af-8c2b-4aec-9e68-9acc6ddb93e4,5d70a9af-8c2b-4aec-9e68-9acc6ddb93e4,0,1561.7815496065537,1576.9819869632602,0.7632972446059052
2020,2020-08-16 20:00:00+00:00,71dae6d7-1162-4ef9-805c-1660d1de9cf9,5d70a9af-8c2b-4aec-9e68-9acc6ddb93e4,5d70a9af-8c2b-4aec-9e68-9acc6ddb93e4,3c409388-ab73-4c7f-953d-3a71062240f6,3c409388-ab73-4c7f-953d-3a71062240f6,1,1333.385397135444,1318.1849597787375,0.2367027553940948
2020,2020-08-18 23:00:00+00:00,636f5ffc-2155-419d-8f7d-9841224d35c3,f073a15f-0486-4179-b0a3-dfd0294eb595,f073a15f-0486-4179-b0a3-dfd0294eb595,a015b02d-845c-40c1-8ef4-844984f47e4d,a015b02d-845c-40c1-8ef4-844984f47e4d,0,1452.6431223403001,1429.2233729813397,0.376022456932655
2020,2020-08-18 23:00:00+00:00,636f5ffc-2155-419d-8f7d-9841224d35c3,a015b02d-845c-40c1-8ef4-844984f47e4d,a015b02d-845c-40c1-8ef4-844984f47e4d,f073a15f-0486-4179-b0a3-dfd0294eb595,f073a15f-0486-4179-b0a3-dfd0294eb595,1,1515.6251931176353,1539.0449424765957,0.623977543067345
2020,2020-08-19 01:00:00+00:00,f122377f-83e3-4a5c-a2b0-11102a68f36f,171b097d-01db-4ae8-9d56-035689402ec6,FR_LVA_ACES,3c409388-ab73-4c7f-953d-3a71062240f6,3c409388-ab73-4c7f-953d-3a71062240f6,0,1632.7523441635822,1625.6711021940505,0.5441666884043332
2020,2020-08-19 01:00:00+00:00,f122377f-83e3-4a5c-a2b0-11102a68f36f,3c409388-ab73-4c7f-953d-3a71062240f6,3c409388-ab73-4c7f-953d-3a71062240f6,171b097d-01db-4ae8-9d56-035689402ec6,FR_LVA_ACES,1,1576.9819869632602,1584.0632289327918,0.45583331159566676
2020,2020-08-19 02:00:00+00:00,f40300ba-a812-471c-af1e-fee2a49a5406,08ed8274-e29f-4248-bc2e-83cc8ed18d75,08ed8274-e29f-4248-bc2e-83cc8ed18d75,d6a012ed-84aa-48d3-8265-2d3f3ff2199a,d6a012ed-84aa-48d3-8265-2d3f3ff2199a,0,1301.2079301534284,1292.3548191943855,0.0986508342963065
2020,2020-08-19 02:00:00+00:00,f40300ba-a812-471c-af1e-fee2a49a5406,d6a012ed-84aa-48d3-8265-2d3f3ff2199a,d6a012ed-84aa-48d3-8265-2d3f3ff2199a,08ed8274-e29f-4248-bc2e-83cc8ed18d75,08ed8274-e29f-4248-bc2e-83cc8ed18d75,1,1660.5248496026438,1669.3779605616867,0.9013491657036935
2020,2020-08-19 23:00:00+00:00,562d4da6-bfd6-46d4-a471-acc451ab3ce9,5d70a9af-8c2b-4aec-9e68-9acc6ddb93e4,5d70a9af-8c2b-4aec-9e68-9acc6ddb93e4,5c0d47fe-8539-47b0-9f36-d0b3609ca89b,5c0d47fe-8539-47b0-9f36-d0b3609ca89b,0,1318.1849597787375,1313.475866764384,0.20922201793270123
2020,2020-08-19 23:00:00+00:00,562d4da6-bfd6-46d4-a471-acc451ab3ce9,5c0d47fe-8539-47b0-9f36-d0b3609ca89b,5c0d47fe-8539-47b0-9f36-d0b3609ca89b,5d70a9af-8c2b-4aec-9e68-9acc6ddb93e4,5d70a9af-8c2b-4aec-9e68-9acc6ddb93e4,1,1524.1638326033283,1528.8729256176819,0.7907779820672988
2020,2020-08-20 01:00:00+00:00,eae835f4-1de1-4e94-884d-920b8865fa16,5f0b5caf-708b-4300-92f2-53b51d83ec06,5f0b5caf-708b-4300-92f2-53b51d83ec06,6f017f37-be96-4bdc-b6d3-0a0429c72e89,6f017f37-be96-4bdc-b6d3-0a0429c72e89,0,1402.1046442853822,1396.3846403192597,0.24762807949326127
2020,2020-08-20 01:00:00+00:00,eae835f4-1de1-4e94-884d-920b8865fa16,6f017f37-be96-4bdc-b6d3-0a0429c72e89,6f017f37-be96-4bdc-b6d3-0a0429c72e89,5f0b5caf-708b-4300-92f2-53b51d83ec06,5f0b5caf-708b-4300-92f2-53b51d83ec06,1,1570.157720005115,1575.8777239712374,0.7523719205067387
2020,2020-08-20 02:00:00+00:00,cef6f72b-2366-41dc-be84-18e73aa4d9e6,0699edf3-5993-4182-b9b4-ec935cbd4fcc,0699edf3-5993-4182-b9b4-ec935cbd4fcc,0a5ad38d-2fe3-43ba-894b-1ba3d5042ea9,0a5ad38d-2fe3-43ba-894b-1ba3d5042ea9,0,1491.5186864540713,1482.9473455624677,0.2994860887342665
2020,2020-08-20 02:00:00+00:00,cef6f72b-2366-41dc-be84-18e73aa4d9e6,0a5ad38d-2fe3-43ba-894b-1ba3d5042ea9,0a5ad38d-2fe3-43ba-894b-1ba3d5042ea9,0699edf3-5993-4182-b9b4-ec935cbd4fcc,0699edf3-5993-4182-b9b4-ec935cbd4fcc,1,1614.1347305325185,1622.706071424122,0.7005139112657335
2020,2020-08-20 23:00:00+00:00,18ace43c-dc12-4fa8-90ca-092d7d5dd84f,3c409388-ab73-4c7f-953d-3a71062240f6,3c409388-ab73-4c7f-953d-3a71062240f6,08ed8274-e29f-4248-bc2e-83cc8ed18d75,08ed8274-e29f-4248-bc2e-83cc8ed18d75,0,1584.0632289327918,1591.4634204393742,0.8227800101309235
2020,2020-08-20 23:00:00+00:00,18ace43c-dc12-4fa8-90ca-092d7d5dd84f,08ed8274-e29f-4248-bc2e-83cc8ed18d75,08ed8274-e29f-4248-bc2e-83cc8ed18d75,3c409388-ab73-4c7f-953d-3a71062240f6,3c409388-ab73-4c7f-953d-3a71062240f6,1,1292.3548191943855,1284.9546276878032,0.1772199898690765
2020,2020-08-21 00:00:00+00:00,75c4e8e7-588e-4b27-adda-7c6ba4ac8384,d6a012ed-84aa-48d3-8265-2d3f3ff2199a,d6a012ed-84aa-48d3-8265-2d3f3ff2199a,f073a15f-0486-4179-b0a3-dfd0294eb595,f073a15f-0486-4179-b0a3-dfd0294eb595,0,1669.3779605616867,1653.5030228898345,0.7753079252488732
2020,2020-08-21 00:00:00+00:00,75c4e8e7-588e-4b27-adda-7c6ba4ac8384,f073a15f-0486-4179-b0a3-dfd0294eb595,f073a15f-0486-4179-b0a3-dfd0294eb595,d6a012ed-84aa-48d3-8265-2d3f3ff2199a,d6a012ed-84aa-48d3-8265-2d3f3ff2199a,1,1429.2233729813397,1445.098310653192,0.22469207475112687
2020,2020-08-21 02:00:00+00:00,83b01ad2-ef56-4330-ad96-4efff3be363a,a015b02d-845c-40c1-8ef4-844984f47e4d,a015b02d-845c-40c1-8ef4-844984f47e4d,171b097d-01db-4ae8-9d56-035689402ec6,FR_LVA_ACES,0,1539.0449424765957,1518.794720153844,0.3446654056844125
2020,2020-08-21 02:00:00+00:00,83b01ad2-ef56-4330-ad96-4efff3be363a,171b097d-01db-4ae8-9d56-035689402ec6,FR_LVA_ACES,a015b02d-845c-40c1-8ef4-844984f47e4d,a015b02d-845c-40c1-8ef4-844984f47e4d,1,1625.6711021940505,1645.921324516802,0.6553345943155875
2020,2020-08-21 23:00:00+00:00,ca8edbd7-5c07-42b3-895b-2e62f318ea72,0a5ad38d-2fe3-43ba-894b-1ba3d5042ea9,0a5ad38d-2fe3-43ba-894b-1ba3d5042ea9,5d70a9af-8c2b-4aec-9e68-9acc6ddb93e4,5d70a9af-8c2b-4aec-9e68-9acc6ddb93e4,0,1622.706071424122,1626.6013362237438,0.8370118297074278
2020,2020-08-21 23:00:00+00:00,ca8edbd7-5c07-42b3-895b-2e62f318ea72,5d70a9af-8c2b-4aec-9e68-9acc6ddb93e4,5d70a9af-8c2b-4aec-9e68-9acc6ddb93e4,0a5ad38d-2fe3-43ba-894b-1ba3d5042ea9,0a5ad38d-2fe3-43ba-894b-1ba3d5042ea9,1,1313.475866764384,1309.580601964762,0.16298817029257215
2020,2020-08-22 00:00:00+00:00,24c9f58e-0f59-411c-bc85-34e4ebe72120,5c0d47fe-8539-47b0-9f36-d0b3609ca89b,5c0d47fe-8539-47b0-9f36-d0b3609ca89b,5f0b5caf-708b-4300-92f2-53b51d83ec06,5f0b5caf-708b-4300-92f2-53b51d83ec06,0,1528.8729256176819,1509.721829155153,0.6499347274625733
2020,2020-08-22 00:00:00+00:00,24c9f58e-0f59-411c-bc85-34e4ebe72120,5f0b5caf-708b-4300-92f2-53b51d83ec06,5f0b5caf-708b-4300-92f2-53b51d83ec06,5c0d47fe-8539-47b0-9f36-d0b3609ca89b,5c0d47fe-8539-47b0-9f36-d0b3609ca89b,1,1396.3846403192597,1415.5357367817885,0.35006527253742675
2020,2020-08-22 02:00:00+00:00,f9bfca28-6b95-4308-8599-b1e848fb6127,6f017f37-be96-4bdc-b6d3-0a0429c72e89,6f017f37-be96-4bdc-b6d3-0a0429c72e89,0699edf3-5993-4182-b9b4-ec935cbd4fcc,0699edf3-5993-4182-b9b4-ec935cbd4fcc,0,1575.8777239712374,1589.1436616108338,0.596532718154608
2020,2020-08-22 02:00:00+00:00,f9bfca28-6b95-4308-8599-b1e848fb6127,0699edf3-5993-4182-b9b4-ec935cbd4fcc,0699edf3-5993-4182-b9b4-ec935cbd4fcc,6f017f37-be96-4bdc-b6d3-0a0429c72e89,6f017f37-be96-4bdc-b6d3-0a0429c72e89,1,1482.9473455624677,1469.6814079228714,0.40346728184539205
2020,2020-08-22 19:00:00+00:00,cda5c741-035e-4f21-af34-0244127e5bb1,d6a012ed-84aa-48d3-8265-2d3f3ff2199a,d6a012ed-84aa-48d3-8265-2d3f3ff2199a,171b097d-01db-4ae8-9d56-035689402ec6,FR_LVA_ACES,0,1653.5030228898345,1639.7625071959988,0.47495402902254724
2020,2020-08-22 19:00:00+00:00,cda5c741-035e-4f21-af34-0244127e5bb1,171b097d-01db-4ae8-9d56-035689402ec6,FR_LVA_ACES,d6a012ed-84aa-48d3-8265-2d3f3ff2199a,d6a012ed-84aa-48d3-8265-2d3f3ff2199a,1,1645.921324516802,1659.6618402106378,0.5250459709774528
2020,2020-08-22 21:00:00+00:00,14e6a830-6de3-4147-8f89-cdc2cb75ec97,f073a15f-0486-4179-b0a3-dfd0294eb595,f073a15f-0486-4179-b0a3-dfd0294eb595,3c409388-ab73-4c7f-953d-3a71062240f6,3c409388-ab73-4c7f-953d-3a71062240f6,0,1445.098310653192,1436.1806518518422,0.27161248031177354
2020,2020-08-22 21:00:00+00:00,14e6a830-6de3-4147-8f89-cdc2cb75ec97,3c409388-ab73-4c7f-953d-3a71062240f6,3c409388-ab73-4c7f-953d-3a71062240f6,f073a15f-0486-4179-b0a3-dfd0294eb595,f073a15f-0486-4179-b0a3-dfd0294eb595,1,1591.4634204393742,1600.381079240724,0.7283875196882265
2020,2020-08-22 23:00:00+00:00,9bb050f5-c9ad-492e-a1bb-0e8e9c600310,08ed8274-e29f-4248-bc2e-83cc8ed18d75,08ed8274-e29f-4248-bc2e-83cc8ed18d75,a015b02d-845c-40c1-8ef4-844984f47e4d,a015b02d-845c-40c1-8ef4-844984f47e4d,0,1284.9546276878032,1276.8282430064376,0.1839212252106922
2020,2020-08-22 23:00:00+00:00,9bb050f5-c9ad-492e-a1bb-0e8e9c600310,a015b02d-845c-40c1-8ef4-844984f47e4d,a015b02d-845c-40c1-8ef4-844984f47e4d,08ed8274-e29f-4248-bc2e-83cc8ed18d75,08ed8274-e29f-4248-bc2e-83cc8ed18d75,1,1518.794720153844,1526.9211048352097,0.8160787747893078
2020,2020-08-23 20:00:00+00:00,81ee36ce-61e3-4394-90bb-051da067f61b,5d70a9af-8c2b-4aec-9e68-9acc6ddb93e4,5d70a9af-8c2b-4aec-9e68-9acc6ddb93e4,6f017f37-be96-4bdc-b6d3-0a0429c72e89,6f017f37-be96-4bdc-b6d3-0a0429c72e89,0,1309.580601964762,1320.5464704588605,0.14764329610689253
2020,2020-08-23 20:00:00+00:00,81ee36ce-61e3-4394-90bb-051da067f61b,6f017f37-be96-4bdc-b6d3-0a0429c72e89,6f017f37-be96-4bdc-b6d3-0a0429c72e89,5d70a9af-8c2b-4aec-9e68-9acc6ddb93e4,5d70a9af-8c2b-4aec-9e68-9acc6ddb93e4,1,1589.1436616108338,1578.1777931167353,0.8523567038931075
2020,2020-08-23 22:00:00+00:00,e3194f46-d060-4925-bda3-4088bf5b6847,5f0b5caf-708b-4300-92f2-53b51d83ec06,5f0b5caf-708b-4300-92f2-53b51d83ec06,0a5ad38d-2fe3-43ba-894b-1ba3d5042ea9,0a5ad38d-2fe3-43ba-894b-1ba3d5042ea9,0,1415.5357367817885,1412.7845973998903,0.2044186797354446
2020,2020-08-23 22:00:00+00:00,e3194f46-d060-4925-bda3-4088bf5b6847,0a5ad38d-2fe3-43ba-894b-1ba3d5042ea9,0a5ad38d-2fe3-43ba-894b-1ba3d5042ea9,5f0b5caf-708b-4300-92f2-53b51d83ec06,5f0b5caf-708b-4300-92f2-53b51d83ec06,1,1626.6013362237438,1629.352475605642,0.7955813202645554
2020,2020-08-24 00:00:00+00:00,b26ec177-21c0-4fad-852a-7969ceab1361,0699edf3-5993-4182-b9b4-ec935cbd4fcc,0699edf3-5993-4182-b9b4-ec935cbd4fcc,5c0d47fe-8539-47b0-9f36-d0b3609ca89b,5c0d47fe-8539-47b0-9f36-d0b3609ca89b,0,1469.6814079228714,1475.689055051124,0.40747758923859634
2020,2020-08-24 00:00:00+00:00,b26ec177-21c0-4fad-852a-7969ceab1361,5c0d47fe-8539-47b0-9f36-d0b3609ca89b,5c0d47fe-8539-47b0-9f36-d0b3609ca89b,0699edf3-5993-4182-b9b4-ec935cbd4fcc,0699edf3-5993-4182-b9b4-ec935cbd4fcc,1,1509.721829155153,1503.7141820269005,0.5925224107614037
2020,2020-08-25 23:00:00+00:00,d8e5f800-0061-45c6-aa78-acccc5d21c92,08ed8274-e29f-4248-bc2e-83cc8ed18d75,08ed8274-e29f-4248-bc2e-83cc8ed18d75,3c409388-ab73-4c7f-953d-3a71062240f6,3c409388-ab73-4c7f-953d-3a71062240f6,0,1276.8282430064376,1286.0185417044092,0.11852931703101677
2020,2020-08-25 23:00:00+00:00,d8e5f800-0061-45c6-aa78-acccc5d21c92,3c409388-ab73-4c7f-953d-3a71062240f6,3c409388-ab73-4c7f-953d-3a71062240f6,08ed8274-e29f-4248-bc2e-83cc8ed18d75,08ed8274-e29f-4248-bc2e-83cc8ed18d75,1,1600.381079240724,1591.1907805427522,0.8814706829689832
2020,2020-08-26 01:00:00+00:00,6e3da5d7-17ea-42d4-9a98-1a7ea836b5a2,171b097d-01db-4ae8-9d56-035689402ec6,FR_LVA_ACES,5f0b5caf-708b-4300-92f2-53b51d83ec06,5f0b5caf-708b-4300-92f2-53b51d83ec06,0,1659.6618402106378,1663.1181000171312,0.7819775648106086
2020,2020-08-26 01:00:00+00:00,6e3da5d7-17ea-42d4-9a98-1a7ea836b5a2,5f0b5caf-708b-4300-92f2-53b51d83ec06,5f0b5caf-708b-4300-92f2-53b51d83ec06,171b097d-01db-4ae8-9d56-035689402ec6,FR_LVA_ACES,1,1412.7845973998903,1409.328337593397,0.21802243518939132
2020,2020-08-26 02:00:00+00:00,6a064f5d-1bc7-4dc4-a53d-72edc9ff1eda,f073a15f-0486-4179-b0a3-dfd0294eb595,f073a15f-0486-4179-b0a3-dfd0294eb595,d6a012ed-84aa-48d3-8265-2d3f3ff2199a,d6a012ed-84aa-48d3-8265-2d3f3ff2199a,0,1436.1806518518422,1428.5512119710158,0.21151408826679252
2020,2020-08-26 02:00:00+00:00,6a064f5d-1bc7-4dc4-a53d-72edc9ff1eda,d6a012ed-84aa-48d3-8265-2d3f3ff2199a,d6a012ed-84aa-48d3-8265-2d3f3ff2199a,f073a15f-0486-4179-b0a3-dfd0294eb595,f073a15f-0486-4179-b0a3-dfd0294eb595,1,1639.7625071959988,1647.391947076825,0.7884859117332075
2020,2020-08-28 23:00:00+00:00,41c73e33-6ddb-4089-b8e1-5675d44ffb67,6f017f37-be96-4bdc-b6d3-0a0429c72e89,6f017f37-be96-4bdc-b6d3-0a0429c72e89,5d70a9af-8c2b-4aec-9e68-9acc6ddb93e4,5d70a9af-8c2b-4aec-9e68-9acc6ddb93e4,0,1578.1777931167353,1583.7800647170886,0.7923474161819848
2020,2020-08-28 23:00:00+00:00,41c73e33-6ddb-4089-b8e1-5675d44ffb67,5d70a9af-8c2b-4aec-9e68-9acc6ddb93e4,5d70a9af-8c2b-4aec-9e68-9acc6ddb93e4,6f017f37-be96-4bdc-b6d3-0a0429c72e89,6f017f37-be96-4bdc-b6d3-0a0429c72e89,1,1320.5464704588605,1314.9441988585072,0.2076525838180152
2020,2020-08-29 00:00:00+00:00,8325febf-cf8c-4fa6-a026-600ff9848e50,0a5ad38d-2fe3-43ba-894b-1ba3d5042ea9,0a5ad38d-2fe3-43ba-894b-1ba3d5042ea9,a015b02d-845c-40c1-8ef4-844984f47e4d,a015b02d-845c-40c1-8ef4-844984f47e4d,0,1629.352475605642,1636.2144348577094,0.6096237153081735
2020,2020-08-29 00:00:00+00:00,8325febf-cf8c-4fa6-a026-600ff9848e50,a015b02d-845c-40c1-8ef4-844984f47e4d,a015b02d-845c-40c1-8ef4-844984f47e4d,0a5ad38d-2fe3-43ba-894b-1ba3d5042ea9,0a5ad38d-2fe3-43ba-894b-1ba3d5042ea9,1,1526.9211048352097,1520.0591455831423,0.3903762846918265
2020,2020-08-29 02:00:00+00:00,7a4255ef-3492-43d0-8fca-b7132a2886c5,5c0d47fe-8539-47b0-9f36-d0b3609ca89b,5c0d47fe-8539-47b0-9f36-d0b3609ca89b,0699edf3-5993-4182-b9b4-ec935cbd4fcc,0699edf3-5993-4182-b9b4-ec935cbd4fcc,0,1503.7141820269005,1470.1717981590236,0.5043533976613996
2020,2020-08-29 02:00:00+00:00,7a4255ef-3492-43d0-8fca-b7132a2886c5,0699edf3-5993-4182-b9b4-ec935cbd4fcc,0699edf3-5993-4182-b9b4-ec935cbd4fcc,5c0d47fe-8539-47b0-9f36-d0b3609ca89b,5c0d47fe-8539-47b0-9f36-d0b3609ca89b,1,1475.689055051124,1509.2314389190008,0.4956466023386004
2020,2020-08-29 16:00:00+00:00,d127998f-a85d-4765-bf0a-5c6844748bd7,08ed8274-e29f-4248-bc2e-83cc8ed18d75,08ed8274-e29f-4248-bc2e-83cc8ed18d75,171b097d-01db-4ae8-9d56-035689402ec6,FR_LVA_ACES,0,1286.0185417044092,1282.39022235819,0.0899151718395984
2020,2020-08-29 16:00:00+00:00,d127998f-a85d-4765-bf0a-5c6844748bd7,171b097d-01db-4ae8-9d56-035689402ec6,FR_LVA_ACES,08ed8274-e29f-4248-bc2e-83cc8ed18d75,08ed8274-e29f-4248-bc2e-83cc8ed18d75,1,1663.1181000171312,1666.7464193633505,0.9100848281604016
2020,2020-08-29 18:00:00+00:00,5a3785eb-17c1-470f-943e-72fd9b4d0e8c,d6a012ed-84aa-48d3-8265-2d3f3ff2199a,d6a012ed-84aa-48d3-8265-2d3f3ff2199a,3c409388-ab73-4c7f-953d-3a71062240f6,3c409388-ab73-4c7f-953d-3a71062240f6,0,1647.391947076825,1667.5259436035433,0.544781767581922
2020,2020-08-29 18:00:00+00:00,5a3785eb-17c1-470f-943e-72fd9b4d0e8c,3c409388-ab73-4c7f-953d-3a71062240f6,3c409388-ab73-4c7f-953d-3a71062240f6,d6a012ed-84aa-48d3-8265-2d3f3ff2199a,d6a012ed-84aa-48d3-8265-2d3f3ff2199a,1,1591.1907805427522,1571.056784016034,0.45521823241807796
2020,2020-08-29 20:00:00+00:00,a53cd461-8c05-486c-986e-3d7f3234c67c,5f0b5caf-708b-4300-92f2-53b51d83ec06,5f0b5caf-708b-4300-92f2-53b51d83ec06,f073a15f-0486-4179-b0a3-dfd0294eb595,f073a15f-0486-4179-b0a3-dfd0294eb595,0,1409.328337593397,1419.483987913534,0.43669964506420456
2020,2020-08-29 20:00:00+00:00,a53cd461-8c05-486c-986e-3d7f3234c67c,f073a15f-0486-4179-b0a3-dfd0294eb595,f073a15f-0486-4179-b0a3-dfd0294eb595,5f0b5caf-708b-4300-92f2-53b51d83ec06,5f0b5caf-708b-4300-92f2-53b51d83ec06,1,1428.5512119710158,1418.3955616508788,0.5633003549357954
2020,2020-08-30 20:00:00+00:00,0ff80e9a-00ac-4e3e-8d04-29c21cb56deb,a015b02d-845c-40c1-8ef4-844984f47e4d,a015b02d-845c-40c1-8ef4-844984f47e4d,5c0d47fe-8539-47b0-9f36-d0b3609ca89b,5c0d47fe-8539-47b0-9f36-d0b3609ca89b,0,1520.0591455831423,1539.4802753040385,0.5357546396152562
2020,2020-08-30 20:00:00+00:00,0ff80e9a-00ac-4e3e-8d04-29c21cb56deb,5c0d47fe-8539-47b0-9f36-d0b3609ca89b,5c0d47fe-8539-47b0-9f36-d0b3609ca89b,a015b02d-845c-40c1-8ef4-844984f47e4d,a015b02d-845c-40c1-8ef4-844984f47e4d,1,1470.1717981590236,1450.7506684381274,0.46424536038474384
2020,2020-08-30 22:00:00+00:00,e7b98f2b-c4d3-46d7-9356-b2500344627e,0699edf3-5993-4182-b9b4-ec935cbd4fcc,0699edf3-5993-4182-b9b4-ec935cbd4fcc,6f017f37-be96-4bdc-b6d3-0a0429c72e89,6f017f37-be96-4bdc-b6d3-0a0429c72e89,0,1509.2314389190008,1520.2876373952279,0.3605338231367198
2020,2020-08-30 22:00:00+00:00,e7b98f2b-c4d3-46d7-9356-b2500344627e,6f017f37-be96-4bdc-b6d3-0a0429c72e89,6f017f37-be96-4bdc-b6d3-0a0429c72e89,0699edf3-5993-4182-b9b4-ec935cbd4fcc,0699edf3-5993-4182-b9b4-ec935cbd4fcc,1,1583.7800647170886,1572.7238662408615,0.6394661768632802
2020,2020-08-31 00:00:00+00:00,c3dd9a15-368a-4877-8b80-8f4193b6ee66,5d70a9af-8c2b-4aec-9e68-9acc6ddb93e4,5d70a9af-8c2b-4aec-9e68-9acc6ddb93e4,0a5ad38d-2fe3-43ba-894b-1ba3d5042ea9,0a5ad38d-2fe3-43ba-894b-1ba3d5042ea9,0,1314.9441988585072,1312.9410451232786,0.11990905071285407
2020,2020-08-31 00:00:00+00:00,c3dd9a15-368a-4877-8b80-8f4193b6ee66,0a5ad38d-2fe3-43ba-894b-1ba3d5042ea9,0a5ad38d-2fe3-43ba-894b-1ba3d5042ea9,5d70a9af-8c2b-4aec-9e68-9acc6ddb93e4,5d70a9af-8c2b-4aec-9e68-9acc6ddb93e4,1,1636.2144348577094,1638.217588592938,0.8800909492871459
2020,2020-08-31 22:00:00+00:00,12318b7f-2dbf-4ec9-8d11-e786321f4f03,3c409388-ab73-4c7f-953d-3a71062240f6,3c409388-ab73-4c7f-953d-3a71062240f6,f073a15f-0486-4179-b0a3-dfd0294eb595,f073a15f-0486-4179-b0a3-dfd0294eb595,0,1571.056784016034,1591.4470423137984,0.6758745980287771
2020,2020-08-31 22:00:00+00:00,12318b7f-2dbf-4ec9-8d11-e786321f4f03,f073a15f-0486-4179-b0a3-dfd0294eb595,f073a15f-0486-4179-b0a3-dfd0294eb595,3c409388-ab73-4c7f-953d-3a71062240f6,3c409388-ab73-4c7f-953d-3a71062240f6,1,1418.3955616508788,1398.0053033531144,0.32412540197122286
2020,2020-09-01 02:00:00+00:00,8face634-7d0a-4d1e-896c-f27befbfa5d4,0a5ad38d-2fe3-43ba-894b-1ba3d5042ea9,0a5ad38d-2fe3-43ba-894b-1ba3d5042ea9,6f017f37-be96-4bdc-b6d3-0a0429c72e89,6f017f37-be96-4bdc-b6d3-0a0429c72e89,0,1638.217588592938,1607.9494138268778,0.5580127074665175
2020,2020-09-01 02:00:00+00:00,8face634-7d0a-4d1e-896c-f27befbfa5d4,6f017f37-be96-4bdc-b6d3-0a0429c72e89,6f017f37-be96-4bdc-b6d3-0a0429c72e89,0a5ad38d-2fe3-43ba-894b-1ba3d5042ea9,0a5ad38d-2fe3-43ba-894b-1ba3d5042ea9,1,1572.7238662408615,1602.9920410069217,0.4419872925334825
2020,2020-09-01 23:00:00+00:00,913e9e0b-7950-4294-ad1d-123b06d29da5,a015b02d-845c-40c1-8ef4-844984f47e4d,a015b02d-845c-40c1-8ef4-844984f47e4d,08ed8274-e29f-4248-bc2e-83cc8ed18d75,08ed8274-e29f-4248-bc2e-83cc8ed18d75,0,1539.4802753040385,1543.225719374184,0.79183429749146
2020,2020-09-01 23:00:00+00:00,913e9e0b-7950-4294-ad1d-123b06d29da5,08ed8274-e29f-4248-bc2e-83cc8ed18d75,08ed8274-e29f-4248-bc2e-83cc8ed18d75,a015b02d-845c-40c1-8ef4-844984f47e4d,a015b02d-845c-40c1-8ef4-844984f47e4d,1,1282.39022235819,1278.6447782880443,0.20816570250854008
2020,2020-09-02 00:00:00+00:00,0638a5ae-d203-49b9-a172-3e45d55c3d39,f073a15f-0486-4179-b0a3-dfd0294eb595,f073a15f-0486-4179-b0a3-dfd0294eb595,5d70a9af-8c2b-4aec-9e68-9acc6ddb93e4,5d70a9af-8c2b-4aec-9e68-9acc6ddb93e4,0,1398.0053033531144,1375.6556955685815,0.585588446879438
2020,2020-09-02 00:00:00+00:00,0638a5ae-d203-49b9-a172-3e45d55c3d39,5d70a9af-8c2b-4aec-9e68-9acc6ddb93e4,5d70a9af-8c2b-4aec-9e68-9acc6ddb93e4,f073a15f-0486-4179-b0a3-dfd0294eb595,f073a15f-0486-4179-b0a3-dfd0294eb595,1,1312.9410451232786,1335.2906529078116,0.414411553120562
2020,2020-09-02 02:00:00+00:00,1108096e-1704-420b-ada4-6e6b5342b7a8,0699edf3-5993-4182-b9b4-ec935cbd4fcc,0699edf3-5993-4182-b9b4-ec935cbd4fcc,171b097d-01db-4ae8-9d56-035689402ec6,FR_LVA_ACES,0,1520.2876373952279,1537.3708900531408,0.27150581454488265
2020,2020-09-02 02:00:00+00:00,1108096e-1704-420b-ada4-6e6b5342b7a8,171b097d-01db-4ae8-9d56-035689402ec6,FR_LVA_ACES,0699edf3-5993-4182-b9b4-ec935cbd4fcc,0699edf3-5993-4182-b9b4-ec935cbd4fcc,1,1666.7464193633505,1649.6631667054376,0.7284941854551173
2020,2020-09-02 23:00:00+00:00,c74eaaab-1fab-4954-8909-08715cbc06a3,6f017f37-be96-4bdc-b6d3-0a0429c72e89,6f017f37-be96-4bdc-b6d3-0a0429c72e89,3c409388-ab73-4c7f-953d-3a71062240f6,3c409388-ab73-4c7f-953d-3a71062240f6,0,1602.9920410069217,1611.2132064401965,0.4806463708378902
2020,2020-09-02 23:00:00+00:00,c74eaaab-1fab-4954-8909-08715cbc06a3,3c409388-ab73-4c7f-953d-3a71062240f6,3c409388-ab73-4c7f-953d-3a71062240f6,6f017f37-be96-4bdc-b6d3-0a0429c72e89,6f017f37-be96-4bdc-b6d3-0a0429c72e89,1,1591.4470423137984,1583.2258768805236,0.5193536291621098
2020,2020-09-03 00:00:00+00:00,13d8511b-9cb8-440c-9f3a-fce309353659,0a5ad38d-2fe3-43ba-894b-1ba3d5042ea9,0a5ad38d-2fe3-43ba-894b-1ba3d5042ea9,5f0b5caf-708b-4300-92f2-53b51d83ec06,5f0b5caf-708b-4300-92f2-53b51d83ec06,0,1607.9494138268778,1615.2310938342903,0.7192981018261304
2020,2020-09-03 00:00:00+00:00,13d8511b-9cb8-440c-9f3a-fce309353659,5f0b5caf-708b-4300-92f2-53b51d83ec06,5f0b5caf-708b-4300-92f2-53b51d83ec06,0a5ad38d-2fe3-43ba-894b-1ba3d5042ea9,0a5ad38d-2fe3-43ba-894b-1ba3d5042ea9,1,1419.483987913534,1412.2023079061216,0.28070189817386954
2020,2020-09-03 02:00:00+00:00,650b98a6-33cd-44b9-b59c-40b732d895dc,5c0d47fe-8539-47b0-9f36-d0b3609ca89b,5c0d47fe-8539-47b0-9f36-d0b3609ca89b,d6a012ed-84aa-48d3-8265-2d3f3ff2199a,d6a012ed-84aa-48d3-8265-2d3f3ff2199a,0,1450.7506684381274,1446.3012654909323,0.19912527917620781
2020,2020-09-03 02:00:00+00:00,650b98a6-33cd-44b9-b59c-40b732d895dc,d6a012ed-84aa-48d3-8265-2d3f3ff2199a,d6a012ed-84aa-48d3-8265-2d3f3ff2199a,5c0d47fe-8539-47b0-9f36-d0b3609ca89b,5c0d47fe-8539-47b0-9f36-d0b3609ca89b,1,1667.5259436035433,1671.9753465507383,0.8008747208237922
2020,2020-09-03 22:30:00+00:00,33064bb2-8a5d-4639-b1fc-fc8f884fdcbd,5d70a9af-8c2b-4aec-9e68-9acc6ddb93e4,5d70a9af-8c2b-4aec-9e68-9acc6ddb93e4,08ed8274-e29f-4248-bc2e-83cc8ed18d75,08ed8274-e29f-4248-bc2e-83cc8ed18d75,0,1335.2906529078116,1345.9312704579927,0.5454165471134566
2020,2020-09-03 22:30:00+00:00,33064bb2-8a5d-4639-b1fc-fc8f884fdcbd,08ed8274-e29f-4248-bc2e-83cc8ed18d75,08ed8274-e29f-4248-bc2e-83cc8ed18d75,5d70a9af-8c2b-4aec-9e68-9acc6ddb93e4,5d70a9af-8c2b-4aec-9e68-9acc6ddb93e4,1,1278.6447782880443,1268.0041607378632,0.45458345288654345
2020,2020-09-04 00:00:00+00:00,eaed33ca-3326-4e09-952e-7357d0b9a211,171b097d-01db-4ae8-9d56-035689402ec6,FR_LVA_ACES,a015b02d-845c-40c1-8ef4-844984f47e4d,a015b02d-845c-40c1-8ef4-844984f47e4d,0,1649.6631667054376,1667.0084331643764,0.6150977117105041
2020,2020-09-04 00:00:00+00:00,eaed33ca-3326-4e09-952e-7357d0b9a211,a015b02d-845c-40c1-8ef4-844984f47e4d,a015b02d-845c-40c1-8ef4-844984f47e4d,171b097d-01db-4ae8-9d56-035689402ec6,FR_LVA_ACES,1,1543.225719374184,1525.8804529152453,0.38490228828949585
2020,2020-09-04 02:00:00+00:00,641cf66c-6a4a-4835-a549-deb2d2a65e2c,f073a15f-0486-4179-b0a3-dfd0294eb595,f073a15f-0486-4179-b0a3-dfd0294eb595,0699edf3-5993-4182-b9b4-ec935cbd4fcc,0699edf3-5993-4182-b9b4-ec935cbd4fcc,0,1375.6556955685815,1359.7138483065924,0.2544877132161294
2020,2020-09-04 02:00:00+00:00,641cf66c-6a4a-4835-a549-deb2d2a65e2c,0699edf3-5993-4182-b9b4-ec935cbd4fcc,0699edf3-5993-4182-b9b4-ec935cbd4fcc,f073a15f-0486-4179-b0a3-dfd0294eb595,f073a15f-0486-4179-b0a3-dfd0294eb595,1,1537.3708900531408,1553.3127373151299,0.7455122867838706
2020,2020-09-04 23:00:00+00:00,e30b4dc9-79f8-4d06-99c4-bc3183d26320,3c409388-ab73-4c7f-953d-3a71062240f6,3c409388-ab73-4c7f-953d-3a71062240f6,5c0d47fe-8539-47b0-9f36-d0b3609ca89b,5c0d47fe-8539-47b0-9f36-d0b3609ca89b,0,1583.2258768805236,1562.3622818612143,0.6557225432045206
2020,2020-09-04 23:00:00+00:00,e30b4dc9-79f8-4d06-99c4-bc3183d26320,5c0d47fe-8539-47b0-9f36-d0b3609ca89b,5c0d47fe-8539-47b0-9f36-d0b3609ca89b,3c409388-ab73-4c7f-953d-3a71062240f6,3c409388-ab73-4c7f-953d-3a71062240f6,1,1446.3012654909323,1467.1648605102416,0.3442774567954794
2020,2020-09-05 00:00:00+00:00,b3d34e50-4eca-4a53-9d34-51b14c1dca94,6f017f37-be96-4bdc-b6d3-0a0429c72e89,6f017f37-be96-4bdc-b6d3-0a0429c72e89,5f0b5caf-708b-4300-92f2-53b51d83ec06,5f0b5caf-708b-4300-92f2-53b51d83ec06,0,1611.2132064401965,1621.2734222071797,0.7313901832414662
2020,2020-09-05 00:00:00+00:00,b3d34e50-4eca-4a53-9d34-51b14c1dca94,5f0b5caf-708b-4300-92f2-53b51d83ec06,5f0b5caf-708b-4300-92f2-53b51d83ec06,6f017f37-be96-4bdc-b6d3-0a0429c72e89,6f017f37-be96-4bdc-b6d3-0a0429c72e89,1,1412.2023079061216,1402.1420921391384,0.2686098167585338
2020,2020-09-05 02:00:00+00:00,f79a00e7-c333-4561-a013-b903bc9c54c3,d6a012ed-84aa-48d3-8265-2d3f3ff2199a,d6a012ed-84aa-48d3-8265-2d3f3ff2199a,0a5ad38d-2fe3-43ba-894b-1ba3d5042ea9,0a5ad38d-2fe3-43ba-894b-1ba3d5042ea9,0,1671.9753465507383,1676.7026863580134,0.5455569528540725
2020,2020-09-05 02:00:00+00:00,f79a00e7-c333-4561-a013-b903bc9c54c3,0a5ad38d-2fe3-43ba-894b-1ba3d5042ea9,0a5ad38d-2fe3-43ba-894b-1ba3d5042ea9,d6a012ed-84aa-48d3-8265-2d3f3ff2199a,d6a012ed-84aa-48d3-8265-2d3f3ff2199a,1,1615.2310938342903,1610.5037540270152,0.45444304714592754
2020,2020-09-05 20:00:00+00:00,e2edf495-6922-4d1b-855e-dde330e372c0,a015b02d-845c-40c1-8ef4-844984f47e4d,a015b02d-845c-40c1-8ef4-844984f47e4d,f073a15f-0486-4179-b0a3-dfd0294eb595,f073a15f-0486-4179-b0a3-dfd0294eb595,0,1525.8804529152453,1542.0810357845949,0.6926675927768094
2020,2020-09-05 20:00:00+00:00,e2edf495-6922-4d1b-855e-dde330e372c0,f073a15f-0486-4179-b0a3-dfd0294eb595,f073a15f-0486-4179-b0a3-dfd0294eb595,a015b02d-845c-40c1-8ef4-844984f47e4d,a015b02d-845c-40c1-8ef4-844984f47e4d,1,1359.7138483065924,1343.5132654372428,0.30733240722319055
2020,2020-09-05 22:00:00+00:00,783a72a2-cbee-4b7e-a045-5bd64455357d,171b097d-01db-4ae8-9d56-035689402ec6,FR_LVA_ACES,5d70a9af-8c2b-4aec-9e68-9acc6ddb93e4,5d70a9af-8c2b-4aec-9e68-9acc6ddb93e4,0,1667.0084331643764,1671.3218480597695,0.8461029477758834
2020,2020-09-05 22:00:00+00:00,783a72a2-cbee-4b7e-a045-5bd64455357d,5d70a9af-8c2b-4aec-9e68-9acc6ddb93e4,5d70a9af-8c2b-4aec-9e68-9acc6ddb93e4,171b097d-01db-4ae8-9d56-035689402ec6,FR_LVA_ACES,1,1345.9312704579927,1341.6178555625995,0.15389705222411665
2020,2020-09-06 00:00:00+00:00,c1f726b0-d103-4b0f-b881-f3afaf599458,08ed8274-e29f-4248-bc2e-83cc8ed18d75,08ed8274-e29f-4248-bc2e-83cc8ed18d75,0699edf3-5993-4182-b9b4-ec935cbd4fcc,0699edf3-5993-4182-b9b4-ec935cbd4fcc,0,1268.0041607378632,1262.1782631323836,0.14352944210669927
2020,2020-09-06 00:00:00+00:00,c1f726b0-d103-4b0f-b881-f3afaf599458,0699edf3-5993-4182-b9b4-ec935cbd4fcc,0699edf3-5993-4182-b9b4-ec935cbd4fcc,08ed8274-e29f-4248-bc2e-83cc8ed18d75,08ed8274-e29f-4248-bc2e-83cc8ed18d75,1,1553.3127373151299,1559.1386349206095,0.8564705578933007
2020,2020-09-06 20:00:00+00:00,b1accb39-fa76-472d-ba27-59185ef65adb,5f0b5caf-708b-4300-92f2-53b51d83ec06,5f0b5caf-708b-4300-92f2-53b51d83ec06,5c0d47fe-8539-47b0-9f36-d0b3609ca89b,5c0d47fe-8539-47b0-9f36-d0b3609ca89b,0,1402.1420921391384,1417.7321193716177,0.37327025646856327
2020,2020-09-06 20:00:00+00:00,b1accb39-fa76-472d-ba27-59185ef65adb,5c0d47fe-8539-47b0-9f36-d0b3609ca89b,5c0d47fe-8539-47b0-9f36-d0b3609ca89b,5f0b5caf-708b-4300-92f2-53b51d83ec06,5f0b5caf-708b-4300-92f2-53b51d83ec06,1,1467.1648605102416,1451.5748332777623,0.6267297435314367
2020,2020-09-06 22:00:00+00:00,041e4be6-960f-491d-9a94-f2c5eb364e28,d6a012ed-84aa-48d3-8265-2d3f3ff2199a,d6a012ed-84aa-48d3-8265-2d3f3ff2199a,6f017f37-be96-4bdc-b6d3-0a0429c72e89,6f017f37-be96-4bdc-b6d3-0a0429c72e89,0,1676.7026863580134,1698.0855339064435,0.543679604135237
2020,2020-09-06 22:00:00+00:00,041e4be6-960f-491d-9a94-f2c5eb364e28,6f017f37-be96-4bdc-b6d3-0a0429c72e89,6f017f37-be96-4bdc-b6d3-0a0429c72e89,d6a012ed-84aa-48d3-8265-2d3f3ff2199a,d6a012ed-84aa-48d3-8265-2d3f3ff2199a,1,1621.2734222071797,1599.8905746587495,0.45632039586476303
2020,2020-09-07 00:00:00+00:00,935c6321-b057-4a3a-87dd-460d1d05974f,3c409388-ab73-4c7f-953d-3a71062240f6,3c409388-ab73-4c7f-953d-3a71062240f6,0a5ad38d-2fe3-43ba-894b-1ba3d5042ea9,0a5ad38d-2fe3-43ba-894b-1ba3d5042ea9,0,1562.3622818612143,1553.3775547992564,0.39626883305890337
2020,2020-09-07 00:00:00+00:00,935c6321-b057-4a3a-87dd-460d1d05974f,0a5ad38d-2fe3-43ba-894b-1ba3d5042ea9,0a5ad38d-2fe3-43ba-894b-1ba3d5042ea9,3c409388-ab73-4c7f-953d-3a71062240f6,3c409388-ab73-4c7f-953d-3a71062240f6,1,1610.5037540270152,1619.4884810889732,0.6037311669410966
2020,2020-09-07 22:00:00+00:00,9f035831-2812-41fb-9300-276ff7019a9b,a015b02d-845c-40c1-8ef4-844984f47e4d,a015b02d-845c-40c1-8ef4-844984f47e4d,0699edf3-5993-4182-b9b4-ec935cbd4fcc,0699edf3-5993-4182-b9b4-ec935cbd4fcc,0,1542.0810357845949,1568.0968342833391,0.43976816420176634
2020,2020-09-07 22:00:00+00:00,9f035831-2812-41fb-9300-276ff7019a9b,0699edf3-5993-4182-b9b4-ec935cbd4fcc,0699edf3-5993-4182-b9b4-ec935cbd4fcc,a015b02d-845c-40c1-8ef4-844984f47e4d,a015b02d-845c-40c1-8ef4-844984f47e4d,1,1559.1386349206095,1533.1228364218653,0.5602318357982337
2020,2020-09-08 23:00:00+00:00,fab24d90-a57f-4146-b317-d119a3a296cd,0a5ad38d-2fe3-43ba-894b-1ba3d5042ea9,0a5ad38d-2fe3-43ba-894b-1ba3d5042ea9,08ed8274-e29f-4248-bc2e-83cc8ed18d75,08ed8274-e29f-4248-bc2e-83cc8ed18d75,0,1619.4884810889732,1627.348095894094,0.871348115703323
2020,2020-09-08 23:00:00+00:00,fab24d90-a57f-4146-b317-d119a3a296cd,08ed8274-e29f-4248-bc2e-83cc8ed18d75,08ed8274-e29f-4248-bc2e-83cc8ed18d75,0a5ad38d-2fe3-43ba-894b-1ba3d5042ea9,0a5ad38d-2fe3-43ba-894b-1ba3d5042ea9,1,1262.1782631323836,1254.3186483272627,0.12865188429667695
2020,2020-09-09 00:00:00+00:00,cec10c18-a59d-496a-8fe4-2e6a17f40fe9,6f017f37-be96-4bdc-b6d3-0a0429c72e89,6f017f37-be96-4bdc-b6d3-0a0429c72e89,5c0d47fe-8539-47b0-9f36-d0b3609ca89b,5c0d47fe-8539-47b0-9f36-d0b3609ca89b,0,1599.8905746587495,1590.1277684852894,0.6703707699032212
2020,2020-09-09 00:00:00+00:00,cec10c18-a59d-496a-8fe4-2e6a17f40fe9,5c0d47fe-8539-47b0-9f36-d0b3609ca89b,5c0d47fe-8539-47b0-9f36-d0b3609ca89b,6f017f37-be96-4bdc-b6d3-0a0429c72e89,6f017f37-be96-4bdc-b6d3-0a0429c72e89,1,1451.5748332777623,1461.3376394512225,0.3296292300967788
2020,2020-09-09 02:00:00+00:00,24c10736-fc72-41a5-9163-a69a5f309bff,f073a15f-0486-4179-b0a3-dfd0294eb595,f073a15f-0486-4179-b0a3-dfd0294eb595,171b097d-01db-4ae8-9d56-035689402ec6,FR_LVA_ACES,0,1343.5132654372428,1341.342196784579,0.11599358233174295
2020,2020-09-09 02:00:00+00:00,24c10736-fc72-41a5-9163-a69a5f309bff,171b097d-01db-4ae8-9d56-035689402ec6,FR_LVA_ACES,f073a15f-0486-4179-b0a3-dfd0294eb595,f073a15f-0486-4179-b0a3-dfd0294eb595,1,1671.3218480597695,1673.4929167124333,0.884006417668257
2020,2020-09-09 23:00:00+00:00,345c209d-90dc-489a-9e43-35abf9a44756,0699edf3-5993-4182-b9b4-ec935cbd4fcc,0699edf3-5993-4182-b9b4-ec935cbd4fcc,a015b02d-845c-40c1-8ef4-844984f47e4d,a015b02d-845c-40c1-8ef4-844984f47e4d,0,1533.1228364218653,1545.0408816806628,0.41453764771146007
2020,2020-09-09 23:00:00+00:00,345c209d-90dc-489a-9e43-35abf9a44756,a015b02d-845c-40c1-8ef4-844984f47e4d,a015b02d-845c-40c1-8ef4-844984f47e4d,0699edf3-5993-4182-b9b4-ec935cbd4fcc,0699edf3-5993-4182-b9b4-ec935cbd4fcc,1,1568.0968342833391,1556.1787890245416,0.5854623522885399
2020,2020-09-10 00:00:00+00:00,127dd9b4-8ca2-4bf5-b690-2ec43136ebd5,5d70a9af-8c2b-4aec-9e68-9acc6ddb93e4,5d70a9af-8c2b-4aec-9e68-9acc6ddb93e4,3c409388-ab73-4c7f-953d-3a71062240f6,3c409388-ab73-4c7f-953d-3a71062240f6,0,1341.6178555625995,1361.2545951930563,0.2037696425372829
2020,2020-09-10 00:00:00+00:00,127dd9b4-8ca2-4bf5-b690-2ec43136ebd5,3c409388-ab73-4c7f-953d-3a71062240f6,3c409388-ab73-4c7f-953d-3a71062240f6,5d70a9af-8c2b-4aec-9e68-9acc6ddb93e4,5d70a9af-8c2b-4aec-9e68-9acc6ddb93e4,1,1553.3775547992564,1533.7408151687996,0.7962303574627171
2020,2020-09-10 02:00:00+00:00,7f7f461d-078a-4209-8a85-1e1f116da876,5f0b5caf-708b-4300-92f2-53b51d83ec06,5f0b5caf-708b-4300-92f2-53b51d83ec06,d6a012ed-84aa-48d3-8265-2d3f3ff2199a,d6a012ed-84aa-48d3-8265-2d3f3ff2199a,0,1417.7321193716177,1413.0042015005629,0.14707166408770578
2020,2020-09-10 02:00:00+00:00,7f7f461d-078a-4209-8a85-1e1f116da876,d6a012ed-84aa-48d3-8265-2d3f3ff2199a,d6a012ed-84aa-48d3-8265-2d3f3ff2199a,5f0b5caf-708b-4300-92f2-53b51d83ec06,5f0b5caf-708b-4300-92f2-53b51d83ec06,1,1698.0855339064435,1702.8134517774984,0.8529283359122942
2020,2020-09-10 23:00:00+00:00,d537a1ea-d54f-44e4-8ad3-5c53b6e4d11e,08ed8274-e29f-4248-bc2e-83cc8ed18d75,08ed8274-e29f-4248-bc2e-83cc8ed18d75,f073a15f-0486-4179-b0a3-dfd0294eb595,f073a15f-0486-4179-b0a3-dfd0294eb595,0,1254.3186483272627,1243.3694111497448,0.34414889707900687
2020,2020-09-10 23:00:00+00:00,d537a1ea-d54f-44e4-8ad3-5c53b6e4d11e,f073a15f-0486-4179-b0a3-dfd0294eb595,f073a15f-0486-4179-b0a3-dfd0294eb595,08ed8274-e29f-4248-bc2e-83cc8ed18d75,08ed8274-e29f-4248-bc2e-83cc8ed18d75,1,1341.342196784579,1352.291433962097,0.6558511029209931
2020,2020-09-11 00:00:00+00:00,f4c069c6-0943-433d-98ce-ac2d1a25c003,171b097d-01db-4ae8-9d56-035689402ec6,FR_LVA_ACES,6f017f37-be96-4bdc-b6d3-0a0429c72e89,6f017f37-be96-4bdc-b6d3-0a0429c72e89,0,1673.4929167124333,1692.606254789366,0.5832129098976413
2020,2020-09-11 00:00:00+00:00,f4c069c6-0943-433d-98ce-ac2d1a25c003,6f017f37-be96-4bdc-b6d3-0a0429c72e89,6f017f37-be96-4bdc-b6d3-0a0429c72e89,171b097d-01db-4ae8-9d56-035689402ec6,FR_LVA_ACES,1,1590.1277684852894,1571.0144304083567,0.4167870901023587
2020,2020-09-11 02:00:00+00:00,056130e9-4825-4d27-9415-cb6aa596cc89,5c0d47fe-8539-47b0-9f36-d0b3609ca89b,5c0d47fe-8539-47b0-9f36-d0b3609ca89b,0a5ad38d-2fe3-43ba-894b-1ba3d5042ea9,0a5ad38d-2fe3-43ba-894b-1ba3d5042ea9,0,1461.3376394512225,1480.4259172946556,0.24982523723980143
2020,2020-09-11 02:00:00+00:00,056130e9-4825-4d27-9415-cb6aa596cc89,0a5ad38d-2fe3-43ba-894b-1ba3d5042ea9,0a5ad38d-2fe3-43ba-894b-1ba3d5042ea9,5c0d47fe-8539-47b0-9f36-d0b3609ca89b,5c0d47fe-8539-47b0-9f36-d0b3609ca89b,1,1627.348095894094,1608.259818050661,0.7501747627601986
2020,2020-09-11 23:00:00+00:00,5fb09f6f-6186-41d2-8dd1-5e36bcd7cf0b,5d70a9af-8c2b-4aec-9e68-9acc6ddb93e4,5d70a9af-8c2b-4aec-9e68-9acc6ddb93e4,a015b02d-845c-40c1-8ef4-844984f47e4d,a015b02d-845c-40c1-8ef4-844984f47e4d,0,1361.2545951930563,1378.9438236076844,0.2199452554938015
2020,2020-09-11 23:00:00+00:00,5fb09f6f-6186-41d2-8dd1-5e36bcd7cf0b,a015b02d-845c-40c1-8ef4-844984f47e4d,a015b02d-845c-40c1-8ef4-844984f47e4d,5d70a9af-8c2b-4aec-9e68-9acc6ddb93e4,5d70a9af-8c2b-4aec-9e68-9acc6ddb93e4,1,1556.1787890245416,1538.4895606099135,0.7800547445061985
2020,2020-09-12 00:00:00+00:00,19c0fb8f-f404-474d-8ad9-7af7335bf5e5,3c409388-ab73-4c7f-953d-3a71062240f6,3c409388-ab73-4c7f-953d-3a71062240f6,5f0b5caf-708b-4300-92f2-53b51d83ec06,5f0b5caf-708b-4300-92f2-53b51d83ec06,0,1533.7408151687996,1542.796778747939,0.6343917471851848
2020,2020-09-12 00:00:00+00:00,19c0fb8f-f404-474d-8ad9-7af7335bf5e5,5f0b5caf-708b-4300-92f2-53b51d83ec06,5f0b5caf-708b-4300-92f2-53b51d83ec06,3c409388-ab73-4c7f-953d-3a71062240f6,3c409388-ab73-4c7f-953d-3a71062240f6,1,1413.0042015005629,1403.9482379214235,0.3656082528148152
2020,2020-09-12 02:00:00+00:00,1da135eb-b483-4019-8271-39360259629d,d6a012ed-84aa-48d3-8265-2d3f3ff2199a,d6a012ed-84aa-48d3-8265-2d3f3ff2199a,0699edf3-5993-4182-b9b4-ec935cbd4fcc,0699edf3-5993-4182-b9b4-ec935cbd4fcc,0,1702.8134517774984,1722.7264562230525,0.6822866576669764
2020,2020-09-12 02:00:00+00:00,1da135eb-b483-4019-8271-39360259629d,0699edf3-5993-4182-b9b4-ec935cbd4fcc,0699edf3-5993-4182-b9b4-ec935cbd4fcc,d6a012ed-84aa-48d3-8265-2d3f3ff2199a,d6a012ed-84aa-48d3-8265-2d3f3ff2199a,1,1545.0408816806628,1525.1278772351086,0.3177133423330237
2020,2020-09-12 16:00:00+00:00,b835eb9c-19d6-446b-9b08-939316a547aa,5c0d47fe-8539-47b0-9f36-d0b3609ca89b,5c0d47fe-8539-47b0-9f36-d0b3609ca89b,08ed8274-e29f-4248-bc2e-83cc8ed18d75,08ed8274-e29f-4248-bc2e-83cc8ed18d75,0,1480.4259172946556,1490.8137556907125,0.7721858993239488
2020,2020-09-12 16:00:00+00:00,b835eb9c-19d6-446b-9b08-939316a547aa,08ed8274-e29f-4248-bc2e-83cc8ed18d75,08ed8274-e29f-4248-bc2e-83cc8ed18d75,5c0d47fe-8539-47b0-9f36-d0b3609ca89b,5c0d47fe-8539-47b0-9f36-d0b3609ca89b,1,1243.3694111497448,1232.981572753688,0.22781410067605126
2020,2020-09-12 19:00:00+00:00,a6843461-3559-4315-8c9a-32442134dbe6,171b097d-01db-4ae8-9d56-035689402ec6,FR_LVA_ACES,0a5ad38d-2fe3-43ba-894b-1ba3d5042ea9,0a5ad38d-2fe3-43ba-894b-1ba3d5042ea9,0,1692.606254789366,1710.5848154723083,0.5845853346841001
2020,2020-09-12 19:00:00+00:00,a6843461-3559-4315-8c9a-32442134dbe6,0a5ad38d-2fe3-43ba-894b-1ba3d5042ea9,0a5ad38d-2fe3-43ba-894b-1ba3d5042ea9,171b097d-01db-4ae8-9d56-035689402ec6,FR_LVA_ACES,1,1608.259818050661,1590.2812573677186,0.4154146653158998
2020,2020-09-12 22:00:00+00:00,3231b16f-af72-4caf-9c7c-e5798df0c7cf,6f017f37-be96-4bdc-b6d3-0a0429c72e89,6f017f37-be96-4bdc-b6d3-0a0429c72e89,f073a15f-0486-4179-b0a3-dfd0294eb595,f073a15f-0486-4179-b0a3-dfd0294eb595,0,1571.0144304083567,1579.5655965493872,0.7530896959152316
2020,2020-09-12 22:00:00+00:00,3231b16f-af72-4caf-9c7c-e5798df0c7cf,f073a15f-0486-4179-b0a3-dfd0294eb595,f073a15f-0486-4179-b0a3-dfd0294eb595,6f017f37-be96-4bdc-b6d3-0a0429c72e89,6f017f37-be96-4bdc-b6d3-0a0429c72e89,1,1352.291433962097,1343.7402678210665,0.24691030408476847
2020,2020-09-13 16:00:00+00:00,f8a83d8b-9a18-40b1-a3b1-847420d9b498,5f0b5caf-708b-4300-92f2-53b51d83ec06,5f0b5caf-708b-4300-92f2-53b51d83ec06,08ed8274-e29f-4248-bc2e-83cc8ed18d75,08ed8274-e29f-4248-bc2e-83cc8ed18d75,0,1403.9482379214235,1408.2675643055131,0.6985182175915652
2020,2020-09-13 16:00:00+00:00,f8a83d8b-9a18-40b1-a3b1-847420d9b498,08ed8274-e29f-4248-bc2e-83cc8ed18d75,08ed8274-e29f-4248-bc2e-83cc8ed18d75,5f0b5caf-708b-4300-92f2-53b51d83ec06,5f0b5caf-708b-4300-92f2-53b51d83ec06,1,1232.981572753688,1228.6622463695983,0.3014817824084348
2020,2020-09-13 19:00:00+00:00,edea3b93-949e-4544-b14a-0f9a7dab6c11,171b097d-01db-4ae8-9d56-035689402ec6,FR_LVA_ACES,d6a012ed-84aa-48d3-8265-2d3f3ff2199a,d6a012ed-84aa-48d3-8265-2d3f3ff2199a,0,1710.5848154723083,1717.7486013885775,0.44675157050477454
2020,2020-09-13 19:00:00+00:00,edea3b93-949e-4544-b14a-0f9a7dab6c11,d6a012ed-84aa-48d3-8265-2d3f3ff2199a,d6a012ed-84aa-48d3-8265-2d3f3ff2199a,171b097d-01db-4ae8-9d56-035689402ec6,FR_LVA_ACES,1,1722.7264562230525,1715.5626703067833,0.5532484294952255
2020,2020-09-13 21:00:00+00:00,866092cf-d262-4040-89a7-eb5996f1f4fa,5c0d47fe-8539-47b0-9f36-d0b3609ca89b,5c0d47fe-8539-47b0-9f36-d0b3609ca89b,5d70a9af-8c2b-4aec-9e68-9acc6ddb93e4,5d70a9af-8c2b-4aec-9e68-9acc6ddb93e4,0,1490.8137556907125,1500.2269312202372,0.622474260074759
2020,2020-09-13 21:00:00+00:00,866092cf-d262-4040-89a7-eb5996f1f4fa,5d70a9af-8c2b-4aec-9e68-9acc6ddb93e4,5d70a9af-8c2b-4aec-9e68-9acc6ddb93e4,5c0d47fe-8539-47b0-9f36-d0b3609ca89b,5c0d47fe-8539-47b0-9f36-d0b3609ca89b,1,1378.9438236076844,1369.5306480781596,0.3775257399252409
2020,2020-09-15 23:00:00+00:00,73613e58-9a1a-489d-9905-44cc2efdec7c,a015b02d-845c-40c1-8ef4-844984f47e4d,a015b02d-845c-40c1-8ef4-844984f47e4d,3c409388-ab73-4c7f-953d-3a71062240f6,3c409388-ab73-4c7f-953d-3a71062240f6,0,1538.4895606099135,1561.0883221479196,0.4579232733146632
2020,2020-09-15 23:00:00+00:00,73613e58-9a1a-489d-9905-44cc2efdec7c,3c409388-ab73-4c7f-953d-3a71062240f6,3c409388-ab73-4c7f-953d-3a71062240f6,a015b02d-845c-40c1-8ef4-844984f47e4d,a015b02d-845c-40c1-8ef4-844984f47e4d,1,1542.796778747939,1520.198017209933,0.5420767266853368
2020,2020-09-16 01:00:00+00:00,b8e0c658-44b1-423e-a6a4-a0a356182ad0,5c0d47fe-8539-47b0-9f36-d0b3609ca89b,5c0d47fe-8539-47b0-9f36-d0b3609ca89b,0699edf3-5993-4182-b9b4-ec935cbd4fcc,0699edf3-5993-4182-b9b4-ec935cbd4fcc,0,1500.2269312202372,1495.8299138656,0.4286765264202578
2020,2020-09-16 01:00:00+00:00,b8e0c658-44b1-423e-a6a4-a0a356182ad0,0699edf3-5993-4182-b9b4-ec935cbd4fcc,0699edf3-5993-4182-b9b4-ec935cbd4fcc,5c0d47fe-8539-47b0-9f36-d0b3609ca89b,5c0d47fe-8539-47b0-9f36-d0b3609ca89b,1,1525.1278772351086,1529.5248945897458,0.5713234735797422
2020,2020-09-17 23:00:00+00:00,69236333-c7ed-4309-88e2-a92bf42928dc,0699edf3-5993-4182-b9b4-ec935cbd4fcc,0699edf3-5993-4182-b9b4-ec935cbd4fcc,6f017f37-be96-4bdc-b6d3-0a0429c72e89,6f017f37-be96-4bdc-b6d3-0a0429c72e89,0,1529.5248945897458,1525.563695520162,0.39365624968224766
2020,2020-09-17 23:00:00+00:00,69236333-c7ed-4309-88e2-a92bf42928dc,6f017f37-be96-4bdc-b6d3-0a0429c72e89,6f017f37-be96-4bdc-b6d3-0a0429c72e89,0699edf3-5993-4182-b9b4-ec935cbd4fcc,0699edf3-5993-4182-b9b4-ec935cbd4fcc,1,1579.5655965493872,1583.5267956189712,0.6063437503177523
2020,2020-09-18 01:00:00+00:00,918c1ed4-4181-4f65-9616-a04070617dec,a015b02d-845c-40c1-8ef4-844984f47e4d,a015b02d-845c-40c1-8ef4-844984f47e4d,0a5ad38d-2fe3-43ba-894b-1ba3d5042ea9,0a5ad38d-2fe3-43ba-894b-1ba3d5042ea9,0,1561.0883221479196,1586.1745379740594,0.42263649202616704
2020,2020-09-18 01:00:00+00:00,918c1ed4-4181-4f65-9616-a04070617dec,0a5ad38d-2fe3-43ba-894b-1ba3d5042ea9,0a5ad38d-2fe3-43ba-894b-1ba3d5042ea9,a015b02d-845c-40c1-8ef4-844984f47e4d,a015b02d-845c-40c1-8ef4-844984f47e4d,1,1590.2812573677186,1565.1950415415788,0.577363507973833
2020,2020-09-20 17:00:00+00:00,a2d3ff5c-e030-4f5c-8f7f-da21e557f9f1,a015b02d-845c-40c1-8ef4-844984f47e4d,a015b02d-845c-40c1-8ef4-844984f47e4d,171b097d-01db-4ae8-9d56-035689402ec6,FR_LVA_ACES,0,1586.1745379740594,1633.3675443403683,0.28878079932778933
2020,2020-09-20 17:00:00+00:00,a2d3ff5c-e030-4f5c-8f7f-da21e557f9f1,171b097d-01db-4ae8-9d56-035689402ec6,FR_LVA_ACES,a015b02d-845c-40c1-8ef4-844984f47e4d,a015b02d-845c-40c1-8ef4-844984f47e4d,1,1717.7486013885775,1670.5555950222686,0.7112192006722107
2020,2020-09-22 23:00:00+00:00,1c57b5e6-cbe1-46d6-ab96-0cfd96d3668b,a015b02d-845c-40c1-8ef4-844984f47e4d,a015b02d-845c-40c1-8ef4-844984f47e4d,171b097d-01db-4ae8-9d56-035689402ec6,FR_LVA_ACES,0,1633.3675443403683,1621.870395207233,0.41144786480203666
2020,2020-09-22 23:00:00+00:00,1c57b5e6-cbe1-46d6-ab96-0cfd96d3668b,171b097d-01db-4ae8-9d56-035689402ec6,FR_LVA_ACES,a015b02d-845c-40c1-8ef4-844984f47e4d,a015b02d-845c-40c1-8ef4-844984f47e4d,1,1670.5555950222686,1682.0527441554038,0.5885521351979633
2020,2020-09-23 01:00:00+00:00,d1527841-44c0-42f7-b4cc-2ff7f68656fc,6f017f37-be96-4bdc-b6d3-0a0429c72e89,6f017f37-be96-4bdc-b6d3-0a0429c72e89,d6a012ed-84aa-48d3-8265-2d3f3ff2199a,d6a012ed-84aa-48d3-8265-2d3f3ff2199a,0,1583.5267956189712,1580.1125838466296,0.28823510684796594
2020,2020-09-23 01:00:00+00:00,d1527841-44c0-42f7-b4cc-2ff7f68656fc,d6a012ed-84aa-48d3-8265-2d3f3ff2199a,d6a012ed-84aa-48d3-8265-2d3f3ff2199a,6f017f37-be96-4bdc-b6d3-0a0429c72e89,6f017f37-be96-4bdc-b6d3-0a0429c72e89,1,1715.5626703067833,1718.9768820791248,0.7117648931520341
2020,2020-09-24 23:30:00+00:00,926ff715-7021-4c85-a2c3-9dcbd0903385,6f017f37-be96-4bdc-b6d3-0a0429c72e89,6f017f37-be96-4bdc-b6d3-0a0429c72e89,d6a012ed-84aa-48d3-8265-2d3f3ff2199a,d6a012ed-84aa-48d3-8265-2d3f3ff2199a,0,1580.1125838466296,1571.5235914645264,0.2802385312349225
2020,2020-09-24 23:30:00+00:00,926ff715-7021-4c85-a2c3-9dcbd0903385,d6a012ed-84aa-48d3-8265-2d3f3ff2199a,d6a012ed-84aa-48d3-8265-2d3f3ff2199a,6f017f37-be96-4bdc-b6d3-0a0429c72e89,6f017f37-be96-4bdc-b6d3-0a0429c72e89,1,1718.9768820791248,1727.565874461228,0.7197614687650775
2020,2020-09-25 01:30:00+00:00,db737ea7-10ba-498d-b4d1-cb09c34011b2,171b097d-01db-4ae8-9d56-035689402ec6,FR_LVA_ACES,a015b02d-845c-40c1-8ef4-844984f47e4d,a015b02d-845c-40c1-8ef4-844984f47e4d,0,1682.0527441554038,1664.9202612499646,0.5504591155931731
2020,2020-09-25 01:30:00+00:00,db737ea7-10ba-498d-b4d1-cb09c34011b2,a015b02d-845c-40c1-8ef4-844984f47e4d,a015b02d-845c-40c1-8ef4-844984f47e4d,171b097d-01db-4ae8-9d56-035689402ec6,FR_LVA_ACES,1,1621.870395207233,1639.0028781126723,0.449540884406827
2020,2020-09-27 17:00:00+00:00,4a7486be-e045-4624-a0db-743b8f6f0171,171b097d-01db-4ae8-9d56-035689402ec6,FR_LVA_ACES,a015b02d-845c-40c1-8ef4-844984f47e4d,a015b02d-845c-40c1-8ef4-844984f47e4d,0,1664.9202612499646,1680.8663113834166,0.5013202173921562
2020,2020-09-27 17:00:00+00:00,4a7486be-e045-4624-a0db-743b8f6f0171,a015b02d-845c-40c1-8ef4-844984f47e4d,a015b02d-845c-40c1-8ef4-844984f47e4d,171b097d-01db-4ae8-9d56-035689402ec6,FR_LVA_ACES,1,1639.0028781126723,1623.0568279792203,0.49867978260784385
2020,2020-09-27 19:00:00+00:00,8b7a46bb-ff02-44a7-b411-64cb19ec2af4,d6a012ed-84aa-48d3-8265-2d3f3ff2199a,d6a012ed-84aa-48d3-8265-2d3f3ff2199a,6f017f37-be96-4bdc-b6d3-0a0429c72e89,6f017f37-be96-4bdc-b6d3-0a0429c72e89,0,1727.565874461228,1746.0954371122084,0.6801236311694953
2020,2020-09-27 19:00:00+00:00,8b7a46bb-ff02-44a7-b411-64cb19ec2af4,6f017f37-be96-4bdc-b6d3-0a0429c72e89,6f017f37-be96-4bdc-b6d3-0a0429c72e89,d6a012ed-84aa-48d3-8265-2d3f3ff2199a,d6a012ed-84aa-48d3-8265-2d3f3ff2199a,1,1571.5235914645264,1552.994028813546,0.31987636883050474
2020,2020-09-29 23:30:00+00:00,27acc60b-73de-4e95-9cd2-36e15e4591f3,a015b02d-845c-40c1-8ef4-844984f47e4d,a015b02d-845c-40c1-8ef4-844984f47e4d,171b097d-01db-4ae8-9d56-035689402ec6,FR_LVA_ACES,0,1623.0568279792203,1617.3090581438416,0.38303410725086984
2020,2020-09-29 23:30:00+00:00,27acc60b-73de-4e95-9cd2-36e15e4591f3,171b097d-01db-4ae8-9d56-035689402ec6,FR_LVA_ACES,a015b02d-845c-40c1-8ef4-844984f47e4d,a015b02d-845c-40c1-8ef4-844984f47e4d,1,1680.8663113834166,1686.6140812187953,0.6169658927491302
2020,2020-10-02 23:00:00+00:00,80219b72-1426-447f-9cde-c7f732e44dca,d6a012ed-84aa-48d3-8265-2d3f3ff2199a,d6a012ed-84aa-48d3-8265-2d3f3ff2199a,171b097d-01db-4ae8-9d56-035689402ec6,FR_LVA_ACES,0,1746.0954371122084,1764.8024270932983,0.5494603777075973
2020,2020-10-02 23:00:00+00:00,80219b72-1426-447f-9cde-c7f732e44dca,171b097d-01db-4ae8-9d56-035689402ec6,FR_LVA_ACES,d6a012ed-84aa-48d3-8265-2d3f3ff2199a,d6a012ed-84aa-48d3-8265-2d3f3ff2199a,1,1686.6140812187953,1667.9070912377053,0.45053962229240274
2020,2020-10-04 19:00:00+00:00,9e771969-e59e-493b-89a6-b3e1797741ca,d6a012ed-84aa-48d3-8265-2d3f3ff2199a,d6a012ed-84aa-48d3-8265-2d3f3ff2199a,171b097d-01db-4ae8-9d56-035689402ec6,FR_LVA_ACES,0,1764.8024270932983,1780.8596237932254,0.602013748289697
2020,2020-10-04 19:00:00+00:00,9e771969-e59e-493b-89a6-b3e1797741ca,171b097d-01db-4ae8-9d56-035689402ec6,FR_LVA_ACES,d6a012ed-84aa-48d3-8265-2d3f3ff2199a,d6a012ed-84aa-48d3-8265-2d3f3ff2199a,1,1667.9070912377053,1651.8498945377783,0.39798625171030305
2020,2020-10-06 23:00:00+00:00,d55cb7db-4190-4577-aad6-b6c617e2791e,171b097d-01db-4ae8-9d56-035689402ec6,FR_LVA_ACES,d6a012ed-84aa-48d3-8265-2d3f3ff2199a,d6a012ed-84aa-48d3-8265-2d3f3ff2199a,0,1651.8498945377783,1626.9080129104786,0.29182203725555367
2020,2020-10-06 23:00:00+00:00,d55cb7db-4190-4577-aad6-b6c617e2791e,d6a012ed-84aa-48d3-8265-2d3f3ff2199a,d6a012ed-84aa-48d3-8265-2d3f3ff2199a,171b097d-01db-4ae8-9d56-035689402ec6,FR_LVA_ACES,1,1780.8596237932254,1805.801505420525,0.7081779627444463
