game_id,game_ts,game_date,season,team_id,opponent_team_id,is_home,is_playoff,player_id,player_name,listed_on_game_summary_flag,state_asof_ts,m_ewma_pre,q_pre,strength_pre,days_since_first_report_pre,days_since_last_dnp_pre,consec_dnps_pre,played_last_game_pre,minutes_last_game_pre,days_since_last_played_pre,injury_present_flag_pre,played_in_game,minutes_in_game,not_playing_reason,not_playing_description
61500e2a-18d1-4bb9-82ce-ab3010c4ce53,2026-05-08 23:30:00+00:00,2026-05-08,2026,4e4f726e-a015-4306-91a7-28e8576c7868,5c0d47fe-8539-47b0-9f36-d0b3609ca89b,1,0,01f03e6b-1158-401e-8c72-73ee09c13651,Kiki Rice,1,2026-05-07 23:59:59+00:00,0.0,0.4657767596924795,0.0,0,0,0,0,0.0,0,0,1,17.566666666666666,,
61500e2a-18d1-4bb9-82ce-ab3010c4ce53,2026-05-08 23:30:00+00:00,2026-05-08,2026,4e4f726e-a015-4306-91a7-28e8576c7868,5c0d47fe-8539-47b0-9f36-d0b3609ca89b,1,0,06e3bb10-73ab-4d8e-8ad4-6850ea710b30,Brittney Sykes,1,2026-05-07 23:59:59+00:00,26.473691282608986,0.3833742673220609,10.149331998780651,0,0,0,0,0.0,0,0,1,27.75,,
61500e2a-18d1-4bb9-82ce-ab3010c4ce53,2026-05-08 23:30:00+00:00,2026-05-08,2026,4e4f726e-a015-4306-91a7-28e8576c7868,5c0d47fe-8539-47b0-9f36-d0b3609ca89b,1,0,1359b409-f610-4d01-9867-58aca845b2da,Nyara Sabally,1,2026-05-07 23:59:59+00:00,2.4042480524080947,0.5216063218300105,1.2540709833835526,0,0,0,0,0.0,0,0,1,25.53333333333333,,
61500e2a-18d1-4bb9-82ce-ab3010c4ce53,2026-05-08 23:30:00+00:00,2026-05-08,2026,4e4f726e-a015-4306-91a7-28e8576c7868,5c0d47fe-8539-47b0-9f36-d0b3609ca89b,1,0,184cc47d-af49-47fb-bcec-c0df1de4813f,Isabelle Harrison,1,2026-05-07 23:59:59+00:00,5.117972066416207,0.518591873839467,2.65413872418083,0,0,0,0,0.0,0,0,0,0.0,Inactive - Injury/Illness,Right Hand
61500e2a-18d1-4bb9-82ce-ab3010c4ce53,2026-05-08 23:30:00+00:00,2026-05-08,2026,4e4f726e-a015-4306-91a7-28e8576c7868,5c0d47fe-8539-47b0-9f36-d0b3609ca89b,1,0,25318651-8344-43b8-9842-79938e694b77,Julie Allemand,1,2026-05-07 23:59:59+00:00,26.65343347091872,0.403555548398429,10.756140961057648,0,0,0,0,0.0,0,0,1,30.3,,
61500e2a-18d1-4bb9-82ce-ab3010c4ce53,2026-05-08 23:30:00+00:00,2026-05-08,2026,4e4f726e-a015-4306-91a7-28e8576c7868,5c0d47fe-8539-47b0-9f36-d0b3609ca89b,1,0,36211055-b368-4e99-97f2-7080386db4d5,Marina Mabrey,1,2026-05-07 23:59:59+00:00,31.8232067250844,0.3755805468799459,11.952177385280772,0,0,0,0,0.0,0,0,1,29.95,,
61500e2a-18d1-4bb9-82ce-ab3010c4ce53,2026-05-08 23:30:00+00:00,2026-05-08,2026,4e4f726e-a015-4306-91a7-28e8576c7868,5c0d47fe-8539-47b0-9f36-d0b3609ca89b,1,0,638aaa5d-b6a8-4f7e-bce6-26ea3867fd74,Teonni Key,1,2026-05-07 23:59:59+00:00,0.0,0.4657767596924795,0.0,0,0,0,0,0.0,0,0,1,9.333333333333334,,
61500e2a-18d1-4bb9-82ce-ab3010c4ce53,2026-05-08 23:30:00+00:00,2026-05-08,2026,4e4f726e-a015-4306-91a7-28e8576c7868,5c0d47fe-8539-47b0-9f36-d0b3609ca89b,1,0,6a32c622-278c-4c75-b83f-345bcd252ab4,Temi Fagbenle,1,2026-05-07 23:59:59+00:00,21.30410996660314,0.4458617962229535,9.498688736641002,0,0,0,0,0.0,0,0,1,15.633333333333333,,
61500e2a-18d1-4bb9-82ce-ab3010c4ce53,2026-05-08 23:30:00+00:00,2026-05-08,2026,4e4f726e-a015-4306-91a7-28e8576c7868,5c0d47fe-8539-47b0-9f36-d0b3609ca89b,1,0,76ddd9ea-0712-48bf-95aa-ca67a69e6b63,Laura Juskaite,1,2026-05-07 23:59:59+00:00,0.0,0.4657767596924795,0.0,0,0,0,0,0.0,0,0,1,15.15,,
61500e2a-18d1-4bb9-82ce-ab3010c4ce53,2026-05-08 23:30:00+00:00,2026-05-08,2026,4e4f726e-a015-4306-91a7-28e8576c7868,5c0d47fe-8539-47b0-9f36-d0b3609ca89b,1,0,7b59128c-b3e2-4406-a75a-3190ab9b9890,Maria Conde,1,2026-05-07 23:59:59+00:00,0.0,0.4657767596924795,0.0,0,0,0,0,0.0,0,0,1,15.45,,
61500e2a-18d1-4bb9-82ce-ab3010c4ce53,2026-05-08 23:30:00+00:00,2026-05-08,2026,4e4f726e-a015-4306-91a7-28e8576c7868,5c0d47fe-8539-47b0-9f36-d0b3609ca89b,1,0,bb530f02-2c99-4c5b-924b-16221a1661ad,Mariella Fasoula,1,2026-05-07 23:59:59+00:00,0.0,0.4657767596924795,0.0,0,0,0,0,0.0,0,0,1,1.3333333333333333,,
61500e2a-18d1-4bb9-82ce-ab3010c4ce53,2026-05-08 23:30:00+00:00,2026-05-08,2026,4e4f726e-a015-4306-91a7-28e8576c7868,5c0d47fe-8539-47b0-9f36-d0b3609ca89b,1,0,c0d2573a-fc13-405d-bb9e-cc37552806ed,Kia Nurse,1,2026-05-07 23:59:59+00:00,21.14683637663626,0.2467046938895767,5.217023795031014,0,0,0,0,0.0,0,0,1,10.05,,
61500e2a-18d1-4bb9-82ce-ab3010c4ce53,2026-05-08 23:30:00+00:00,2026-05-08,2026,4e4f726e-a015-4306-91a7-28e8576c7868,5c0d47fe-8539-47b0-9f36-d0b3609ca89b,1,0,c474334a-58d4-4b80-85b7-f1947fa79bac,Lexi Held,1,2026-05-07 23:59:59+00:00,2.7596130590329926,0.3229740535700177,0.8912834159606421,0,0,0,0,0.0,0,0,1,1.9666666666666668,,
61500e2a-18d1-4bb9-82ce-ab3010c4ce53,2026-05-08 23:30:00+00:00,2026-05-08,2026,5c0d47fe-8539-47b0-9f36-d0b3609ca89b,4e4f726e-a015-4306-91a7-28e8576c7868,0,0,02cb88c5-7e72-4e85-a930-eb9da814db71,Angela Dugalic,1,2026-05-07 23:59:59+00:00,0.0,0.4657767596924795,0.0,0,0,0,0,0.0,0,0,1,12.433333333333334,,
1ef40916-c578-4316-b5d3-6c626d6dd895,2026-05-10 19:00:00+00:00,2026-05-10,2026,5c0d47fe-8539-47b0-9f36-d0b3609ca89b,08ed8274-e29f-4248-bc2e-83cc8ed18d75,1,0,02cb88c5-7e72-4e85-a930-eb9da814db71,Angela Dugalic,1,2026-05-09 23:59:59+00:00,1.1721691076520933,0.4301242394040956,0.5041783458818341,0,0,0,1,12.433333333333334,1,0,1,10.416666666666666,,
61500e2a-18d1-4bb9-82ce-ab3010c4ce53,2026-05-08 23:30:00+00:00,2026-05-08,2026,5c0d47fe-8539-47b0-9f36-d0b3609ca89b,4e4f726e-a015-4306-91a7-28e8576c7868,0,0,058cc518-ed77-4c82-9680-9e64bba2f626,Lauren Betts,1,2026-05-07 23:59:59+00:00,0.0,0.4657767596924795,0.0,0,0,0,0,0.0,0,0,1,12.05,,
1ef40916-c578-4316-b5d3-6c626d6dd895,2026-05-10 19:00:00+00:00,2026-05-10,2026,5c0d47fe-8539-47b0-9f36-d0b3609ca89b,08ed8274-e29f-4248-bc2e-83cc8ed18d75,1,0,058cc518-ed77-4c82-9680-9e64bba2f626,Lauren Betts,1,2026-05-09 23:59:59+00:00,1.1360298456199245,0.4434835788575867,0.5038105816245558,0,0,0,1,12.05,1,0,1,18.4,,
61500e2a-18d1-4bb9-82ce-ab3010c4ce53,2026-05-08 23:30:00+00:00,2026-05-08,2026,5c0d47fe-8539-47b0-9f36-d0b3609ca89b,4e4f726e-a015-4306-91a7-28e8576c7868,0,0,15b29fa3-09c7-4a75-83d2-ee2232745392,Cassandre Prosper,1,2026-05-07 23:59:59+00:00,0.0,0.4657767596924795,0.0,0,0,0,0,0.0,0,0,1,18.616666666666667,,
1ef40916-c578-4316-b5d3-6c626d6dd895,2026-05-10 19:00:00+00:00,2026-05-10,2026,5c0d47fe-8539-47b0-9f36-d0b3609ca89b,08ed8274-e29f-4248-bc2e-83cc8ed18d75,1,0,15b29fa3-09c7-4a75-83d2-ee2232745392,Cassandre Prosper,1,2026-05-09 23:59:59+00:00,1.7551111169536031,0.4202817868174672,0.737641236296461,0,0,0,1,18.616666666666667,1,0,1,27.5,,
61500e2a-18d1-4bb9-82ce-ab3010c4ce53,2026-05-08 23:30:00+00:00,2026-05-08,2026,5c0d47fe-8539-47b0-9f36-d0b3609ca89b,4e4f726e-a015-4306-91a7-28e8576c7868,0,0,18d3a6ec-6865-47c0-a4b3-b5a8687ad49e,Alex Wilson,1,2026-05-07 23:59:59+00:00,0.0,0.4657767596924795,0.0,0,0,0,0,0.0,0,0,1,17.166666666666668,,
1ef40916-c578-4316-b5d3-6c626d6dd895,2026-05-10 19:00:00+00:00,2026-05-10,2026,5c0d47fe-8539-47b0-9f36-d0b3609ca89b,08ed8274-e29f-4248-bc2e-83cc8ed18d75,1,0,18d3a6ec-6865-47c0-a4b3-b5a8687ad49e,Alex Wilson,1,2026-05-09 23:59:59+00:00,1.6184104301362685,0.4358914094947473,0.7054512035330983,0,0,0,1,17.166666666666668,1,0,1,23.766666666666666,,
61500e2a-18d1-4bb9-82ce-ab3010c4ce53,2026-05-08 23:30:00+00:00,2026-05-08,2026,5c0d47fe-8539-47b0-9f36-d0b3609ca89b,4e4f726e-a015-4306-91a7-28e8576c7868,0,0,26c2f575-8b8d-44de-a3ca-ccbfac38b598,Cotie McMahon,1,2026-05-07 23:59:59+00:00,0.0,0.4657767596924795,0.0,0,0,0,0,0.0,0,0,0,0.0,Inactive - Injury/Illness,Left Elbow Strain
1ef40916-c578-4316-b5d3-6c626d6dd895,2026-05-10 19:00:00+00:00,2026-05-10,2026,5c0d47fe-8539-47b0-9f36-d0b3609ca89b,08ed8274-e29f-4248-bc2e-83cc8ed18d75,1,0,26c2f575-8b8d-44de-a3ca-ccbfac38b598,Cotie McMahon,1,2026-05-09 23:59:59+00:00,0.0,0.4657767596924795,0.0,0,0,0,0,0.0,0,0,0,0.0,DNP – Injury/Illness,Left Elbow Sprain
61500e2a-18d1-4bb9-82ce-ab3010c4ce53,2026-05-08 23:30:00+00:00,2026-05-08,2026,5c0d47fe-8539-47b0-9f36-d0b3609ca89b,4e4f726e-a015-4306-91a7-28e8576c7868,0,0,4945c3b5-f536-470c-8f2b-76568b59fe52,Kiki Iriafen,1,2026-05-07 23:59:59+00:00,27.38185291635935,0.5773446261633964,15.808765635656595,0,0,0,0,0.0,0,0,1,27.566666666666663,,
1ef40916-c578-4316-b5d3-6c626d6dd895,2026-05-10 19:00:00+00:00,2026-05-10,2026,5c0d47fe-8539-47b0-9f36-d0b3609ca89b,08ed8274-e29f-4248-bc2e-83cc8ed18d75,1,0,4945c3b5-f536-470c-8f2b-76568b59fe52,Kiki Iriafen,1,2026-05-09 23:59:59+00:00,27.399276479531967,0.6172425037986266,16.91199801649713,0,0,0,1,27.566666666666663,1,0,1,27.8,,
61500e2a-18d1-4bb9-82ce-ab3010c4ce53,2026-05-08 23:30:00+00:00,2026-05-08,2026,5c0d47fe-8539-47b0-9f36-d0b3609ca89b,4e4f726e-a015-4306-91a7-28e8576c7868,0,0,4d70f9da-972d-4903-b9e5-d4d4aaa0a91d,Michaela Onyenwere,1,2026-05-07 23:59:59+00:00,21.812614629443225,0.2740590697740643,5.977944874685356,0,0,0,0,0.0,0,0,0,0.0,Inactive - Injury/Illness,Left Leg Injury Management
1ef40916-c578-4316-b5d3-6c626d6dd895,2026-05-10 19:00:00+00:00,2026-05-10,2026,5c0d47fe-8539-47b0-9f36-d0b3609ca89b,08ed8274-e29f-4248-bc2e-83cc8ed18d75,1,0,4d70f9da-972d-4903-b9e5-d4d4aaa0a91d,Michaela Onyenwere,1,2026-05-09 23:59:59+00:00,19.75620124935581,0.2740590697740643,5.4143661366676605,0,0,0,0,0.0,0,0,0,0.0,DNP – Injury/Illness,Left Knee Injury Management
61500e2a-18d1-4bb9-82ce-ab3010c4ce53,2026-05-08 23:30:00+00:00,2026-05-08,2026,5c0d47fe-8539-47b0-9f36-d0b3609ca89b,4e4f726e-a015-4306-91a7-28e8576c7868,0,0,4e5370b1-4813-4e01-914e-e7f4a00ba565,Sonia Citron,1,2026-05-07 23:59:59+00:00,31.222083794932832,0.4562082399716311,14.243771896333092,0,0,0,0,0.0,0,0,1,34.28333333333333,,
1ef40916-c578-4316-b5d3-6c626d6dd895,2026-05-10 19:00:00+00:00,2026-05-10,2026,5c0d47fe-8539-47b0-9f36-d0b3609ca89b,08ed8274-e29f-4248-bc2e-83cc8ed18d75,1,0,4e5370b1-4813-4e01-914e-e7f4a00ba565,Sonia Citron,1,2026-05-09 23:59:59+00:00,31.51068718418704,0.5015713267382365,15.80485717740624,0,0,0,1,34.28333333333333,1,0,1,35.93333333333333,,
61500e2a-18d1-4bb9-82ce-ab3010c4ce53,2026-05-08 23:30:00+00:00,2026-05-08,2026,5c0d47fe-8539-47b0-9f36-d0b3609ca89b,4e4f726e-a015-4306-91a7-28e8576c7868,0,0,54e15980-ce12-4c08-893f-f19a8c57be49,Lucy Olsen,1,2026-05-07 23:59:59+00:00,14.466424346845727,0.3561339923690449,5.151985457946922,0,0,0,0,0.0,0,0,1,9.933333333333334,,
1ef40916-c578-4316-b5d3-6c626d6dd895,2026-05-10 19:00:00+00:00,2026-05-10,2026,5c0d47fe-8539-47b0-9f36-d0b3609ca89b,08ed8274-e29f-4248-bc2e-83cc8ed18d75,1,0,54e15980-ce12-4c08-893f-f19a8c57be49,Lucy Olsen,1,2026-05-09 23:59:59+00:00,14.039061136533563,0.309004369666674,4.338131237206453,0,0,0,1,9.933333333333334,1,0,1,4.75,,
61500e2a-18d1-4bb9-82ce-ab3010c4ce53,2026-05-08 23:30:00+00:00,2026-05-08,2026,5c0d47fe-8539-47b0-9f36-d0b3609ca89b,4e4f726e-a015-4306-91a7-28e8576c7868,0,0,58456ac4-0f93-4ffd-a6b4-52495df0a69f,Rori Harmon,1,2026-05-07 23:59:59+00:00,0.0,0.4657767596924795,0.0,0,0,0,0,0.0,0,0,1,19.566666666666663,,
1ef40916-c578-4316-b5d3-6c626d6dd895,2026-05-10 19:00:00+00:00,2026-05-10,2026,5c0d47fe-8539-47b0-9f36-d0b3609ca89b,08ed8274-e29f-4248-bc2e-83cc8ed18d75,1,0,58456ac4-0f93-4ffd-a6b4-52495df0a69f,Rori Harmon,1,2026-05-09 23:59:59+00:00,1.844673635902892,0.4238245367832038,0.7818179492527315,0,0,0,1,19.566666666666663,1,0,1,21.7,,
61500e2a-18d1-4bb9-82ce-ab3010c4ce53,2026-05-08 23:30:00+00:00,2026-05-08,2026,5c0d47fe-8539-47b0-9f36-d0b3609ca89b,4e4f726e-a015-4306-91a7-28e8576c7868,0,0,757cdede-a858-4dfd-8089-a3d72ecd82c5,Alicia Florez Getino,1,2026-05-07 23:59:59+00:00,0.0,0.4657767596924795,0.0,0,0,0,0,0.0,0,0,0,0.0,Inactive - Not With Team,
1ef40916-c578-4316-b5d3-6c626d6dd895,2026-05-10 19:00:00+00:00,2026-05-10,2026,5c0d47fe-8539-47b0-9f36-d0b3609ca89b,08ed8274-e29f-4248-bc2e-83cc8ed18d75,1,0,757cdede-a858-4dfd-8089-a3d72ecd82c5,Alicia Florez Getino,1,2026-05-09 23:59:59+00:00,0.0,0.4657767596924795,0.0,0,0,0,0,0.0,0,0,0,0.0,DNP – Personal,
61500e2a-18d1-4bb9-82ce-ab3010c4ce53,2026-05-08 23:30:00+00:00,2026-05-08,2026,5c0d47fe-8539-47b0-9f36-d0b3609ca89b,4e4f726e-a015-4306-91a7-28e8576c7868,0,0,7709c3e4-3fcb-4483-95b5-ba433eab864a,Georgia Amoore,1,2026-05-07 23:59:59+00:00,0.0,0.4617662678690515,0.0,0,0,0,0,0.0,0,0,1,20.433333333333334,,
1ef40916-c578-4316-b5d3-6c626d6dd895,2026-05-10 19:00:00+00:00,2026-05-10,2026,5c0d47fe-8539-47b0-9f36-d0b3609ca89b,08ed8274-e29f-4248-bc2e-83cc8ed18d75,1,0,7709c3e4-3fcb-4483-95b5-ba433eab864a,Georgia Amoore,1,2026-05-09 23:59:59+00:00,1.9263797935408395,0.4181396842188014,0.8054958385566464,0,0,0,1,20.433333333333334,1,0,1,21.366666666666667,,
61500e2a-18d1-4bb9-82ce-ab3010c4ce53,2026-05-08 23:30:00+00:00,2026-05-08,2026,5c0d47fe-8539-47b0-9f36-d0b3609ca89b,4e4f726e-a015-4306-91a7-28e8576c7868,0,0,a8e64df8-bd27-4c28-94c9-7c1c370960dc,Shakira Austin,1,2026-05-07 23:59:59+00:00,22.10022779028596,0.5906223937317678,13.052889439516031,0,0,0,0,0.0,0,0,1,27.95,,
1ef40916-c578-4316-b5d3-6c626d6dd895,2026-05-10 19:00:00+00:00,2026-05-10,2026,5c0d47fe-8539-47b0-9f36-d0b3609ca89b,08ed8274-e29f-4248-bc2e-83cc8ed18d75,1,0,a8e64df8-bd27-4c28-94c9-7c1c370960dc,Shakira Austin,1,2026-05-09 23:59:59+00:00,22.651722879108625,0.6214855805550165,14.077719144094173,0,0,0,1,27.95,1,0,1,33.38333333333333,,
61500e2a-18d1-4bb9-82ce-ab3010c4ce53,2026-05-08 23:30:00+00:00,2026-05-08,2026,5c0d47fe-8539-47b0-9f36-d0b3609ca89b,4e4f726e-a015-4306-91a7-28e8576c7868,0,0,ec5e3e73-1818-4cf2-a5d4-f9ea7ca6fb32,Darianna Littlepage-Buggs,1,2026-05-07 23:59:59+00:00,0.0,0.4657767596924795,0.0,0,0,0,0,0.0,0,0,0,0.0,Inactive - Coaches Decision,Coach's Decision
1ef40916-c578-4316-b5d3-6c626d6dd895,2026-05-10 19:00:00+00:00,2026-05-10,2026,5c0d47fe-8539-47b0-9f36-d0b3609ca89b,08ed8274-e29f-4248-bc2e-83cc8ed18d75,1,0,ec5e3e73-1818-4cf2-a5d4-f9ea7ca6fb32,Darianna Littlepage-Buggs,1,2026-05-09 23:59:59+00:00,0.0,0.4657767596924795,0.0,0,0,0,0,0.0,0,0,0,0.0,DNP – Coach's Decision,
a01c0aa0-885e-4258-82c5-695c2ada9546,2026-05-08 23:30:00+00:00,2026-05-08,2026,08ed8274-e29f-4248-bc2e-83cc8ed18d75,a015b02d-845c-40c1-8ef4-844984f47e4d,1,0,15f0b384-7c91-463e-9ae8-fa73d549f23a,Julie Vanloo,1,2026-05-07 23:59:59+00:00,9.877046121681492,0.2081334400038974,2.0557435863827225,0,0,0,0,0.0,0,0,1,22.016666666666666,,
1ef40916-c578-4316-b5d3-6c626d6dd895,2026-05-10 19:00:00+00:00,2026-05-10,2026,08ed8274-e29f-4248-bc2e-83cc8ed18d75,5c0d47fe-8539-47b0-9f36-d0b3609ca89b,0,0,15f0b384-7c91-463e-9ae8-fa73d549f23a,Julie Vanloo,1,2026-05-09 23:59:59+00:00,11.021525063889287,0.3384556690277179,3.73029763920441,0,0,0,1,22.016666666666666,1,0,1,13.333333333333334,,
a01c0aa0-885e-4258-82c5-695c2ada9546,2026-05-08 23:30:00+00:00,2026-05-08,2026,08ed8274-e29f-4248-bc2e-83cc8ed18d75,a015b02d-845c-40c1-8ef4-844984f47e4d,1,0,2199ae2c-7588-4610-9deb-a1b5e8025d43,Sabrina Ionescu,1,2026-05-07 23:59:59+00:00,24.344022659312003,0.5671163436162524,13.80589311946022,0,0,0,0,0.0,0,0,0,0.0,DND - Injury/Illness,L. Foot
1ef40916-c578-4316-b5d3-6c626d6dd895,2026-05-10 19:00:00+00:00,2026-05-10,2026,08ed8274-e29f-4248-bc2e-83cc8ed18d75,5c0d47fe-8539-47b0-9f36-d0b3609ca89b,0,0,2199ae2c-7588-4610-9deb-a1b5e8025d43,Sabrina Ionescu,1,2026-05-09 23:59:59+00:00,22.048957405915644,0.5671163436162524,12.504324104593369,5,1,1,0,0.0,0,1,0,0.0,DNP – Coach's Decision,
a01c0aa0-885e-4258-82c5-695c2ada9546,2026-05-08 23:30:00+00:00,2026-05-08,2026,08ed8274-e29f-4248-bc2e-83cc8ed18d75,a015b02d-845c-40c1-8ef4-844984f47e4d,1,0,357ea521-789b-4d23-a7ad-f4f539c0d824,Satou Sabally,1,2026-05-07 23:59:59+00:00,26.237630184737927,0.5806609914673452,15.235168356823468,0,0,0,0,0.0,0,0,0,0.0,NWT - Not With Team,Cyst
1ef40916-c578-4316-b5d3-6c626d6dd895,2026-05-10 19:00:00+00:00,2026-05-10,2026,08ed8274-e29f-4248-bc2e-83cc8ed18d75,5c0d47fe-8539-47b0-9f36-d0b3609ca89b,0,0,357ea521-789b-4d23-a7ad-f4f539c0d824,Satou Sabally,1,2026-05-09 23:59:59+00:00,23.76404255252212,0.5806609914673452,13.798852509819675,0,0,0,0,0.0,0,0,0,0.0,DNP – Coach's Decision,
a01c0aa0-885e-4258-82c5-695c2ada9546,2026-05-08 23:30:00+00:00,2026-05-08,2026,08ed8274-e29f-4248-bc2e-83cc8ed18d75,a015b02d-845c-40c1-8ef4-844984f47e4d,1,0,3d0a61e8-8f8f-48a8-bfa3-d9c3171c819f,Betnijah Laney-Hamilton,1,2026-05-07 23:59:59+00:00,0.0,0.4657767596924795,0.0,0,0,0,0,0.0,0,0,1,28.48333333333333,,
1ef40916-c578-4316-b5d3-6c626d6dd895,2026-05-10 19:00:00+00:00,2026-05-10,2026,08ed8274-e29f-4248-bc2e-83cc8ed18d75,5c0d47fe-8539-47b0-9f36-d0b3609ca89b,0,0,3d0a61e8-8f8f-48a8-bfa3-d9c3171c819f,Betnijah Laney-Hamilton,1,2026-05-09 23:59:59+00:00,2.68530429621639,0.4642815236933715,1.2467371702277021,0,0,0,1,28.48333333333333,1,0,1,25.23333333333333,,
a01c0aa0-885e-4258-82c5-695c2ada9546,2026-05-08 23:30:00+00:00,2026-05-08,2026,08ed8274-e29f-4248-bc2e-83cc8ed18d75,a015b02d-845c-40c1-8ef4-844984f47e4d,1,0,6fa763e6-846f-4f9d-a4ce-256d8b328424,Breanna Stewart,1,2026-05-07 23:59:59+00:00,23.328999136747044,0.6767491570910759,15.787880501571998,0,0,0,0,0.0,0,0,1,28.35,,
1ef40916-c578-4316-b5d3-6c626d6dd895,2026-05-10 19:00:00+00:00,2026-05-10,2026,08ed8274-e29f-4248-bc2e-83cc8ed18d75,5c0d47fe-8539-47b0-9f36-d0b3609ca89b,0,0,6fa763e6-846f-4f9d-a4ce-256d8b328424,Breanna Stewart,1,2026-05-09 23:59:59+00:00,23.80236069986229,0.7654184107858782,18.21876509984084,0,0,0,1,28.35,1,0,1,38.66666666666666,,
a01c0aa0-885e-4258-82c5-695c2ada9546,2026-05-08 23:30:00+00:00,2026-05-08,2026,08ed8274-e29f-4248-bc2e-83cc8ed18d75,a015b02d-845c-40c1-8ef4-844984f47e4d,1,0,89e9800d-9af2-4b27-b6b6-835816bc2d3d,Marine Johannes,1,2026-05-07 23:59:59+00:00,11.517619336763756,0.3480439540256668,4.008637774929736,0,0,0,0,0.0,0,0,1,28.0,,
1ef40916-c578-4316-b5d3-6c626d6dd895,2026-05-10 19:00:00+00:00,2026-05-10,2026,08ed8274-e29f-4248-bc2e-83cc8ed18d75,5c0d47fe-8539-47b0-9f36-d0b3609ca89b,0,0,89e9800d-9af2-4b27-b6b6-835816bc2d3d,Marine Johannes,1,2026-05-09 23:59:59+00:00,13.071517789901108,0.4056550174373597,5.302526776995092,0,0,0,1,28.0,1,0,1,37.38333333333333,,
a01c0aa0-885e-4258-82c5-695c2ada9546,2026-05-08 23:30:00+00:00,2026-05-08,2026,08ed8274-e29f-4248-bc2e-83cc8ed18d75,a015b02d-845c-40c1-8ef4-844984f47e4d,1,0,8a438358-fbe0-4797-921f-add82eddf789,Jonquel Jones,1,2026-05-07 23:59:59+00:00,25.95547873499629,0.6607734244754541,17.150690567623325,0,0,0,0,0.0,0,0,1,24.966666666666665,,
1ef40916-c578-4316-b5d3-6c626d6dd895,2026-05-10 19:00:00+00:00,2026-05-10,2026,08ed8274-e29f-4248-bc2e-83cc8ed18d75,5c0d47fe-8539-47b0-9f36-d0b3609ca89b,0,0,8a438358-fbe0-4797-921f-add82eddf789,Jonquel Jones,1,2026-05-09 23:59:59+00:00,25.862257156462547,0.6350696151913781,16.424333700335133,0,0,0,1,24.966666666666665,1,0,1,24.2,,
a01c0aa0-885e-4258-82c5-695c2ada9546,2026-05-08 23:30:00+00:00,2026-05-08,2026,08ed8274-e29f-4248-bc2e-83cc8ed18d75,a015b02d-845c-40c1-8ef4-844984f47e4d,1,0,9848c81d-efc7-4927-bc18-98fd0e50c761,Rebecca Allen,1,2026-05-07 23:59:59+00:00,17.09581908557515,0.2945269840840065,5.035180035720248,0,0,0,0,0.0,0,0,0,0.0,DND - Injury/Illness,L. Leg
1ef40916-c578-4316-b5d3-6c626d6dd895,2026-05-10 19:00:00+00:00,2026-05-10,2026,08ed8274-e29f-4248-bc2e-83cc8ed18d75,5c0d47fe-8539-47b0-9f36-d0b3609ca89b,0,0,9848c81d-efc7-4927-bc18-98fd0e50c761,Rebecca Allen,1,2026-05-09 23:59:59+00:00,15.484087905779957,0.2945269840840065,4.560481712181011,1,1,1,0,0.0,0,1,0,0.0,DNP – Coach's Decision,
a01c0aa0-885e-4258-82c5-695c2ada9546,2026-05-08 23:30:00+00:00,2026-05-08,2026,08ed8274-e29f-4248-bc2e-83cc8ed18d75,a015b02d-845c-40c1-8ef4-844984f47e4d,1,0,98768736-66ba-4dc9-b3f7-611a62d51106,Aubrey Griffin,1,2026-05-07 23:59:59+00:00,0.0,0.4657767596924795,0.0,0,0,0,0,0.0,0,0,1,5.166666666666667,,
1ef40916-c578-4316-b5d3-6c626d6dd895,2026-05-10 19:00:00+00:00,2026-05-10,2026,08ed8274-e29f-4248-bc2e-83cc8ed18d75,5c0d47fe-8539-47b0-9f36-d0b3609ca89b,0,0,98768736-66ba-4dc9-b3f7-611a62d51106,Aubrey Griffin,1,2026-05-09 23:59:59+00:00,0.4870944013031487,0.4567122274148567,0.2224619689804671,0,0,0,1,5.166666666666667,1,0,1,0.25,,
a01c0aa0-885e-4258-82c5-695c2ada9546,2026-05-08 23:30:00+00:00,2026-05-08,2026,08ed8274-e29f-4248-bc2e-83cc8ed18d75,a015b02d-845c-40c1-8ef4-844984f47e4d,1,0,98fff88c-a6ac-48fd-a586-46fa33c7c25e,Pauline Astier,1,2026-05-07 23:59:59+00:00,0.0,0.4657767596924795,0.0,0,0,0,0,0.0,0,0,1,19.73333333333333,,
1ef40916-c578-4316-b5d3-6c626d6dd895,2026-05-10 19:00:00+00:00,2026-05-10,2026,08ed8274-e29f-4248-bc2e-83cc8ed18d75,5c0d47fe-8539-47b0-9f36-d0b3609ca89b,0,0,98fff88c-a6ac-48fd-a586-46fa33c7c25e,Pauline Astier,1,2026-05-09 23:59:59+00:00,1.860386358525574,0.4587579376701017,0.8534670091067827,0,0,0,1,19.73333333333333,1,0,1,34.983333333333334,,
a01c0aa0-885e-4258-82c5-695c2ada9546,2026-05-08 23:30:00+00:00,2026-05-08,2026,08ed8274-e29f-4248-bc2e-83cc8ed18d75,a015b02d-845c-40c1-8ef4-844984f47e4d,1,0,c18a5bbc-64df-4171-b4fd-c4413dd10651,Rebekah Gardner,1,2026-05-07 23:59:59+00:00,9.883741457580228,0.4066330987563449,4.019056416202401,0,0,0,0,0.0,0,0,1,21.766666666666666,,
1ef40916-c578-4316-b5d3-6c626d6dd895,2026-05-10 19:00:00+00:00,2026-05-10,2026,08ed8274-e29f-4248-bc2e-83cc8ed18d75,5c0d47fe-8539-47b0-9f36-d0b3609ca89b,0,0,c18a5bbc-64df-4171-b4fd-c4413dd10651,Rebekah Gardner,1,2026-05-09 23:59:59+00:00,11.004020104118949,0.4016784289546967,4.420077507608397,0,0,0,1,21.766666666666666,1,0,1,25.433333333333334,,
a01c0aa0-885e-4258-82c5-695c2ada9546,2026-05-08 23:30:00+00:00,2026-05-08,2026,08ed8274-e29f-4248-bc2e-83cc8ed18d75,a015b02d-845c-40c1-8ef4-844984f47e4d,1,0,dffaa225-77d7-4b0d-8cc0-a80543a14033,Marine Fauthoux,1,2026-05-07 23:59:59+00:00,0.0,0.4657767596924795,0.0,0,0,0,0,0.0,0,0,0,0.0,Inactive - Injury/Illness,L. Knee Rehabilitation
1ef40916-c578-4316-b5d3-6c626d6dd895,2026-05-10 19:00:00+00:00,2026-05-10,2026,08ed8274-e29f-4248-bc2e-83cc8ed18d75,5c0d47fe-8539-47b0-9f36-d0b3609ca89b,0,0,dffaa225-77d7-4b0d-8cc0-a80543a14033,Marine Fauthoux,1,2026-05-09 23:59:59+00:00,0.0,0.4657767596924795,0.0,1,1,1,0,0.0,0,1,0,0.0,DNP – Coach's Decision,
a01c0aa0-885e-4258-82c5-695c2ada9546,2026-05-08 23:30:00+00:00,2026-05-08,2026,08ed8274-e29f-4248-bc2e-83cc8ed18d75,a015b02d-845c-40c1-8ef4-844984f47e4d,1,0,edd9c4c3-c8d4-4513-aeca-c70df44bd6ee,Han Xu,1,2026-05-07 23:59:59+00:00,0.0,0.4657767596924795,0.0,0,0,0,0,0.0,0,0,1,21.516666666666666,,
1ef40916-c578-4316-b5d3-6c626d6dd895,2026-05-10 19:00:00+00:00,2026-05-10,2026,08ed8274-e29f-4248-bc2e-83cc8ed18d75,5c0d47fe-8539-47b0-9f36-d0b3609ca89b,0,0,edd9c4c3-c8d4-4513-aeca-c70df44bd6ee,Han Xu,1,2026-05-09 23:59:59+00:00,2.0285124905882737,0.4423273576165888,0.8972665698541565,0,0,0,1,21.516666666666666,1,0,1,25.516666666666666,,
a01c0aa0-885e-4258-82c5-695c2ada9546,2026-05-08 23:30:00+00:00,2026-05-08,2026,a015b02d-845c-40c1-8ef4-844984f47e4d,08ed8274-e29f-4248-bc2e-83cc8ed18d75,0,0,0003bc97-5b5c-48dd-b622-5b898b2ead4f,Saniya Rivers,1,2026-05-07 23:59:59+00:00,27.54243553231146,0.3907967599794343,10.763494567969763,0,0,0,0,0.0,0,0,1,25.716666666666665,,
235de568-8156-4dd4-835a-b696ff560f45,2026-05-10 17:00:00+00:00,2026-05-10,2026,a015b02d-845c-40c1-8ef4-844984f47e4d,d6a012ed-84aa-48d3-8265-2d3f3ff2199a,1,0,0003bc97-5b5c-48dd-b622-5b898b2ead4f,Saniya Rivers,1,2026-05-09 23:59:59+00:00,27.370308733757422,0.3620573688527846,9.909621964832603,0,0,0,1,25.716666666666665,1,0,1,19.75,,
a01c0aa0-885e-4258-82c5-695c2ada9546,2026-05-08 23:30:00+00:00,2026-05-08,2026,a015b02d-845c-40c1-8ef4-844984f47e4d,08ed8274-e29f-4248-bc2e-83cc8ed18d75,0,0,03e541cb-d11c-4975-b656-f6e7febcda7d,Brittney Griner,1,2026-05-07 23:59:59+00:00,14.214922862280048,0.5680954308002943,8.075432727239937,0,0,0,0,0.0,0,0,1,27.183333333333334,,
235de568-8156-4dd4-835a-b696ff560f45,2026-05-10 17:00:00+00:00,2026-05-10,2026,a015b02d-845c-40c1-8ef4-844984f47e4d,d6a012ed-84aa-48d3-8265-2d3f3ff2199a,1,0,03e541cb-d11c-4975-b656-f6e7febcda7d,Brittney Griner,1,2026-05-09 23:59:59+00:00,15.437537081812536,0.5599528621204636,8.644293073051719,0,0,0,1,27.183333333333334,1,0,1,27.883333333333333,,
a01c0aa0-885e-4258-82c5-695c2ada9546,2026-05-08 23:30:00+00:00,2026-05-08,2026,a015b02d-845c-40c1-8ef4-844984f47e4d,08ed8274-e29f-4248-bc2e-83cc8ed18d75,0,0,066514fe-5d28-45e4-9e9c-5071dfe23583,Charlisse Leger-Walker,1,2026-05-07 23:59:59+00:00,0.0,0.4657767596924795,0.0,0,0,0,0,0.0,0,0,1,20.73333333333333,,
235de568-8156-4dd4-835a-b696ff560f45,2026-05-10 17:00:00+00:00,2026-05-10,2026,a015b02d-845c-40c1-8ef4-844984f47e4d,d6a012ed-84aa-48d3-8265-2d3f3ff2199a,1,0,066514fe-5d28-45e4-9e9c-5071dfe23583,Charlisse Leger-Walker,1,2026-05-09 23:59:59+00:00,1.9546626942616672,0.3975000817290429,0.7769785807217239,0,0,0,1,20.73333333333333,1,0,1,20.383333333333333,,
a01c0aa0-885e-4258-82c5-695c2ada9546,2026-05-08 23:30:00+00:00,2026-05-08,2026,a015b02d-845c-40c1-8ef4-844984f47e4d,08ed8274-e29f-4248-bc2e-83cc8ed18d75,0,0,06e88c3f-715d-41b2-9aee-6a013a37565f,Kennedy Burke,1,2026-05-07 23:59:59+00:00,17.78513872293844,0.3586729726454806,6.379048574668578,0,0,0,0,0.0,0,0,1,24.48333333333333,,
235de568-8156-4dd4-835a-b696ff560f45,2026-05-10 17:00:00+00:00,2026-05-10,2026,a015b02d-845c-40c1-8ef4-844984f47e4d,d6a012ed-84aa-48d3-8265-2d3f3ff2199a,1,0,06e88c3f-715d-41b2-9aee-6a013a37565f,Kennedy Burke,1,2026-05-09 23:59:59+00:00,18.416619966853723,0.3370003585642683,6.206407532371568,0,0,0,1,24.48333333333333,1,0,1,33.56666666666667,,
a01c0aa0-885e-4258-82c5-695c2ada9546,2026-05-08 23:30:00+00:00,2026-05-08,2026,a015b02d-845c-40c1-8ef4-844984f47e4d,08ed8274-e29f-4248-bc2e-83cc8ed18d75,0,0,2044241a-66b0-4ae0-a7cb-d36b9fb15a65,Ashlon Jackson,1,2026-05-07 23:59:59+00:00,0.0,0.4657767596924795,0.0,0,0,0,0,0.0,0,0,0,0.0,DNP – Coach's Decision,
235de568-8156-4dd4-835a-b696ff560f45,2026-05-10 17:00:00+00:00,2026-05-10,2026,a015b02d-845c-40c1-8ef4-844984f47e4d,d6a012ed-84aa-48d3-8265-2d3f3ff2199a,1,0,2044241a-66b0-4ae0-a7cb-d36b9fb15a65,Ashlon Jackson,1,2026-05-09 23:59:59+00:00,0.0,0.4657767596924795,0.0,0,0,0,0,0.0,0,0,0,0.0,DND - Coaches Decision,Coach's Decision
a01c0aa0-885e-4258-82c5-695c2ada9546,2026-05-08 23:30:00+00:00,2026-05-08,2026,a015b02d-845c-40c1-8ef4-844984f47e4d,08ed8274-e29f-4248-bc2e-83cc8ed18d75,0,0,2f1df065-07de-478f-9b37-76546561d8c2,Aaliyah Edwards,1,2026-05-07 23:59:59+00:00,16.792683368524866,0.4380494209603134,7.3560252259522025,0,0,0,0,0.0,0,0,0,0.0,DND - Injury/Illness,L. Thigh
235de568-8156-4dd4-835a-b696ff560f45,2026-05-10 17:00:00+00:00,2026-05-10,2026,a015b02d-845c-40c1-8ef4-844984f47e4d,d6a012ed-84aa-48d3-8265-2d3f3ff2199a,1,0,2f1df065-07de-478f-9b37-76546561d8c2,Aaliyah Edwards,1,2026-05-09 23:59:59+00:00,15.209530713363906,0.4380494209603134,6.662526122067161,0,0,0,0,0.0,0,0,0,0.0,DND - Injury/Illness,Left Thigh
a01c0aa0-885e-4258-82c5-695c2ada9546,2026-05-08 23:30:00+00:00,2026-05-08,2026,a015b02d-845c-40c1-8ef4-844984f47e4d,08ed8274-e29f-4248-bc2e-83cc8ed18d75,0,0,426e2359-cd19-458b-8591-874c47a7f6ec,Hailey Van Lith,1,2026-05-07 23:59:59+00:00,2.587811427052226,0.288264922707212,0.7459752610000498,0,0,0,0,0.0,0,0,1,13.8,,
235de568-8156-4dd4-835a-b696ff560f45,2026-05-10 17:00:00+00:00,2026-05-10,2026,a015b02d-845c-40c1-8ef4-844984f47e4d,d6a012ed-84aa-48d3-8265-2d3f3ff2199a,1,0,426e2359-cd19-458b-8591-874c47a7f6ec,Hailey Van Lith,1,2026-05-09 23:59:59+00:00,3.644855481291839,0.3250289279980574,1.18468346979213,0,0,0,1,13.8,1,0,1,20.23333333333333,,
a01c0aa0-885e-4258-82c5-695c2ada9546,2026-05-08 23:30:00+00:00,2026-05-08,2026,a015b02d-845c-40c1-8ef4-844984f47e4d,08ed8274-e29f-4248-bc2e-83cc8ed18d75,0,0,4e06c8c0-311c-4c8f-a6ef-3ef78200c823,Aneesah Morrow,1,2026-05-07 23:59:59+00:00,22.94142640409104,0.5205302738367787,11.941706968327814,0,0,0,0,0.0,0,0,1,24.3,,
235de568-8156-4dd4-835a-b696ff560f45,2026-05-10 17:00:00+00:00,2026-05-10,2026,a015b02d-845c-40c1-8ef4-844984f47e4d,d6a012ed-84aa-48d3-8265-2d3f3ff2199a,1,0,4e06c8c0-311c-4c8f-a6ef-3ef78200c823,Aneesah Morrow,1,2026-05-09 23:59:59+00:00,23.06950774454114,0.4995957606168492,11.525428268690325,0,0,0,1,24.3,1,0,1,31.4,,
a01c0aa0-885e-4258-82c5-695c2ada9546,2026-05-08 23:30:00+00:00,2026-05-08,2026,a015b02d-845c-40c1-8ef4-844984f47e4d,08ed8274-e29f-4248-bc2e-83cc8ed18d75,0,0,782a5034-334b-48e8-a7a8-931296f40c06,Shey Peddy,1,2026-05-07 23:59:59+00:00,15.981650867893135,0.3790125382299164,6.057246060544523,0,0,0,0,0.0,0,0,0,0.0,DND - Injury/Illness,L. Lower Leg
235de568-8156-4dd4-835a-b696ff560f45,2026-05-10 17:00:00+00:00,2026-05-10,2026,a015b02d-845c-40c1-8ef4-844984f47e4d,d6a012ed-84aa-48d3-8265-2d3f3ff2199a,1,0,782a5034-334b-48e8-a7a8-931296f40c06,Shey Peddy,1,2026-05-09 23:59:59+00:00,14.474959385054616,0.3790125382299164,5.486191097304499,0,0,0,0,0.0,0,0,0,0.0,DND - Injury/Illness,Left Leg
a01c0aa0-885e-4258-82c5-695c2ada9546,2026-05-08 23:30:00+00:00,2026-05-08,2026,a015b02d-845c-40c1-8ef4-844984f47e4d,08ed8274-e29f-4248-bc2e-83cc8ed18d75,0,0,95b09658-91ce-423b-b4c9-3c90dfb3a73a,Raegan Beers,1,2026-05-07 23:59:59+00:00,0.0,0.4657767596924795,0.0,0,0,0,0,0.0,0,0,1,11.216666666666669,,
235de568-8156-4dd4-835a-b696ff560f45,2026-05-10 17:00:00+00:00,2026-05-10,2026,a015b02d-845c-40c1-8ef4-844984f47e4d,d6a012ed-84aa-48d3-8265-2d3f3ff2199a,1,0,95b09658-91ce-423b-b4c9-3c90dfb3a73a,Raegan Beers,1,2026-05-09 23:59:59+00:00,1.0574662325065132,0.4271674596539145,0.45171516420960295,0,0,0,1,11.216666666666669,1,0,0,0.0,DNP – Coach's Decision,
a01c0aa0-885e-4258-82c5-695c2ada9546,2026-05-08 23:30:00+00:00,2026-05-08,2026,a015b02d-845c-40c1-8ef4-844984f47e4d,08ed8274-e29f-4248-bc2e-83cc8ed18d75,0,0,a4610f86-6674-4893-9a2a-bcbcf77d5650,Olivia Nelson-Ododa,1,2026-05-07 23:59:59+00:00,7.799380593691082,0.5056678665239809,3.943896145020309,0,0,0,0,0.0,0,0,1,14.983333333333333,,
235de568-8156-4dd4-835a-b696ff560f45,2026-05-10 17:00:00+00:00,2026-05-10,2026,a015b02d-845c-40c1-8ef4-844984f47e4d,d6a012ed-84aa-48d3-8265-2d3f3ff2199a,1,0,a4610f86-6674-4893-9a2a-bcbcf77d5650,Olivia Nelson-Ododa,1,2026-05-09 23:59:59+00:00,8.476657334085822,0.483989372534178,4.102612064311435,0,0,0,1,14.983333333333333,1,0,1,12.133333333333333,,
a01c0aa0-885e-4258-82c5-695c2ada9546,2026-05-08 23:30:00+00:00,2026-05-08,2026,a015b02d-845c-40c1-8ef4-844984f47e4d,08ed8274-e29f-4248-bc2e-83cc8ed18d75,0,0,af29f820-e5c3-494b-baf3-9a8ee2ea1d53,Gianna Kneepkens,1,2026-05-07 23:59:59+00:00,0.0,0.4657767596924795,0.0,0,0,0,0,0.0,0,0,1,12.783333333333331,,
235de568-8156-4dd4-835a-b696ff560f45,2026-05-10 17:00:00+00:00,2026-05-10,2026,a015b02d-845c-40c1-8ef4-844984f47e4d,d6a012ed-84aa-48d3-8265-2d3f3ff2199a,1,0,af29f820-e5c3-494b-baf3-9a8ee2ea1d53,Gianna Kneepkens,1,2026-05-09 23:59:59+00:00,1.2051658251597257,0.4783445108254649,0.5764844570995967,0,0,0,1,12.783333333333331,1,0,1,7.966666666666667,,
a01c0aa0-885e-4258-82c5-695c2ada9546,2026-05-08 23:30:00+00:00,2026-05-08,2026,a015b02d-845c-40c1-8ef4-844984f47e4d,08ed8274-e29f-4248-bc2e-83cc8ed18d75,0,0,d851048b-0415-4678-9f9a-f49cc03ae802,Diamond Miller,1,2026-05-07 23:59:59+00:00,13.811650886442184,0.2843311987616412,3.9270832534193905,0,0,0,0,0.0,0,0,1,24.816666666666663,,
235de568-8156-4dd4-835a-b696ff560f45,2026-05-10 17:00:00+00:00,2026-05-10,2026,a015b02d-845c-40c1-8ef4-844984f47e4d,d6a012ed-84aa-48d3-8265-2d3f3ff2199a,1,0,d851048b-0415-4678-9f9a-f49cc03ae802,Diamond Miller,1,2026-05-09 23:59:59+00:00,14.849163448919631,0.2897302687439003,4.302252116677586,0,0,0,1,24.816666666666663,1,0,1,26.7,,
8f658fb4-cc4e-4499-a66f-025474c73ba8,2026-05-09 02:00:00+00:00,2026-05-09,2026,4f57ec40-0d35-4b59-bea0-9d040f0d2292,d6a012ed-84aa-48d3-8265-2d3f3ff2199a,0,0,4009ca08-3b81-4190-9b13-c08ddb8090a5,Veronica Burton,1,2026-05-08 23:59:59+00:00,31.654582638124225,0.5249466636862664,16.616967546264526,0,0,0,0,0.0,0,0,1,30.83333333333333,,
8f658fb4-cc4e-4499-a66f-025474c73ba8,2026-05-09 02:00:00+00:00,2026-05-09,2026,4f57ec40-0d35-4b59-bea0-9d040f0d2292,d6a012ed-84aa-48d3-8265-2d3f3ff2199a,0,0,4d3205f8-4ffe-46d8-87f4-6c01bf670bca,Kaitlyn Chen,1,2026-05-08 23:59:59+00:00,3.277517475732194,0.3023560676039504,0.9909772954656121,0,0,0,0,0.0,0,0,1,16.233333333333334,,
8f658fb4-cc4e-4499-a66f-025474c73ba8,2026-05-09 02:00:00+00:00,2026-05-09,2026,4f57ec40-0d35-4b59-bea0-9d040f0d2292,d6a012ed-84aa-48d3-8265-2d3f3ff2199a,0,0,55cd7443-47da-4835-a946-d4a2338750ba,Gabby Williams,1,2026-05-08 23:59:59+00:00,29.44599175467556,0.4537141213322405,13.36006227572902,0,0,0,0,0.0,0,0,1,23.95,,
8f658fb4-cc4e-4499-a66f-025474c73ba8,2026-05-09 02:00:00+00:00,2026-05-09,2026,4f57ec40-0d35-4b59-bea0-9d040f0d2292,d6a012ed-84aa-48d3-8265-2d3f3ff2199a,0,0,7a46f116-94ed-4d89-b585-fa41cf41862c,Kayla Thornton,1,2026-05-08 23:59:59+00:00,1.0306376680331524,0.4393019038883312,0.45276108978599366,0,0,0,0,0.0,0,0,1,29.95,,
8f658fb4-cc4e-4499-a66f-025474c73ba8,2026-05-09 02:00:00+00:00,2026-05-09,2026,4f57ec40-0d35-4b59-bea0-9d040f0d2292,d6a012ed-84aa-48d3-8265-2d3f3ff2199a,0,0,80690c1a-dac9-4a9e-9873-471540551389,Ndjakalenga Mwenentanda,1,2026-05-08 23:59:59+00:00,0.0,0.4657767596924795,0.0,0,0,0,0,0.0,0,0,1,1.0166666666666666,,
8f658fb4-cc4e-4499-a66f-025474c73ba8,2026-05-09 02:00:00+00:00,2026-05-09,2026,4f57ec40-0d35-4b59-bea0-9d040f0d2292,d6a012ed-84aa-48d3-8265-2d3f3ff2199a,0,0,92b50919-8c76-4fcf-ab2e-9497f135f27c,Cecilia Zandalasini,1,2026-05-08 23:59:59+00:00,14.374128121089974,0.4029757484260107,5.792425037567599,0,0,0,0,0.0,0,0,1,6.6,,
8f658fb4-cc4e-4499-a66f-025474c73ba8,2026-05-09 02:00:00+00:00,2026-05-09,2026,4f57ec40-0d35-4b59-bea0-9d040f0d2292,d6a012ed-84aa-48d3-8265-2d3f3ff2199a,0,0,a8253b50-9712-4562-8f54-e36dac6299cd,Laeticia Amihere,1,2026-05-08 23:59:59+00:00,6.240512557601961,0.5038509754241903,3.144288339294657,0,0,0,0,0.0,0,0,1,15.916666666666666,,
8f658fb4-cc4e-4499-a66f-025474c73ba8,2026-05-09 02:00:00+00:00,2026-05-09,2026,4f57ec40-0d35-4b59-bea0-9d040f0d2292,d6a012ed-84aa-48d3-8265-2d3f3ff2199a,0,0,b07e1abd-5eea-4883-bc95-6a72e80c75c4,Kaila Charles,1,2026-05-08 23:59:59+00:00,22.335043295017133,0.4501293216156232,10.053657886641636,0,0,0,0,0.0,0,0,1,17.083333333333332,,
8f658fb4-cc4e-4499-a66f-025474c73ba8,2026-05-09 02:00:00+00:00,2026-05-09,2026,4f57ec40-0d35-4b59-bea0-9d040f0d2292,d6a012ed-84aa-48d3-8265-2d3f3ff2199a,0,0,d12ed996-e27a-4a93-bbd7-116c516efeab,Janelle Salaun,1,2026-05-08 23:59:59+00:00,31.12677534210325,0.3977564810503273,12.380876626519086,0,0,0,0,0.0,0,0,1,27.366666666666667,,
8f658fb4-cc4e-4499-a66f-025474c73ba8,2026-05-09 02:00:00+00:00,2026-05-09,2026,4f57ec40-0d35-4b59-bea0-9d040f0d2292,d6a012ed-84aa-48d3-8265-2d3f3ff2199a,0,0,d3e817a8-9e72-44c2-a422-9d44a0b214d0,Kiah Stokes,1,2026-05-08 23:59:59+00:00,1.6248817354816056,0.353470126157991,0.5743471520324985,0,0,0,0,0.0,0,0,1,24.08333333333333,,
8f658fb4-cc4e-4499-a66f-025474c73ba8,2026-05-09 02:00:00+00:00,2026-05-09,2026,4f57ec40-0d35-4b59-bea0-9d040f0d2292,d6a012ed-84aa-48d3-8265-2d3f3ff2199a,0,0,f24ac568-77f4-4344-84a7-7fde145dda84,Tiffany Hayes,1,2026-05-08 23:59:59+00:00,5.401946241061206,0.4375142807906014,2.363428624527386,0,0,0,0,0.0,0,0,1,4.35,,
8f658fb4-cc4e-4499-a66f-025474c73ba8,2026-05-09 02:00:00+00:00,2026-05-09,2026,4f57ec40-0d35-4b59-bea0-9d040f0d2292,d6a012ed-84aa-48d3-8265-2d3f3ff2199a,0,0,f496c982-68b4-4bdf-a96b-e1f696090be5,Miela Sowah,1,2026-05-08 23:59:59+00:00,0.0,0.4657767596924795,0.0,0,0,0,0,0.0,0,0,1,2.6166666666666667,,
8f658fb4-cc4e-4499-a66f-025474c73ba8,2026-05-09 02:00:00+00:00,2026-05-09,2026,d6a012ed-84aa-48d3-8265-2d3f3ff2199a,4f57ec40-0d35-4b59-bea0-9d040f0d2292,1,0,0add970b-86eb-4149-aac2-5a03664938bc,Zia Cooke,1,2026-05-08 23:59:59+00:00,2.299794065578092,0.1688431722008335,0.3883045254408568,0,0,0,0,0.0,0,0,1,22.5,,
235de568-8156-4dd4-835a-b696ff560f45,2026-05-10 17:00:00+00:00,2026-05-10,2026,d6a012ed-84aa-48d3-8265-2d3f3ff2199a,a015b02d-845c-40c1-8ef4-844984f47e4d,0,0,0add970b-86eb-4149-aac2-5a03664938bc,Zia Cooke,1,2026-05-09 23:59:59+00:00,4.204195462189876,0.2337766714789856,0.9828428213978047,0,0,0,1,22.5,0,0,1,12.15,,
8f658fb4-cc4e-4499-a66f-025474c73ba8,2026-05-09 02:00:00+00:00,2026-05-09,2026,d6a012ed-84aa-48d3-8265-2d3f3ff2199a,4f57ec40-0d35-4b59-bea0-9d040f0d2292,1,0,155215e8-3e76-49cd-b00a-e0d9a124ec7f,Lexie Brown,1,2026-05-08 23:59:59+00:00,2.4732513344288005,0.2911564207126842,0.7201030060551595,0,0,0,0,0.0,0,0,1,22.33333333333333,,
235de568-8156-4dd4-835a-b696ff560f45,2026-05-10 17:00:00+00:00,2026-05-10,2026,d6a012ed-84aa-48d3-8265-2d3f3ff2199a,a015b02d-845c-40c1-8ef4-844984f47e4d,0,0,155215e8-3e76-49cd-b00a-e0d9a124ec7f,Lexie Brown,1,2026-05-09 23:59:59+00:00,4.345587092703866,0.247621642786669,1.0760614147678762,0,0,0,1,22.33333333333333,0,0,1,21.066666666666663,,
8f658fb4-cc4e-4499-a66f-025474c73ba8,2026-05-09 02:00:00+00:00,2026-05-09,2026,d6a012ed-84aa-48d3-8265-2d3f3ff2199a,4f57ec40-0d35-4b59-bea0-9d040f0d2292,1,0,1ca0768c-fd19-41ec-b047-0df6312376c6,Grace Vanslooten,1,2026-05-08 23:59:59+00:00,0.0,0.4657767596924795,0.0,0,0,0,0,0.0,0,0,1,7.3,,
235de568-8156-4dd4-835a-b696ff560f45,2026-05-10 17:00:00+00:00,2026-05-10,2026,d6a012ed-84aa-48d3-8265-2d3f3ff2199a,a015b02d-845c-40c1-8ef4-844984f47e4d,0,0,1ca0768c-fd19-41ec-b047-0df6312376c6,Grace Vanslooten,1,2026-05-09 23:59:59+00:00,0.688217250873481,0.4695900442077045,0.3231799692621828,0,0,0,1,7.3,0,0,1,10.0,,
8f658fb4-cc4e-4499-a66f-025474c73ba8,2026-05-09 02:00:00+00:00,2026-05-09,2026,d6a012ed-84aa-48d3-8265-2d3f3ff2199a,4f57ec40-0d35-4b59-bea0-9d040f0d2292,1,0,29a8b1d2-db3b-4035-a635-9d559bc51a8a,Katie Lou Samuelson,1,2026-05-08 23:59:59+00:00,0.0239144981898345,0.2962126050007369,0.007083775806096284,0,0,0,0,0.0,0,0,0,0.0,DND - Injury/Illness,Right Knee
235de568-8156-4dd4-835a-b696ff560f45,2026-05-10 17:00:00+00:00,2026-05-10,2026,d6a012ed-84aa-48d3-8265-2d3f3ff2199a,a015b02d-845c-40c1-8ef4-844984f47e4d,0,0,29a8b1d2-db3b-4035-a635-9d559bc51a8a,Katie Lou Samuelson,1,2026-05-09 23:59:59+00:00,0.0216599269295294,0.2962126050007369,0.006415943379921516,0,0,0,0,0.0,0,0,0,0.0,DND - Injury/Illness,Right Knee
8f658fb4-cc4e-4499-a66f-025474c73ba8,2026-05-09 02:00:00+00:00,2026-05-09,2026,d6a012ed-84aa-48d3-8265-2d3f3ff2199a,4f57ec40-0d35-4b59-bea0-9d040f0d2292,1,0,3f194c01-8933-4160-928b-93c416002d6f,Jade Melbourne,1,2026-05-08 23:59:59+00:00,21.956101785126368,0.2687241495396844,5.900134779414829,0,0,0,0,0.0,0,0,1,17.466666666666665,,
235de568-8156-4dd4-835a-b696ff560f45,2026-05-10 17:00:00+00:00,2026-05-10,2026,d6a012ed-84aa-48d3-8265-2d3f3ff2199a,a015b02d-845c-40c1-8ef4-844984f47e4d,0,0,3f194c01-8933-4160-928b-93c416002d6f,Jade Melbourne,1,2026-05-09 23:59:59+00:00,21.53285429263305,0.348180468337695,7.497319292256321,0,0,0,1,17.466666666666665,0,0,1,23.166666666666668,,
8f658fb4-cc4e-4499-a66f-025474c73ba8,2026-05-09 02:00:00+00:00,2026-05-09,2026,d6a012ed-84aa-48d3-8265-2d3f3ff2199a,4f57ec40-0d35-4b59-bea0-9d040f0d2292,1,0,43135c04-f4c8-490d-ad59-0eb2e9f2f6cf,Natisha Hiedeman,1,2026-05-08 23:59:59+00:00,21.205800412932227,0.4696745052016083,9.959823816348004,0,0,0,0,0.0,0,0,1,22.53333333333333,,
235de568-8156-4dd4-835a-b696ff560f45,2026-05-10 17:00:00+00:00,2026-05-10,2026,d6a012ed-84aa-48d3-8265-2d3f3ff2199a,a015b02d-845c-40c1-8ef4-844984f47e4d,0,0,43135c04-f4c8-490d-ad59-0eb2e9f2f6cf,Natisha Hiedeman,1,2026-05-09 23:59:59+00:00,21.33095535223668,0.454701559777287,9.699218670201686,0,0,0,1,22.53333333333333,0,0,1,25.5,,
8f658fb4-cc4e-4499-a66f-025474c73ba8,2026-05-09 02:00:00+00:00,2026-05-09,2026,d6a012ed-84aa-48d3-8265-2d3f3ff2199a,4f57ec40-0d35-4b59-bea0-9d040f0d2292,1,0,5a356464-d9e8-454a-9d3b-7c8825266243,Mackenzie Holmes,1,2026-05-08 23:59:59+00:00,1.7406162114710615,0.4465892968842459,0.7773405700261813,0,0,0,0,0.0,0,0,1,11.15,,
235de568-8156-4dd4-835a-b696ff560f45,2026-05-10 17:00:00+00:00,2026-05-10,2026,d6a012ed-84aa-48d3-8265-2d3f3ff2199a,a015b02d-845c-40c1-8ef4-844984f47e4d,0,0,5a356464-d9e8-454a-9d3b-7c8825266243,Mackenzie Holmes,1,2026-05-09 23:59:59+00:00,2.627698436588169,0.4653328857129189,1.222754496280898,0,0,0,1,11.15,0,0,1,22.633333333333333,,
8f658fb4-cc4e-4499-a66f-025474c73ba8,2026-05-09 02:00:00+00:00,2026-05-09,2026,d6a012ed-84aa-48d3-8265-2d3f3ff2199a,4f57ec40-0d35-4b59-bea0-9d040f0d2292,1,0,776e2238-8340-4425-ab90-ba69e1bc7441,Stefanie Dolson,1,2026-05-08 23:59:59+00:00,14.194969463307078,0.3701226406249047,5.253879581349102,0,0,0,0,0.0,0,0,1,27.0,,
235de568-8156-4dd4-835a-b696ff560f45,2026-05-10 17:00:00+00:00,2026-05-10,2026,d6a012ed-84aa-48d3-8265-2d3f3ff2199a,a015b02d-845c-40c1-8ef4-844984f47e4d,0,0,776e2238-8340-4425-ab90-ba69e1bc7441,Stefanie Dolson,1,2026-05-09 23:59:59+00:00,15.402180821295268,0.3814598649363599,5.8753138158166855,0,0,0,1,27.0,0,0,1,20.883333333333333,,
8f658fb4-cc4e-4499-a66f-025474c73ba8,2026-05-09 02:00:00+00:00,2026-05-09,2026,d6a012ed-84aa-48d3-8265-2d3f3ff2199a,4f57ec40-0d35-4b59-bea0-9d040f0d2292,1,0,7ff950fc-3872-4d7c-84ce-db06ebe42123,Ezi Magbegor,1,2026-05-08 23:59:59+00:00,26.84259261164023,0.5272209447073908,14.151977035104592,0,0,0,0,0.0,0,0,0,0.0,DND - Injury/Illness,Right Foot
235de568-8156-4dd4-835a-b696ff560f45,2026-05-10 17:00:00+00:00,2026-05-10,2026,d6a012ed-84aa-48d3-8265-2d3f3ff2199a,a015b02d-845c-40c1-8ef4-844984f47e4d,0,0,7ff950fc-3872-4d7c-84ce-db06ebe42123,Ezi Magbegor,1,2026-05-09 23:59:59+00:00,24.31197133855806,0.5272209447073908,12.817780496813588,0,0,0,0,0.0,0,0,0,0.0,DND - Injury/Illness,Right Foot
8f658fb4-cc4e-4499-a66f-025474c73ba8,2026-05-09 02:00:00+00:00,2026-05-09,2026,d6a012ed-84aa-48d3-8265-2d3f3ff2199a,4f57ec40-0d35-4b59-bea0-9d040f0d2292,1,0,a27cebb1-287d-49b0-b023-179e2c37843f,Dominique Malonga,1,2026-05-08 23:59:59+00:00,19.65970590831617,0.6418062602753581,12.617722327129764,0,0,0,0,0.0,0,0,1,28.616666666666667,,
235de568-8156-4dd4-835a-b696ff560f45,2026-05-10 17:00:00+00:00,2026-05-10,2026,d6a012ed-84aa-48d3-8265-2d3f3ff2199a,a015b02d-845c-40c1-8ef4-844984f47e4d,0,0,a27cebb1-287d-49b0-b023-179e2c37843f,Dominique Malonga,1,2026-05-09 23:59:59+00:00,20.504135347945432,0.6341566056245426,13.002832873519274,0,0,0,1,28.616666666666667,0,0,1,19.6,,
8f658fb4-cc4e-4499-a66f-025474c73ba8,2026-05-09 02:00:00+00:00,2026-05-09,2026,d6a012ed-84aa-48d3-8265-2d3f3ff2199a,4f57ec40-0d35-4b59-bea0-9d040f0d2292,1,0,c68b8f7d-ba79-4e56-bb0f-fc44688e722c,Taina Mair,1,2026-05-08 23:59:59+00:00,0.0,0.4657767596924795,0.0,0,0,0,0,0.0,0,0,0,0.0,DND - Coaches Decision,
235de568-8156-4dd4-835a-b696ff560f45,2026-05-10 17:00:00+00:00,2026-05-10,2026,d6a012ed-84aa-48d3-8265-2d3f3ff2199a,a015b02d-845c-40c1-8ef4-844984f47e4d,0,0,c68b8f7d-ba79-4e56-bb0f-fc44688e722c,Taina Mair,1,2026-05-09 23:59:59+00:00,0.0,0.4657767596924795,0.0,0,0,0,0,0.0,0,0,0,0.0,DND - Coaches Decision,Coach's Decision
8f658fb4-cc4e-4499-a66f-025474c73ba8,2026-05-09 02:00:00+00:00,2026-05-09,2026,d6a012ed-84aa-48d3-8265-2d3f3ff2199a,4f57ec40-0d35-4b59-bea0-9d040f0d2292,1,0,e6959e8f-c586-4eae-bbc9-edd761e78321,Jordan Horston,1,2026-05-08 23:59:59+00:00,0.0,0.4657767596924795,0.0,0,0,0,0,0.0,0,0,1,15.366666666666667,,
235de568-8156-4dd4-835a-b696ff560f45,2026-05-10 17:00:00+00:00,2026-05-10,2026,d6a012ed-84aa-48d3-8265-2d3f3ff2199a,a015b02d-845c-40c1-8ef4-844984f47e4d,0,0,e6959e8f-c586-4eae-bbc9-edd761e78321,Jordan Horston,1,2026-05-09 23:59:59+00:00,1.4487130258113,0.4224945411441559,0.6120733450897069,0,0,0,1,15.366666666666667,0,0,1,15.283333333333331,,
8f658fb4-cc4e-4499-a66f-025474c73ba8,2026-05-09 02:00:00+00:00,2026-05-09,2026,d6a012ed-84aa-48d3-8265-2d3f3ff2199a,4f57ec40-0d35-4b59-bea0-9d040f0d2292,1,0,fa9a0ec0-608d-497c-bb66-864691e4f5d0,Flau'jae Johnson,1,2026-05-08 23:59:59+00:00,0.0,0.4657767596924795,0.0,0,0,0,0,0.0,0,0,1,25.73333333333333,,
235de568-8156-4dd4-835a-b696ff560f45,2026-05-10 17:00:00+00:00,2026-05-10,2026,d6a012ed-84aa-48d3-8265-2d3f3ff2199a,a015b02d-845c-40c1-8ef4-844984f47e4d,0,0,fa9a0ec0-608d-497c-bb66-864691e4f5d0,Flau'jae Johnson,1,2026-05-09 23:59:59+00:00,2.4260443729421337,0.4317138502686187,1.0473569571653651,0,0,0,1,25.73333333333333,0,0,1,29.716666666666665,,
1e37cd3d-41a4-417d-bd13-500d9267312e,2026-05-09 17:00:00+00:00,2026-05-09,2026,5f0b5caf-708b-4300-92f2-53b51d83ec06,f073a15f-0486-4179-b0a3-dfd0294eb595,0,0,07bea9c1-80ca-47e0-9b19-26f1bbe8168f,Awak Kuier,1,2026-05-08 23:59:59+00:00,0.0,0.4657767596924795,0.0,0,0,0,0,0.0,0,0,1,2.183333333333333,,
1e37cd3d-41a4-417d-bd13-500d9267312e,2026-05-09 17:00:00+00:00,2026-05-09,2026,5f0b5caf-708b-4300-92f2-53b51d83ec06,f073a15f-0486-4179-b0a3-dfd0294eb595,0,0,20b2fe63-ee47-4afb-bd2c-ec5abd646b7d,Aziaha James,1,2026-05-08 23:59:59+00:00,15.185640002813136,0.3953627569956943,6.003836498256304,0,0,0,0,0.0,0,0,1,15.616666666666667,,
1e37cd3d-41a4-417d-bd13-500d9267312e,2026-05-09 17:00:00+00:00,2026-05-09,2026,5f0b5caf-708b-4300-92f2-53b51d83ec06,f073a15f-0486-4179-b0a3-dfd0294eb595,0,0,444bce18-54b4-4e5b-80f1-96f7ba6fe296,Jessica Shepard,1,2026-05-08 23:59:59+00:00,20.49186790523287,0.6264175477243711,12.836465641487719,0,0,0,0,0.0,0,0,1,32.083333333333336,,
1e37cd3d-41a4-417d-bd13-500d9267312e,2026-05-09 17:00:00+00:00,2026-05-09,2026,5f0b5caf-708b-4300-92f2-53b51d83ec06,f073a15f-0486-4179-b0a3-dfd0294eb595,0,0,50eab91c-a616-4b89-832e-e17ac12708a8,Odyssey Sims,1,2026-05-08 23:59:59+00:00,28.06410589535128,0.382541009273463,10.735671393565022,0,0,0,0,0.0,0,0,1,25.85,,
1e37cd3d-41a4-417d-bd13-500d9267312e,2026-05-09 17:00:00+00:00,2026-05-09,2026,5f0b5caf-708b-4300-92f2-53b51d83ec06,f073a15f-0486-4179-b0a3-dfd0294eb595,0,0,6c1a6518-c745-45f4-b582-8d0d5d55fa11,Costanza Verona,1,2026-05-08 23:59:59+00:00,0.0,0.4657767596924795,0.0,0,0,0,0,0.0,0,0,0,0.0,,
1e37cd3d-41a4-417d-bd13-500d9267312e,2026-05-09 17:00:00+00:00,2026-05-09,2026,5f0b5caf-708b-4300-92f2-53b51d83ec06,f073a15f-0486-4179-b0a3-dfd0294eb595,0,0,80c92207-2597-4132-a34c-3b467a1a81e1,Paige Bueckers,1,2026-05-08 23:59:59+00:00,28.057955813030446,0.59184018980876,16.60582589402974,0,0,0,0,0.0,0,0,1,32.46666666666667,,
1e37cd3d-41a4-417d-bd13-500d9267312e,2026-05-09 17:00:00+00:00,2026-05-09,2026,5f0b5caf-708b-4300-92f2-53b51d83ec06,f073a15f-0486-4179-b0a3-dfd0294eb595,0,0,8366e375-3316-44e9-b160-201a5de295b5,Dulcy Fankam Mendjiadeu,1,2026-05-08 23:59:59+00:00,0.0,0.4657767596924795,0.0,0,0,0,0,0.0,0,0,0,0.0,DNP – Coach's Decision,
1e37cd3d-41a4-417d-bd13-500d9267312e,2026-05-09 17:00:00+00:00,2026-05-09,2026,5f0b5caf-708b-4300-92f2-53b51d83ec06,f073a15f-0486-4179-b0a3-dfd0294eb595,0,0,88429de7-5dc4-471a-98cd-bc13b057db36,Maddy Siegrist,1,2026-05-08 23:59:59+00:00,26.228695591541275,0.4557852775212505,11.954653299211039,0,0,0,0,0.0,0,0,1,17.733333333333334,,
1e37cd3d-41a4-417d-bd13-500d9267312e,2026-05-09 17:00:00+00:00,2026-05-09,2026,5f0b5caf-708b-4300-92f2-53b51d83ec06,f073a15f-0486-4179-b0a3-dfd0294eb595,0,0,96ebdfad-3ffa-4a02-9990-75977d7c94a1,Alanna Smith,1,2026-05-08 23:59:59+00:00,22.775224487646533,0.5346907435282268,12.177701715322002,0,0,0,0,0.0,0,0,1,19.766666666666666,,
1e37cd3d-41a4-417d-bd13-500d9267312e,2026-05-09 17:00:00+00:00,2026-05-09,2026,5f0b5caf-708b-4300-92f2-53b51d83ec06,f073a15f-0486-4179-b0a3-dfd0294eb595,0,0,9b155e10-fbf5-4e3d-bc35-a9929bf1a494,JJ Quinerly,1,2026-05-08 23:59:59+00:00,6.303520948613567,0.4358087135833344,2.7471293556608782,0,0,0,0,0.0,0,0,0,0.0,DNP – Coach's Decision,
1e37cd3d-41a4-417d-bd13-500d9267312e,2026-05-09 17:00:00+00:00,2026-05-09,2026,5f0b5caf-708b-4300-92f2-53b51d83ec06,f073a15f-0486-4179-b0a3-dfd0294eb595,0,0,b478ebc6-8b1f-4d39-9707-048d24a88c26,Alysha Clark,1,2026-05-08 23:59:59+00:00,22.43909503790871,0.2892346601714565,6.490164027844542,0,0,0,0,0.0,0,0,1,4.183333333333334,,
1e37cd3d-41a4-417d-bd13-500d9267312e,2026-05-09 17:00:00+00:00,2026-05-09,2026,5f0b5caf-708b-4300-92f2-53b51d83ec06,f073a15f-0486-4179-b0a3-dfd0294eb595,0,0,b84a83b9-07b1-4115-b2ad-8cb69a96ef08,Arike Ogunbowale,1,2026-05-08 23:59:59+00:00,5.74108682223311,0.3945129834210517,2.2649332903184693,0,0,0,0,0.0,0,0,1,28.55,,
1e37cd3d-41a4-417d-bd13-500d9267312e,2026-05-09 17:00:00+00:00,2026-05-09,2026,5f0b5caf-708b-4300-92f2-53b51d83ec06,f073a15f-0486-4179-b0a3-dfd0294eb595,0,0,bfe1fd30-eac0-4881-a23a-902c706e9ad1,Li Yueru,1,2026-05-08 23:59:59+00:00,4.155763113704827,0.4747265022899239,1.972850887314576,0,0,0,0,0.0,0,0,1,4.05,,
1e37cd3d-41a4-417d-bd13-500d9267312e,2026-05-09 17:00:00+00:00,2026-05-09,2026,5f0b5caf-708b-4300-92f2-53b51d83ec06,f073a15f-0486-4179-b0a3-dfd0294eb595,0,0,f83b907a-387d-4fe1-b7d7-4d53d5da147c,Azzi Fudd,1,2026-05-08 23:59:59+00:00,0.0,0.4657767596924795,0.0,0,0,0,0,0.0,0,0,1,17.516666666666666,,
1e37cd3d-41a4-417d-bd13-500d9267312e,2026-05-09 17:00:00+00:00,2026-05-09,2026,f073a15f-0486-4179-b0a3-dfd0294eb595,5f0b5caf-708b-4300-92f2-53b51d83ec06,1,0,02ffb4ab-3daf-45e2-b937-eda2c07e5f02,Raven Johnson,1,2026-05-08 23:59:59+00:00,0.0,0.4657767596924795,0.0,0,0,0,0,0.0,0,0,1,11.633333333333333,,
1e37cd3d-41a4-417d-bd13-500d9267312e,2026-05-09 17:00:00+00:00,2026-05-09,2026,f073a15f-0486-4179-b0a3-dfd0294eb595,5f0b5caf-708b-4300-92f2-53b51d83ec06,1,0,206872ae-560b-4199-94f4-a44106b0baff,Monique Billings,1,2026-05-08 23:59:59+00:00,11.929457285854504,0.4971056142235207,5.930200191437957,0,0,0,0,0.0,0,0,0,0.0,DND - Injury/Illness,Ankle
1e37cd3d-41a4-417d-bd13-500d9267312e,2026-05-09 17:00:00+00:00,2026-05-09,2026,f073a15f-0486-4179-b0a3-dfd0294eb595,5f0b5caf-708b-4300-92f2-53b51d83ec06,1,0,2d21f497-2795-432d-b254-5ae9fbbd0096,Caitlin Clark,1,2026-05-08 23:59:59+00:00,0.3465121573871597,0.5598567378365688,0.19399716605548692,0,0,0,0,0.0,0,0,1,30.8,,
1e37cd3d-41a4-417d-bd13-500d9267312e,2026-05-09 17:00:00+00:00,2026-05-09,2026,f073a15f-0486-4179-b0a3-dfd0294eb595,5f0b5caf-708b-4300-92f2-53b51d83ec06,1,0,3762be5d-d392-4e3b-aea3-9c5e356c7486,Shatori Walker-Kimbrough,1,2026-05-08 23:59:59+00:00,3.3144896474050114,0.2938045497987799,0.9738121386685461,0,0,0,0,0.0,0,0,0,0.0,DNP – Coach's Decision,
1e37cd3d-41a4-417d-bd13-500d9267312e,2026-05-09 17:00:00+00:00,2026-05-09,2026,f073a15f-0486-4179-b0a3-dfd0294eb595,5f0b5caf-708b-4300-92f2-53b51d83ec06,1,0,5219e39b-9341-4dfb-a43c-793723729162,Kelsey Mitchell,1,2026-05-08 23:59:59+00:00,31.94477161345335,0.4831031326349763,15.43261923776818,0,0,0,0,0.0,0,0,1,33.11666666666667,,
1e37cd3d-41a4-417d-bd13-500d9267312e,2026-05-09 17:00:00+00:00,2026-05-09,2026,f073a15f-0486-4179-b0a3-dfd0294eb595,5f0b5caf-708b-4300-92f2-53b51d83ec06,1,0,63dde7d8-0af8-4adb-a556-01e0d2395420,Aliyah Boston,1,2026-05-08 23:59:59+00:00,31.310785310585,0.6856045141847515,21.466815751606685,0,0,0,0,0.0,0,0,1,26.15,,
1e37cd3d-41a4-417d-bd13-500d9267312e,2026-05-09 17:00:00+00:00,2026-05-09,2026,f073a15f-0486-4179-b0a3-dfd0294eb595,5f0b5caf-708b-4300-92f2-53b51d83ec06,1,0,6f20a6c1-04f6-4be2-b7a2-511ebe314525,Sophie Cunningham,1,2026-05-08 23:59:59+00:00,2.506240213922946,0.3931920607362314,0.9854337544123766,0,0,0,0,0.0,0,0,1,25.5,,
1e37cd3d-41a4-417d-bd13-500d9267312e,2026-05-09 17:00:00+00:00,2026-05-09,2026,f073a15f-0486-4179-b0a3-dfd0294eb595,5f0b5caf-708b-4300-92f2-53b51d83ec06,1,0,8302ef7b-466b-42f0-bdae-d87d8d56154a,Myisha Hines-Allen,1,2026-05-08 23:59:59+00:00,24.657048815951203,0.5306956022933965,13.085387372158904,0,0,0,0,0.0,0,0,1,21.23333333333333,,
1e37cd3d-41a4-417d-bd13-500d9267312e,2026-05-09 17:00:00+00:00,2026-05-09,2026,f073a15f-0486-4179-b0a3-dfd0294eb595,5f0b5caf-708b-4300-92f2-53b51d83ec06,1,0,96f429a5-5b23-4edf-90b1-642d7f036118,Tyasha Harris,1,2026-05-08 23:59:59+00:00,0.0938307077798767,0.3542689508887297,0.03324130640632388,0,0,0,0,0.0,0,0,1,4.45,,
1e37cd3d-41a4-417d-bd13-500d9267312e,2026-05-09 17:00:00+00:00,2026-05-09,2026,f073a15f-0486-4179-b0a3-dfd0294eb595,5f0b5caf-708b-4300-92f2-53b51d83ec06,1,0,a0cdf85a-daf1-4ba7-959c-b925de9d194f,Justine Pissott,1,2026-05-08 23:59:59+00:00,0.0,0.4657767596924795,0.0,0,0,0,0,0.0,0,0,0,0.0,,
1e37cd3d-41a4-417d-bd13-500d9267312e,2026-05-09 17:00:00+00:00,2026-05-09,2026,f073a15f-0486-4179-b0a3-dfd0294eb595,5f0b5caf-708b-4300-92f2-53b51d83ec06,1,0,dc34b957-189f-4eb4-b7fc-0da87e271275,Lexie Hull,1,2026-05-08 23:59:59+00:00,32.4846906390971,0.3350078704121881,10.882627032002663,0,0,0,0,0.0,0,0,1,14.916666666666666,,
1e37cd3d-41a4-417d-bd13-500d9267312e,2026-05-09 17:00:00+00:00,2026-05-09,2026,f073a15f-0486-4179-b0a3-dfd0294eb595,5f0b5caf-708b-4300-92f2-53b51d83ec06,1,0,e040354c-4d44-405c-a7ac-d4d2cf9062e8,Damiris Dantas,1,2026-05-08 23:59:59+00:00,3.7019077632227337,0.3689399080845454,1.3657815099008606,0,0,0,0,0.0,0,0,1,13.166666666666666,,
1e37cd3d-41a4-417d-bd13-500d9267312e,2026-05-09 17:00:00+00:00,2026-05-09,2026,f073a15f-0486-4179-b0a3-dfd0294eb595,5f0b5caf-708b-4300-92f2-53b51d83ec06,1,0,ee3aab89-0042-4d41-b870-06a924e38c3e,Makayla Timpson,1,2026-05-08 23:59:59+00:00,5.840965586773302,0.5199260128164785,3.0368699485293056,0,0,0,0,0.0,0,0,1,19.03333333333333,,
6c13be8a-ab72-42d8-88d0-17889606673e,2026-05-09 19:30:00+00:00,2026-05-09,2026,0699edf3-5993-4182-b9b4-ec935cbd4fcc,171b097d-01db-4ae8-9d56-035689402ec6,0,0,2af57be3-fd5d-4375-bad1-89e30e6109ae,Marta Suarez,1,2026-05-08 23:59:59+00:00,0.0,0.4657767596924795,0.0,0,0,0,0,0.0,0,0,0,0.0,Inactive - Coaches Decision,
6c13be8a-ab72-42d8-88d0-17889606673e,2026-05-09 19:30:00+00:00,2026-05-09,2026,0699edf3-5993-4182-b9b4-ec935cbd4fcc,171b097d-01db-4ae8-9d56-035689402ec6,0,0,2d7cb487-2113-4eb6-b261-a9fbc45e88ad,Shay Ciezki,1,2026-05-08 23:59:59+00:00,0.0,0.4657767596924795,0.0,0,0,0,0,0.0,0,0,0,0.0,Inactive - Coaches Decision,
6c13be8a-ab72-42d8-88d0-17889606673e,2026-05-09 19:30:00+00:00,2026-05-09,2026,0699edf3-5993-4182-b9b4-ec935cbd4fcc,171b097d-01db-4ae8-9d56-035689402ec6,0,0,485e8571-a199-418e-a0aa-ad0afb37bd95,Kyara Linskens,1,2026-05-08 23:59:59+00:00,1.844389716790532,0.4483733770926241,0.8269752459922795,0,0,0,0,0.0,0,0,1,14.283333333333331,,
6c13be8a-ab72-42d8-88d0-17889606673e,2026-05-09 19:30:00+00:00,2026-05-09,2026,0699edf3-5993-4182-b9b4-ec935cbd4fcc,171b097d-01db-4ae8-9d56-035689402ec6,0,0,4e1ddd46-60f7-4307-a548-508c1ed6c136,Natasha Mack,1,2026-05-08 23:59:59+00:00,13.859856911580684,0.5967917446853964,8.271448187352187,0,0,0,0,0.0,0,0,1,25.28333333333333,,
6c13be8a-ab72-42d8-88d0-17889606673e,2026-05-09 19:30:00+00:00,2026-05-09,2026,0699edf3-5993-4182-b9b4-ec935cbd4fcc,171b097d-01db-4ae8-9d56-035689402ec6,0,0,6434f048-1c61-4a79-a990-73f51f46245e,Kahleah Copper,1,2026-05-08 23:59:59+00:00,32.52363162811845,0.4111682158460578,13.37268358936788,0,0,0,0,0.0,0,0,1,28.133333333333333,,
6c13be8a-ab72-42d8-88d0-17889606673e,2026-05-09 19:30:00+00:00,2026-05-09,2026,0699edf3-5993-4182-b9b4-ec935cbd4fcc,171b097d-01db-4ae8-9d56-035689402ec6,0,0,682d8e9d-7251-4f0c-b93d-f0e20f812eb4,Peyton Williams,1,2026-05-08 23:59:59+00:00,0.0,0.4657767596924795,0.0,0,0,0,0,0.0,0,0,1,5.766666666666667,,
6c13be8a-ab72-42d8-88d0-17889606673e,2026-05-09 19:30:00+00:00,2026-05-09,2026,0699edf3-5993-4182-b9b4-ec935cbd4fcc,171b097d-01db-4ae8-9d56-035689402ec6,0,0,6901f47b-4a2f-4ee2-bb99-8b1ad5637198,Quionche Carter,1,2026-05-08 23:59:59+00:00,0.0,0.4657767596924795,0.0,0,0,0,0,0.0,0,0,1,12.3,,
6c13be8a-ab72-42d8-88d0-17889606673e,2026-05-09 19:30:00+00:00,2026-05-09,2026,0699edf3-5993-4182-b9b4-ec935cbd4fcc,171b097d-01db-4ae8-9d56-035689402ec6,0,0,750b9212-d2d0-414d-929e-1c658dc13999,Kiana Williams,1,2026-05-08 23:59:59+00:00,1.5598585932915503,0.2060552430314139,0.3214170415353298,0,0,0,0,0.0,0,0,1,20.85,,
6c13be8a-ab72-42d8-88d0-17889606673e,2026-05-09 19:30:00+00:00,2026-05-09,2026,0699edf3-5993-4182-b9b4-ec935cbd4fcc,171b097d-01db-4ae8-9d56-035689402ec6,0,0,82661dca-4121-4f2c-9918-7960ae068b83,Sami Whitcomb,1,2026-05-08 23:59:59+00:00,21.87699028087281,0.3324096405968649,7.272122476606038,2,0,0,0,0.0,0,1,0,0.0,Inactive - Not With Team,Left Knee Arthroscopy
6c13be8a-ab72-42d8-88d0-17889606673e,2026-05-09 19:30:00+00:00,2026-05-09,2026,0699edf3-5993-4182-b9b4-ec935cbd4fcc,171b097d-01db-4ae8-9d56-035689402ec6,0,0,87a32879-a19b-4603-86ce-1c8b0e4484ad,Alyssa Thomas,1,2026-05-08 23:59:59+00:00,35.20702288615424,0.7547068707947018,26.570982072406917,0,0,0,0,0.0,0,0,1,26.35,,
6c13be8a-ab72-42d8-88d0-17889606673e,2026-05-09 19:30:00+00:00,2026-05-09,2026,0699edf3-5993-4182-b9b4-ec935cbd4fcc,171b097d-01db-4ae8-9d56-035689402ec6,0,0,b262f7f1-1c78-406c-86aa-7ad15122931f,DeWanna Bonner,1,2026-05-08 23:59:59+00:00,25.7726207467422,0.4591434806940163,11.833330796266031,0,0,0,0,0.0,0,0,1,21.73333333333333,,
6c13be8a-ab72-42d8-88d0-17889606673e,2026-05-09 19:30:00+00:00,2026-05-09,2026,0699edf3-5993-4182-b9b4-ec935cbd4fcc,171b097d-01db-4ae8-9d56-035689402ec6,0,0,b32a710e-06e9-4f21-b0f1-9a7190b630f7,Jovana Nogic,1,2026-05-08 23:59:59+00:00,0.0,0.4657767596924795,0.0,0,0,0,0,0.0,0,0,1,21.066666666666663,,
6c13be8a-ab72-42d8-88d0-17889606673e,2026-05-09 19:30:00+00:00,2026-05-09,2026,0699edf3-5993-4182-b9b4-ec935cbd4fcc,171b097d-01db-4ae8-9d56-035689402ec6,0,0,c5a8b4e2-06c3-423a-90c2-eacf2df7a605,Anneli Maley,1,2026-05-08 23:59:59+00:00,0.0,0.4657767596924795,0.0,0,0,0,0,0.0,0,0,1,5.766666666666667,,
6c13be8a-ab72-42d8-88d0-17889606673e,2026-05-09 19:30:00+00:00,2026-05-09,2026,0699edf3-5993-4182-b9b4-ec935cbd4fcc,171b097d-01db-4ae8-9d56-035689402ec6,0,0,dca4f975-daf6-46b9-b8e1-29f36388248b,Noemie Brochant,1,2026-05-08 23:59:59+00:00,0.0,0.4657767596924795,0.0,0,0,0,0,0.0,0,0,1,18.466666666666665,,
6c13be8a-ab72-42d8-88d0-17889606673e,2026-05-09 19:30:00+00:00,2026-05-09,2026,171b097d-01db-4ae8-9d56-035689402ec6,0699edf3-5993-4182-b9b4-ec935cbd4fcc,1,0,0825c65d-b903-4dd3-8206-e5f7d31bb2b8,Jewell Loyd,1,2026-05-08 23:59:59+00:00,29.481538694207984,0.3673463248414275,10.82993488998764,0,0,0,0,0.0,0,0,1,23.98333333333333,,
9de17155-e91b-435c-855e-11c202996f68,2026-05-10 22:00:00+00:00,2026-05-10,2026,171b097d-01db-4ae8-9d56-035689402ec6,0a5ad38d-2fe3-43ba-894b-1ba3d5042ea9,0,0,0825c65d-b903-4dd3-8206-e5f7d31bb2b8,Jewell Loyd,1,2026-05-09 23:59:59+00:00,28.963188039660174,0.3454465871800793,10.0052344621555,0,0,0,1,23.98333333333333,0,0,1,26.133333333333333,,
6c13be8a-ab72-42d8-88d0-17889606673e,2026-05-09 19:30:00+00:00,2026-05-09,2026,171b097d-01db-4ae8-9d56-035689402ec6,0699edf3-5993-4182-b9b4-ec935cbd4fcc,1,0,3112ab66-5995-4ed1-b460-2b0e5abc2dd1,Kierstan Bell,1,2026-05-08 23:59:59+00:00,9.210537948057295,0.3194305249693969,2.9421269719984933,0,0,0,0,0.0,0,0,1,19.0,,
9de17155-e91b-435c-855e-11c202996f68,2026-05-10 22:00:00+00:00,2026-05-10,2026,171b097d-01db-4ae8-9d56-035689402ec6,0a5ad38d-2fe3-43ba-894b-1ba3d5042ea9,0,0,3112ab66-5995-4ed1-b460-2b0e5abc2dd1,Kierstan Bell,1,2026-05-09 23:59:59+00:00,10.13345255914199,0.295352536955086,2.9929409214565954,0,0,0,1,19.0,0,0,1,7.85,,
6c13be8a-ab72-42d8-88d0-17889606673e,2026-05-09 19:30:00+00:00,2026-05-09,2026,171b097d-01db-4ae8-9d56-035689402ec6,0699edf3-5993-4182-b9b4-ec935cbd4fcc,1,0,3c606b9a-c914-4e6f-ac4f-81b2600f7755,Dana Evans,1,2026-05-08 23:59:59+00:00,19.847232317765933,0.3320970461508866,6.5912072270004805,0,0,0,0,0.0,0,0,0,0.0,Inactive - Injury/Illness,Lower Left Leg
9de17155-e91b-435c-855e-11c202996f68,2026-05-10 22:00:00+00:00,2026-05-10,2026,171b097d-01db-4ae8-9d56-035689402ec6,0a5ad38d-2fe3-43ba-894b-1ba3d5042ea9,0,0,3c606b9a-c914-4e6f-ac4f-81b2600f7755,Dana Evans,1,2026-05-09 23:59:59+00:00,17.97610798034399,0.3320970461508866,5.969812361561619,0,0,0,0,0.0,0,0,0,0.0,Inactive - Injury/Illness,Lower Left Leg
6c13be8a-ab72-42d8-88d0-17889606673e,2026-05-09 19:30:00+00:00,2026-05-09,2026,171b097d-01db-4ae8-9d56-035689402ec6,0699edf3-5993-4182-b9b4-ec935cbd4fcc,1,0,433a5b0e-6b9c-448c-a8f7-33c5849bb6f1,Brianna Turner,1,2026-05-08 23:59:59+00:00,15.786681678827128,0.3473334044447338,5.483241892392332,0,0,0,0,0.0,0,0,1,13.55,,
9de17155-e91b-435c-855e-11c202996f68,2026-05-10 22:00:00+00:00,2026-05-10,2026,171b097d-01db-4ae8-9d56-035689402ec6,0a5ad38d-2fe3-43ba-894b-1ba3d5042ea9,0,0,433a5b0e-6b9c-448c-a8f7-33c5849bb6f1,Brianna Turner,1,2026-05-09 23:59:59+00:00,15.575815525939252,0.3369000957915626,5.247493742720642,0,0,0,1,13.55,0,0,1,16.25,,
6c13be8a-ab72-42d8-88d0-17889606673e,2026-05-09 19:30:00+00:00,2026-05-09,2026,171b097d-01db-4ae8-9d56-035689402ec6,0699edf3-5993-4182-b9b4-ec935cbd4fcc,1,0,4a97e708-71e5-4d58-b1e8-883adf027925,Cheyenne Parker-Tyus,1,2026-05-08 23:59:59+00:00,3.181844867988132,0.5082686159686687,1.6172318872793392,0,0,0,0,0.0,0,0,1,12.266666666666667,,
9de17155-e91b-435c-855e-11c202996f68,2026-05-10 22:00:00+00:00,2026-05-10,2026,171b097d-01db-4ae8-9d56-035689402ec6,0a5ad38d-2fe3-43ba-894b-1ba3d5042ea9,0,0,4a97e708-71e5-4d58-b1e8-883adf027925,Cheyenne Parker-Tyus,1,2026-05-09 23:59:59+00:00,4.038328577982929,0.4821710706366082,1.9471652140284403,0,0,0,1,12.266666666666667,0,0,1,2.9833333333333334,,
6c13be8a-ab72-42d8-88d0-17889606673e,2026-05-09 19:30:00+00:00,2026-05-09,2026,171b097d-01db-4ae8-9d56-035689402ec6,0699edf3-5993-4182-b9b4-ec935cbd4fcc,1,0,4fa92d21-9f96-4bab-a9f8-f530a69287ee,Jackie Young,1,2026-05-08 23:59:59+00:00,34.51386863884248,0.6113009808945011,21.09836175338837,0,0,0,0,0.0,0,0,1,25.266666666666666,,
9de17155-e91b-435c-855e-11c202996f68,2026-05-10 22:00:00+00:00,2026-05-10,2026,171b097d-01db-4ae8-9d56-035689402ec6,0a5ad38d-2fe3-43ba-894b-1ba3d5042ea9,0,0,4fa92d21-9f96-4bab-a9f8-f530a69287ee,Jackie Young,1,2026-05-09 23:59:59+00:00,33.642076321094166,0.5745253735308588,19.328226464730285,0,0,0,1,25.266666666666666,0,0,1,30.916666666666668,,
6c13be8a-ab72-42d8-88d0-17889606673e,2026-05-09 19:30:00+00:00,2026-05-09,2026,171b097d-01db-4ae8-9d56-035689402ec6,0699edf3-5993-4182-b9b4-ec935cbd4fcc,1,0,6340b055-3c1b-427e-88d6-6f9cdd1fc925,A'ja Wilson,1,2026-05-08 23:59:59+00:00,35.427215885509696,0.90774240967325,32.15878631592702,0,0,0,0,0.0,0,0,1,23.6,,
9de17155-e91b-435c-855e-11c202996f68,2026-05-10 22:00:00+00:00,2026-05-10,2026,171b097d-01db-4ae8-9d56-035689402ec6,0a5ad38d-2fe3-43ba-894b-1ba3d5042ea9,0,0,6340b055-3c1b-427e-88d6-6f9cdd1fc925,A'ja Wilson,1,2026-05-09 23:59:59+00:00,34.31218930986413,0.9053073816301124,31.06307826210983,0,0,0,1,23.6,0,0,1,30.016666666666666,,
6c13be8a-ab72-42d8-88d0-17889606673e,2026-05-09 19:30:00+00:00,2026-05-09,2026,171b097d-01db-4ae8-9d56-035689402ec6,0699edf3-5993-4182-b9b4-ec935cbd4fcc,1,0,63b305c4-1d47-4e3e-91ac-9a529fd4c851,Chennedy Carter,1,2026-05-08 23:59:59+00:00,0.0,0.4657767596924795,0.0,0,0,0,0,0.0,0,0,1,19.366666666666667,,
9de17155-e91b-435c-855e-11c202996f68,2026-05-10 22:00:00+00:00,2026-05-10,2026,171b097d-01db-4ae8-9d56-035689402ec6,0a5ad38d-2fe3-43ba-894b-1ba3d5042ea9,0,0,63b305c4-1d47-4e3e-91ac-9a529fd4c851,Chennedy Carter,1,2026-05-09 23:59:59+00:00,1.8258183687556733,0.4715598147246915,0.8609825716913637,0,0,0,1,19.366666666666667,0,0,1,19.5,,
6c13be8a-ab72-42d8-88d0-17889606673e,2026-05-09 19:30:00+00:00,2026-05-09,2026,171b097d-01db-4ae8-9d56-035689402ec6,0699edf3-5993-4182-b9b4-ec935cbd4fcc,1,0,732bf79f-1bfa-450c-ad04-015f7624765a,NaLyssa Smith,1,2026-05-08 23:59:59+00:00,21.91647543028393,0.4557835545938411,9.989169075783394,0,0,0,0,0.0,0,0,1,21.05,,
9de17155-e91b-435c-855e-11c202996f68,2026-05-10 22:00:00+00:00,2026-05-10,2026,171b097d-01db-4ae8-9d56-035689402ec6,0a5ad38d-2fe3-43ba-894b-1ba3d5042ea9,0,0,732bf79f-1bfa-450c-ad04-015f7624765a,NaLyssa Smith,1,2026-05-09 23:59:59+00:00,21.83478730171141,0.4815406792696648,10.514338308974763,0,0,0,1,21.05,0,0,1,15.966666666666669,,
6c13be8a-ab72-42d8-88d0-17889606673e,2026-05-09 19:30:00+00:00,2026-05-09,2026,171b097d-01db-4ae8-9d56-035689402ec6,0699edf3-5993-4182-b9b4-ec935cbd4fcc,1,0,779cd8d9-133e-4e68-8bfb-16a437a34686,Stephanie Talbot,1,2026-05-08 23:59:59+00:00,7.209783685915892,0.3486531608490917,2.513713871132791,0,0,0,0,0.0,0,0,1,19.466666666666665,,
9de17155-e91b-435c-855e-11c202996f68,2026-05-10 22:00:00+00:00,2026-05-10,2026,171b097d-01db-4ae8-9d56-035689402ec6,0a5ad38d-2fe3-43ba-894b-1ba3d5042ea9,0,0,779cd8d9-133e-4e68-8bfb-16a437a34686,Stephanie Talbot,1,2026-05-09 23:59:59+00:00,8.365317700887159,0.2968015782495894,2.4828394961825357,0,0,0,1,19.466666666666665,0,0,1,18.433333333333334,,
6c13be8a-ab72-42d8-88d0-17889606673e,2026-05-09 19:30:00+00:00,2026-05-09,2026,171b097d-01db-4ae8-9d56-035689402ec6,0699edf3-5993-4182-b9b4-ec935cbd4fcc,1,0,96018564-39be-40b9-a4be-b1f187d9e85f,Janiah Barker,1,2026-05-08 23:59:59+00:00,0.0,0.4657767596924795,0.0,0,0,0,0,0.0,0,0,0,0.0,Inactive - Injury/Illness,Concussion Protocol
9de17155-e91b-435c-855e-11c202996f68,2026-05-10 22:00:00+00:00,2026-05-10,2026,171b097d-01db-4ae8-9d56-035689402ec6,0a5ad38d-2fe3-43ba-894b-1ba3d5042ea9,0,0,96018564-39be-40b9-a4be-b1f187d9e85f,Janiah Barker,1,2026-05-09 23:59:59+00:00,0.0,0.4657767596924795,0.0,0,0,0,0,0.0,0,0,0,0.0,Inactive - Injury/Illness,Concussion
6c13be8a-ab72-42d8-88d0-17889606673e,2026-05-09 19:30:00+00:00,2026-05-09,2026,171b097d-01db-4ae8-9d56-035689402ec6,0699edf3-5993-4182-b9b4-ec935cbd4fcc,1,0,ca6b54e3-612d-4523-9582-b88e675f58de,Chelsea Gray,1,2026-05-08 23:59:59+00:00,35.456627610448,0.4693781211298916,16.64256524939432,0,0,0,0,0.0,0,0,1,22.45,,
9de17155-e91b-435c-855e-11c202996f68,2026-05-10 22:00:00+00:00,2026-05-10,2026,171b097d-01db-4ae8-9d56-035689402ec6,0a5ad38d-2fe3-43ba-894b-1ba3d5042ea9,0,0,ca6b54e3-612d-4523-9582-b88e675f58de,Chelsea Gray,1,2026-05-09 23:59:59+00:00,34.23041041905107,0.4430659215394824,15.16632833699156,0,0,0,1,22.45,0,0,1,31.95,,
f88e8fd5-d27c-4709-844b-e24b33649f45,2026-05-10 00:00:00+00:00,2026-05-10,2026,5d70a9af-8c2b-4aec-9e68-9acc6ddb93e4,6f017f37-be96-4bdc-b6d3-0a0429c72e89,0,0,17ba31ce-0f0f-40d1-bd9a-58f51668186e,Sika Kone,1,2026-05-09 23:59:59+00:00,1.1683303052238034,0.4511724891711012,0.5271184919818558,0,0,0,0,0.0,0,0,1,3.066666666666667,,
f88e8fd5-d27c-4709-844b-e24b33649f45,2026-05-10 00:00:00+00:00,2026-05-10,2026,5d70a9af-8c2b-4aec-9e68-9acc6ddb93e4,6f017f37-be96-4bdc-b6d3-0a0429c72e89,0,0,1dc2c9fa-9841-411e-9261-5ae712e6c48a,Madina Okot,1,2026-05-09 23:59:59+00:00,0.0,0.4657767596924795,0.0,0,0,0,0,0.0,0,0,1,9.833333333333334,,
f88e8fd5-d27c-4709-844b-e24b33649f45,2026-05-10 00:00:00+00:00,2026-05-10,2026,5d70a9af-8c2b-4aec-9e68-9acc6ddb93e4,6f017f37-be96-4bdc-b6d3-0a0429c72e89,0,0,26211daa-54a2-4ce8-a02e-c04c9192586b,Aaliyah Nye,1,2026-05-09 23:59:59+00:00,3.3404863162982177,0.2466300600004277,0.8238643406192371,0,0,0,0,0.0,0,0,0,0.0,NWT - Not With Team,
f88e8fd5-d27c-4709-844b-e24b33649f45,2026-05-10 00:00:00+00:00,2026-05-10,2026,5d70a9af-8c2b-4aec-9e68-9acc6ddb93e4,6f017f37-be96-4bdc-b6d3-0a0429c72e89,0,0,293b5925-fd31-4640-8ada-bf6451a2c488,Allisha Gray,1,2026-05-09 23:59:59+00:00,27.66546554951948,0.5313168219923495,14.69912723470952,0,0,0,0,0.0,0,0,1,32.516666666666666,,
f88e8fd5-d27c-4709-844b-e24b33649f45,2026-05-10 00:00:00+00:00,2026-05-10,2026,5d70a9af-8c2b-4aec-9e68-9acc6ddb93e4,6f017f37-be96-4bdc-b6d3-0a0429c72e89,0,0,43e2f045-e419-4b6e-bf2c-45e45f4720cc,Jordin Canada,1,2026-05-09 23:59:59+00:00,19.95277559070709,0.4535371458685582,9.04932489356513,0,0,0,0,0.0,0,0,1,26.633333333333333,,
f88e8fd5-d27c-4709-844b-e24b33649f45,2026-05-10 00:00:00+00:00,2026-05-10,2026,5d70a9af-8c2b-4aec-9e68-9acc6ddb93e4,6f017f37-be96-4bdc-b6d3-0a0429c72e89,0,0,4fcc19db-1149-4081-9313-e3c2b24ae170,Angel Reese,1,2026-05-09 23:59:59+00:00,13.1118198615213,0.6759412399650813,8.862819775395486,0,0,0,0,0.0,0,0,1,32.38333333333333,,
f88e8fd5-d27c-4709-844b-e24b33649f45,2026-05-10 00:00:00+00:00,2026-05-10,2026,5d70a9af-8c2b-4aec-9e68-9acc6ddb93e4,6f017f37-be96-4bdc-b6d3-0a0429c72e89,0,0,ab39141d-852e-4308-8b5d-8d06441ffbbd,Rhyne Howard,1,2026-05-09 23:59:59+00:00,32.05707849415553,0.4787811210740337,15.348323979790083,0,0,0,0,0.0,0,0,1,37.85,,
f88e8fd5-d27c-4709-844b-e24b33649f45,2026-05-10 00:00:00+00:00,2026-05-10,2026,5d70a9af-8c2b-4aec-9e68-9acc6ddb93e4,6f017f37-be96-4bdc-b6d3-0a0429c72e89,0,0,b2bb37a6-6879-4c1f-ae20-5f6492bef87a,Naz Hillmon,1,2026-05-09 23:59:59+00:00,31.89160977812188,0.5029172930353457,16.038842060152618,0,0,0,0,0.0,0,0,1,33.45,,
f88e8fd5-d27c-4709-844b-e24b33649f45,2026-05-10 00:00:00+00:00,2026-05-10,2026,5d70a9af-8c2b-4aec-9e68-9acc6ddb93e4,6f017f37-be96-4bdc-b6d3-0a0429c72e89,0,0,c79f05c7-904e-4aec-b161-9d841092a194,Indya Nivar,1,2026-05-09 23:59:59+00:00,0.0,0.4657767596924795,0.0,0,0,0,0,0.0,0,0,0,0.0,DNP – Coach's Decision,
f88e8fd5-d27c-4709-844b-e24b33649f45,2026-05-10 00:00:00+00:00,2026-05-10,2026,5d70a9af-8c2b-4aec-9e68-9acc6ddb93e4,6f017f37-be96-4bdc-b6d3-0a0429c72e89,0,0,c8b2f823-27fb-4793-b7e9-690de18cc2a3,Isobel Borlase,1,2026-05-09 23:59:59+00:00,0.0,0.4657767596924795,0.0,0,0,0,0,0.0,0,0,1,3.2,,
f88e8fd5-d27c-4709-844b-e24b33649f45,2026-05-10 00:00:00+00:00,2026-05-10,2026,5d70a9af-8c2b-4aec-9e68-9acc6ddb93e4,6f017f37-be96-4bdc-b6d3-0a0429c72e89,0,0,de11f82d-035c-45c2-873a-eb1fad4abc1b,Brionna Jones,1,2026-05-09 23:59:59+00:00,24.940596180509782,0.6443154515188213,16.06961148919375,0,0,0,0,0.0,0,0,0,0.0,DND - Injury/Illness,Right Knee
f88e8fd5-d27c-4709-844b-e24b33649f45,2026-05-10 00:00:00+00:00,2026-05-10,2026,5d70a9af-8c2b-4aec-9e68-9acc6ddb93e4,6f017f37-be96-4bdc-b6d3-0a0429c72e89,0,0,e7fb06e6-823e-4f60-955c-639a49bc860d,Te-Hina Paopao,1,2026-05-09 23:59:59+00:00,17.733316063421068,0.4072023497409847,7.221047969724608,0,0,0,0,0.0,0,0,1,21.066666666666663,,
f88e8fd5-d27c-4709-844b-e24b33649f45,2026-05-10 00:00:00+00:00,2026-05-10,2026,5d70a9af-8c2b-4aec-9e68-9acc6ddb93e4,6f017f37-be96-4bdc-b6d3-0a0429c72e89,0,0,fd230821-bfd6-46f2-9dfe-ef4770a8fa4a,Holly Winterburn,1,2026-05-09 23:59:59+00:00,0.0,0.4657767596924795,0.0,0,0,0,0,0.0,0,0,0,0.0,DNP – Coach's Decision,
f88e8fd5-d27c-4709-844b-e24b33649f45,2026-05-10 00:00:00+00:00,2026-05-10,2026,6f017f37-be96-4bdc-b6d3-0a0429c72e89,5d70a9af-8c2b-4aec-9e68-9acc6ddb93e4,1,0,10530e0b-a55e-4f1e-9bc3-79e485b87ca1,Antonia Delaere,1,2026-05-09 23:59:59+00:00,0.0,0.4657767596924795,0.0,0,0,0,0,0.0,0,0,1,13.516666666666667,,
f88e8fd5-d27c-4709-844b-e24b33649f45,2026-05-10 00:00:00+00:00,2026-05-10,2026,6f017f37-be96-4bdc-b6d3-0a0429c72e89,5d70a9af-8c2b-4aec-9e68-9acc6ddb93e4,1,0,21f994d2-1cc9-4d83-b278-abc3aaf4f63d,Napheesa Collier,1,2026-05-09 23:59:59+00:00,24.321503299483105,0.8062790954682759,19.609919680735928,0,0,0,0,0.0,0,0,0,0.0,DND - Injury/Illness,Left Ankle
f88e8fd5-d27c-4709-844b-e24b33649f45,2026-05-10 00:00:00+00:00,2026-05-10,2026,6f017f37-be96-4bdc-b6d3-0a0429c72e89,5d70a9af-8c2b-4aec-9e68-9acc6ddb93e4,1,0,315d7cfa-1a16-4337-b55f-1dc7c65711c9,Emma Cechova,1,2026-05-09 23:59:59+00:00,0.0,0.4657767596924795,0.0,0,0,0,0,0.0,0,0,1,19.05,,
f88e8fd5-d27c-4709-844b-e24b33649f45,2026-05-10 00:00:00+00:00,2026-05-10,2026,6f017f37-be96-4bdc-b6d3-0a0429c72e89,5d70a9af-8c2b-4aec-9e68-9acc6ddb93e4,1,0,45e35318-295a-4e1c-bfc6-c7b295ed5066,Courtney Williams,1,2026-05-09 23:59:59+00:00,31.148289518653584,0.5640203011555057,17.568267634789876,0,0,0,0,0.0,0,0,1,31.816666666666663,,
f88e8fd5-d27c-4709-844b-e24b33649f45,2026-05-10 00:00:00+00:00,2026-05-10,2026,6f017f37-be96-4bdc-b6d3-0a0429c72e89,5d70a9af-8c2b-4aec-9e68-9acc6ddb93e4,1,0,46479ac7-5745-40d2-abc8-7c660ea759e4,Natasha Howard,1,2026-05-09 23:59:59+00:00,24.25696813157639,0.5867420919161239,14.232584225063883,0,0,0,0,0.0,0,0,1,19.616666666666667,,
f88e8fd5-d27c-4709-844b-e24b33649f45,2026-05-10 00:00:00+00:00,2026-05-10,2026,6f017f37-be96-4bdc-b6d3-0a0429c72e89,5d70a9af-8c2b-4aec-9e68-9acc6ddb93e4,1,0,4adc34e9-cc74-4442-9a54-d31d6623e75a,Olivia Miles,1,2026-05-09 23:59:59+00:00,0.0,0.4657767596924795,0.0,0,0,0,0,0.0,0,0,1,33.78333333333333,,
f88e8fd5-d27c-4709-844b-e24b33649f45,2026-05-10 00:00:00+00:00,2026-05-10,2026,6f017f37-be96-4bdc-b6d3-0a0429c72e89,5d70a9af-8c2b-4aec-9e68-9acc6ddb93e4,1,0,58c646ba-6e6f-409a-a1cf-83e253991797,Nia Coffey,1,2026-05-09 23:59:59+00:00,7.770581065411826,0.4332359628603951,3.3664951698584473,0,0,0,0,0.0,0,0,1,31.05,,
f88e8fd5-d27c-4709-844b-e24b33649f45,2026-05-10 00:00:00+00:00,2026-05-10,2026,6f017f37-be96-4bdc-b6d3-0a0429c72e89,5d70a9af-8c2b-4aec-9e68-9acc6ddb93e4,1,0,8aee996c-a7a5-434b-a5d2-48594ad8aefc,Eliska Hamzova,1,2026-05-09 23:59:59+00:00,0.0,0.4657767596924795,0.0,0,0,0,0,0.0,0,0,0,0.0,DNP – Coach's Decision,
f88e8fd5-d27c-4709-844b-e24b33649f45,2026-05-10 00:00:00+00:00,2026-05-10,2026,6f017f37-be96-4bdc-b6d3-0a0429c72e89,5d70a9af-8c2b-4aec-9e68-9acc6ddb93e4,1,0,9be4b9f9-76d7-4540-87a4-fd78eb60d301,Liatu King,1,2026-05-09 23:59:59+00:00,7.422942240448872,0.396146686728153,2.9405739743282737,0,0,0,0,0.0,0,0,0,0.0,Inactive - Coaches Decision,
f88e8fd5-d27c-4709-844b-e24b33649f45,2026-05-10 00:00:00+00:00,2026-05-10,2026,6f017f37-be96-4bdc-b6d3-0a0429c72e89,5d70a9af-8c2b-4aec-9e68-9acc6ddb93e4,1,0,a3b7b84f-cfa9-42cc-8534-f11d2e90e8de,Anastasiia Olairi Kosu,1,2026-05-09 23:59:59+00:00,2.181734199253129,0.4569747738882492,0.9969974923879591,0,0,0,0,0.0,0,0,1,6.15,,
f88e8fd5-d27c-4709-844b-e24b33649f45,2026-05-10 00:00:00+00:00,2026-05-10,2026,6f017f37-be96-4bdc-b6d3-0a0429c72e89,5d70a9af-8c2b-4aec-9e68-9acc6ddb93e4,1,0,a4d323e8-eea6-49b4-91f2-7edd99b2fa68,Dorka Juhasz,1,2026-05-09 23:59:59+00:00,0.0,0.4657767596924795,0.0,0,0,0,0,0.0,0,0,0,0.0,DND - Injury/Illness,Right Foot
f88e8fd5-d27c-4709-844b-e24b33649f45,2026-05-10 00:00:00+00:00,2026-05-10,2026,6f017f37-be96-4bdc-b6d3-0a0429c72e89,5d70a9af-8c2b-4aec-9e68-9acc6ddb93e4,1,0,b404562d-a1fd-446f-bcd0-6b545dfde9c6,Kayla McBride,1,2026-05-09 23:59:59+00:00,33.31315336262043,0.4284698189004899,14.273680788286223,0,0,0,0,0.0,0,0,1,32.56666666666667,,
f88e8fd5-d27c-4709-844b-e24b33649f45,2026-05-10 00:00:00+00:00,2026-05-10,2026,6f017f37-be96-4bdc-b6d3-0a0429c72e89,5d70a9af-8c2b-4aec-9e68-9acc6ddb93e4,1,0,dfa4c170-3fd7-42a5-997b-a4e9b9b98f0e,Emese Hof,1,2026-05-09 23:59:59+00:00,0.0,0.4657767596924795,0.0,0,0,0,0,0.0,0,0,1,4.133333333333334,,
f88e8fd5-d27c-4709-844b-e24b33649f45,2026-05-10 00:00:00+00:00,2026-05-10,2026,6f017f37-be96-4bdc-b6d3-0a0429c72e89,5d70a9af-8c2b-4aec-9e68-9acc6ddb93e4,1,0,f473955f-a823-4328-92ea-6b06b68b2118,Maya Caldwell,1,2026-05-09 23:59:59+00:00,19.074997932914265,0.3844811460434538,7.3339770660233885,0,0,0,0,0.0,0,0,1,8.316666666666666,,
7def09d1-d666-4e08-a6d4-213059a7ffe9,2026-05-10 01:00:00+00:00,2026-05-10,2026,3c409388-ab73-4c7f-953d-3a71062240f6,d54283cc-c5ec-4dbd-bb61-166f217e3864,0,0,0c6ce2db-d4e6-49cc-8490-78a6842026f2,Jacy Sheldon,1,2026-05-09 23:59:59+00:00,3.54763106570229,0.3259588796847871,1.1563818477112657,0,0,0,0,0.0,0,0,1,34.31666666666667,,
7def09d1-d666-4e08-a6d4-213059a7ffe9,2026-05-10 01:00:00+00:00,2026-05-10,2026,3c409388-ab73-4c7f-953d-3a71062240f6,d54283cc-c5ec-4dbd-bb61-166f217e3864,0,0,1ed5a0c9-ad93-4996-acca-94c7e301bb79,Azura Stevens,1,2026-05-09 23:59:59+00:00,27.17138351066162,0.6275561732376479,17.051569457523332,0,0,0,0,0.0,0,0,0,0.0,Inactive - Injury/Illness,Left knee
7def09d1-d666-4e08-a6d4-213059a7ffe9,2026-05-10 01:00:00+00:00,2026-05-10,2026,3c409388-ab73-4c7f-953d-3a71062240f6,d54283cc-c5ec-4dbd-bb61-166f217e3864,0,0,30d46238-d1eb-476d-a526-4e2203474106,Rachel Banham,1,2026-05-09 23:59:59+00:00,27.86601536146454,0.3105415542949064,8.653555722354936,0,0,0,0,0.0,0,0,1,14.916666666666666,,
7def09d1-d666-4e08-a6d4-213059a7ffe9,2026-05-10 01:00:00+00:00,2026-05-10,2026,3c409388-ab73-4c7f-953d-3a71062240f6,d54283cc-c5ec-4dbd-bb61-166f217e3864,0,0,5370ad82-3e6c-41f8-8d43-e6a41e317b91,Maddy Westbeld,1,2026-05-09 23:59:59+00:00,13.30033280257961,0.3891700456334136,5.1760911237194955,0,0,0,0,0.0,0,0,0,0.0,Inactive – Return to Competition Reconditioning,
7def09d1-d666-4e08-a6d4-213059a7ffe9,2026-05-10 01:00:00+00:00,2026-05-10,2026,3c409388-ab73-4c7f-953d-3a71062240f6,d54283cc-c5ec-4dbd-bb61-166f217e3864,0,0,567a56a2-5497-42cf-9f3e-7f36745d0aa8,Aicha Coulibaly,1,2026-05-09 23:59:59+00:00,0.0,0.4657767596924795,0.0,0,0,0,0,0.0,0,0,1,6.216666666666667,,
7def09d1-d666-4e08-a6d4-213059a7ffe9,2026-05-10 01:00:00+00:00,2026-05-10,2026,3c409388-ab73-4c7f-953d-3a71062240f6,d54283cc-c5ec-4dbd-bb61-166f217e3864,0,0,6bfa50d6-6833-4c5f-b8fa-96c0a19397b0,Gabriela Jaquez,1,2026-05-09 23:59:59+00:00,0.0,0.4657767596924795,0.0,0,0,0,0,0.0,0,0,1,32.0,,
7def09d1-d666-4e08-a6d4-213059a7ffe9,2026-05-10 01:00:00+00:00,2026-05-10,2026,3c409388-ab73-4c7f-953d-3a71062240f6,d54283cc-c5ec-4dbd-bb61-166f217e3864,0,0,7c9b7ef1-edd2-4f69-a627-f321d662365d,Skylar Diggins,1,2026-05-09 23:59:59+00:00,30.849015488493453,0.5160012204013132,15.918129640241636,0,0,0,0,0.0,0,0,1,32.78333333333333,,
7def09d1-d666-4e08-a6d4-213059a7ffe9,2026-05-10 01:00:00+00:00,2026-05-10,2026,3c409388-ab73-4c7f-953d-3a71062240f6,d54283cc-c5ec-4dbd-bb61-166f217e3864,0,0,a1372723-dc8c-45c9-a160-890f80b985ab,Kamilla Cardoso,1,2026-05-09 23:59:59+00:00,30.99307135753645,0.634771231854026,19.67351008456314,0,0,0,0,0.0,0,0,1,24.666666666666668,,
7def09d1-d666-4e08-a6d4-213059a7ffe9,2026-05-10 01:00:00+00:00,2026-05-10,2026,3c409388-ab73-4c7f-953d-3a71062240f6,d54283cc-c5ec-4dbd-bb61-166f217e3864,0,0,ad6ab80c-ed57-44ed-aceb-4628b2b28ecf,Sydney Taylor,1,2026-05-09 23:59:59+00:00,0.0,0.4657767596924795,0.0,0,0,0,0,0.0,0,0,1,4.033333333333333,,
7def09d1-d666-4e08-a6d4-213059a7ffe9,2026-05-10 01:00:00+00:00,2026-05-10,2026,3c409388-ab73-4c7f-953d-3a71062240f6,d54283cc-c5ec-4dbd-bb61-166f217e3864,0,0,b61f397f-0cb5-49db-9e88-f91991757203,Courtney Vandersloot,1,2026-05-09 23:59:59+00:00,0.1320597440225487,0.4617919685794303,0.06098412916226841,0,0,0,0,0.0,0,0,0,0.0,Inactive - Injury/Illness,Right knee
7def09d1-d666-4e08-a6d4-213059a7ffe9,2026-05-10 01:00:00+00:00,2026-05-10,2026,3c409388-ab73-4c7f-953d-3a71062240f6,d54283cc-c5ec-4dbd-bb61-166f217e3864,0,0,ba416583-7ac2-4156-b708-253712fcefe5,Rickea Jackson,1,2026-05-09 23:59:59+00:00,25.66460282606437,0.3545576546350383,9.09958138514916,0,0,0,0,0.0,0,0,1,35.733333333333334,,
7def09d1-d666-4e08-a6d4-213059a7ffe9,2026-05-10 01:00:00+00:00,2026-05-10,2026,3c409388-ab73-4c7f-953d-3a71062240f6,d54283cc-c5ec-4dbd-bb61-166f217e3864,0,0,c8672dba-0deb-4cf1-8304-82365865edaa,Elizabeth Williams,1,2026-05-09 23:59:59+00:00,17.968148610353374,0.5294854170235597,9.51387266009425,0,0,0,0,0.0,0,0,1,15.333333333333334,,
7def09d1-d666-4e08-a6d4-213059a7ffe9,2026-05-10 01:00:00+00:00,2026-05-10,2026,3c409388-ab73-4c7f-953d-3a71062240f6,d54283cc-c5ec-4dbd-bb61-166f217e3864,0,0,d4c299a9-e271-4552-9ed2-2fc285c30362,DiJonai Carrington,1,2026-05-09 23:59:59+00:00,5.5872476262348565,0.4135922397051155,2.3108422595215643,0,0,0,0,0.0,0,0,0,0.0,Inactive - Injury/Illness,Left foot
7def09d1-d666-4e08-a6d4-213059a7ffe9,2026-05-10 01:00:00+00:00,2026-05-10,2026,3c409388-ab73-4c7f-953d-3a71062240f6,d54283cc-c5ec-4dbd-bb61-166f217e3864,0,0,f2c36797-b5c5-47a4-b073-43637c9794ef,Natasha Cloud,1,2026-05-09 23:59:59+00:00,28.12134315343933,0.4657119357651696,13.09644515630483,0,0,0,0,0.0,0,0,0,0.0,Inactive - Injury/Illness,"N/A, Illness"
7def09d1-d666-4e08-a6d4-213059a7ffe9,2026-05-10 01:00:00+00:00,2026-05-10,2026,d54283cc-c5ec-4dbd-bb61-166f217e3864,3c409388-ab73-4c7f-953d-3a71062240f6,1,0,20bc3af4-52f9-4d5e-8247-2a62d77c143b,Sug Sutton,1,2026-05-09 23:59:59+00:00,26.906858189032032,0.2916402838151272,7.847123758822681,0,0,0,0,0.0,0,0,0,0.0,Inactive - Injury/Illness,Right Knee
7def09d1-d666-4e08-a6d4-213059a7ffe9,2026-05-10 01:00:00+00:00,2026-05-10,2026,d54283cc-c5ec-4dbd-bb61-166f217e3864,3c409388-ab73-4c7f-953d-3a71062240f6,1,0,463dfac9-ee01-4fa5-ad71-32e335982ef3,Teja Oblak,1,2026-05-09 23:59:59+00:00,0.0,0.4657767596924795,0.0,2,0,0,0,0.0,0,1,0,0.0,Inactive - Coaches Decision,
7def09d1-d666-4e08-a6d4-213059a7ffe9,2026-05-10 01:00:00+00:00,2026-05-10,2026,d54283cc-c5ec-4dbd-bb61-166f217e3864,3c409388-ab73-4c7f-953d-3a71062240f6,1,0,51691b01-7acc-4673-ad60-64e8726a1b38,Carla Leite,1,2026-05-09 23:59:59+00:00,12.976816965877036,0.3490947978165136,4.530139295004747,0,0,0,0,0.0,0,0,1,28.516666666666666,,
7def09d1-d666-4e08-a6d4-213059a7ffe9,2026-05-10 01:00:00+00:00,2026-05-10,2026,d54283cc-c5ec-4dbd-bb61-166f217e3864,3c409388-ab73-4c7f-953d-3a71062240f6,1,0,7aab70d6-2179-4389-a30e-e3da9c6a1713,Karlie Samuelson,1,2026-05-09 23:59:59+00:00,2.337826812903312,0.2988072242390677,0.6985595407153049,0,0,0,0,0.0,0,0,0,0.0,Inactive - Injury/Illness,Left Foot
7def09d1-d666-4e08-a6d4-213059a7ffe9,2026-05-10 01:00:00+00:00,2026-05-10,2026,d54283cc-c5ec-4dbd-bb61-166f217e3864,3c409388-ab73-4c7f-953d-3a71062240f6,1,0,7c76cfae-0b68-4449-9a96-73d271fbc32e,Emily Engstler,1,2026-05-09 23:59:59+00:00,13.241423188995174,0.5418203720232885,7.174472838379164,0,0,0,0,0.0,0,0,1,23.316666666666663,,
7def09d1-d666-4e08-a6d4-213059a7ffe9,2026-05-10 01:00:00+00:00,2026-05-10,2026,d54283cc-c5ec-4dbd-bb61-166f217e3864,3c409388-ab73-4c7f-953d-3a71062240f6,1,0,7c97d5bc-1718-4284-9d85-87f2f1b23eec,Haley Jones,1,2026-05-09 23:59:59+00:00,20.40190017246667,0.3814096001202676,7.781480586474132,0,0,0,0,0.0,0,0,1,6.5,,
7def09d1-d666-4e08-a6d4-213059a7ffe9,2026-05-10 01:00:00+00:00,2026-05-10,2026,d54283cc-c5ec-4dbd-bb61-166f217e3864,3c409388-ab73-4c7f-953d-3a71062240f6,1,0,8c94ae8d-4431-4e6b-98c6-dcd812ba76c8,Megan Gustafson,1,2026-05-09 23:59:59+00:00,9.261760155253167,0.3040518869862347,2.8160556520186475,0,0,0,0,0.0,0,0,1,13.616666666666667,,
7def09d1-d666-4e08-a6d4-213059a7ffe9,2026-05-10 01:00:00+00:00,2026-05-10,2026,d54283cc-c5ec-4dbd-bb61-166f217e3864,3c409388-ab73-4c7f-953d-3a71062240f6,1,0,96790d35-becb-4099-b2e1-3912feb1881e,Luisa Geiselsoder,1,2026-05-09 23:59:59+00:00,10.644877411397571,0.4451182948220988,4.738229681951564,0,0,0,0,0.0,0,0,1,25.066666666666663,,
7def09d1-d666-4e08-a6d4-213059a7ffe9,2026-05-10 01:00:00+00:00,2026-05-10,2026,d54283cc-c5ec-4dbd-bb61-166f217e3864,3c409388-ab73-4c7f-953d-3a71062240f6,1,0,aafd4205-4c8c-43ad-b216-d6ea01b9e566,Jordan Harrison,1,2026-05-09 23:59:59+00:00,0.0,0.4657767596924795,0.0,0,0,0,0,0.0,0,0,1,11.483333333333333,,
7def09d1-d666-4e08-a6d4-213059a7ffe9,2026-05-10 01:00:00+00:00,2026-05-10,2026,d54283cc-c5ec-4dbd-bb61-166f217e3864,3c409388-ab73-4c7f-953d-3a71062240f6,1,0,ad94ac04-5ef4-4460-9d1b-a2385d58c1b2,Frieda Buhner,1,2026-05-09 23:59:59+00:00,0.0,0.4657767596924795,0.0,0,0,0,0,0.0,0,0,1,12.833333333333334,,
7def09d1-d666-4e08-a6d4-213059a7ffe9,2026-05-10 01:00:00+00:00,2026-05-10,2026,d54283cc-c5ec-4dbd-bb61-166f217e3864,3c409388-ab73-4c7f-953d-3a71062240f6,1,0,d8df74ae-9911-43cb-9ae4-a6949093942a,Kamiah Smalls,1,2026-05-09 23:59:59+00:00,0.3339615027806781,0.4515315526750829,0.1507941558842636,2,0,0,0,0.0,0,1,0,0.0,Inactive - Coaches Decision,
7def09d1-d666-4e08-a6d4-213059a7ffe9,2026-05-10 01:00:00+00:00,2026-05-10,2026,d54283cc-c5ec-4dbd-bb61-166f217e3864,3c409388-ab73-4c7f-953d-3a71062240f6,1,0,e5e663cc-e8a5-4393-8072-2931cb8f0d52,Sarah Ashlee Barker,1,2026-05-09 23:59:59+00:00,10.433805706207568,0.2745661043979997,2.8647693867990323,0,0,0,0,0.0,0,0,1,23.566666666666663,,
7def09d1-d666-4e08-a6d4-213059a7ffe9,2026-05-10 01:00:00+00:00,2026-05-10,2026,d54283cc-c5ec-4dbd-bb61-166f217e3864,3c409388-ab73-4c7f-953d-3a71062240f6,1,0,f41354b6-c59e-4f29-abf3-f3cff87ed231,Bridget Carleton,1,2026-05-09 23:59:59+00:00,28.201071458825577,0.3158241477219311,8.906579358328864,0,0,0,0,0.0,0,0,1,30.383333333333333,,
7def09d1-d666-4e08-a6d4-213059a7ffe9,2026-05-10 01:00:00+00:00,2026-05-10,2026,d54283cc-c5ec-4dbd-bb61-166f217e3864,3c409388-ab73-4c7f-953d-3a71062240f6,1,0,f5316afb-9d4e-4bf6-bf83-92cedcfc57f0,Serah Williams,1,2026-05-09 23:59:59+00:00,0.0,0.4657767596924795,0.0,0,0,0,0,0.0,0,0,1,7.983333333333333,,
7def09d1-d666-4e08-a6d4-213059a7ffe9,2026-05-10 01:00:00+00:00,2026-05-10,2026,d54283cc-c5ec-4dbd-bb61-166f217e3864,3c409388-ab73-4c7f-953d-3a71062240f6,1,0,f7faa479-7be2-4164-8db9-68ab603c1ae0,Nyadiew Puoch,1,2026-05-09 23:59:59+00:00,0.0,0.4657767596924795,0.0,0,0,0,0,0.0,0,0,1,16.75,,
9de17155-e91b-435c-855e-11c202996f68,2026-05-10 22:00:00+00:00,2026-05-10,2026,0a5ad38d-2fe3-43ba-894b-1ba3d5042ea9,171b097d-01db-4ae8-9d56-035689402ec6,1,0,01c9d25e-20dd-4a11-8571-cbdff67d4608,Sania Feagin,1,2026-05-09 23:59:59+00:00,2.0992168103697404,0.3671293658745931,0.7706841364243288,0,0,0,0,0.0,0,0,1,2.9833333333333334,,
9de17155-e91b-435c-855e-11c202996f68,2026-05-10 22:00:00+00:00,2026-05-10,2026,0a5ad38d-2fe3-43ba-894b-1ba3d5042ea9,171b097d-01db-4ae8-9d56-035689402ec6,1,0,074ec352-4d5a-49ac-80ba-e17d29f4995a,Ta'Niya Latson,1,2026-05-09 23:59:59+00:00,0.0,0.4657767596924795,0.0,0,0,0,0,0.0,0,0,1,4.7,,
9de17155-e91b-435c-855e-11c202996f68,2026-05-10 22:00:00+00:00,2026-05-10,2026,0a5ad38d-2fe3-43ba-894b-1ba3d5042ea9,171b097d-01db-4ae8-9d56-035689402ec6,1,0,17346063-d768-4dbc-8e6e-a1123f76d87c,Chance Gray,1,2026-05-09 23:59:59+00:00,0.0,0.4657767596924795,0.0,0,0,0,0,0.0,0,0,1,7.966666666666667,,
9de17155-e91b-435c-855e-11c202996f68,2026-05-10 22:00:00+00:00,2026-05-10,2026,0a5ad38d-2fe3-43ba-894b-1ba3d5042ea9,171b097d-01db-4ae8-9d56-035689402ec6,1,0,1cca5ba9-8ddb-4029-969a-a5768993a0dd,Emma Cannon,1,2026-05-09 23:59:59+00:00,1.2926505771454946,0.4855196165573643,0.6276072125583362,0,0,0,0,0.0,0,0,1,1.8666666666666667,,
9de17155-e91b-435c-855e-11c202996f68,2026-05-10 22:00:00+00:00,2026-05-10,2026,0a5ad38d-2fe3-43ba-894b-1ba3d5042ea9,171b097d-01db-4ae8-9d56-035689402ec6,1,0,1e3a3b1c-7ddb-47bc-896d-536ca782d90d,Jihyun Park,1,2026-05-09 23:59:59+00:00,0.0,0.4657767596924795,0.0,0,0,0,0,0.0,0,0,1,1.8666666666666667,,
9de17155-e91b-435c-855e-11c202996f68,2026-05-10 22:00:00+00:00,2026-05-10,2026,0a5ad38d-2fe3-43ba-894b-1ba3d5042ea9,171b097d-01db-4ae8-9d56-035689402ec6,1,0,28361fd5-c935-4025-a709-2c488f53ed8c,Erica Wheeler,1,2026-05-09 23:59:59+00:00,24.76089539057828,0.3913110798316366,9.68921271288538,0,0,0,0,0.0,0,0,1,18.0,,
9de17155-e91b-435c-855e-11c202996f68,2026-05-10 22:00:00+00:00,2026-05-10,2026,0a5ad38d-2fe3-43ba-894b-1ba3d5042ea9,171b097d-01db-4ae8-9d56-035689402ec6,1,0,2861dedc-439b-4fbb-bc50-1873b498dc52,Ariel Atkins,1,2026-05-09 23:59:59+00:00,16.51277157428827,0.4716041017638301,7.787490805923526,0,0,0,0,0.0,0,0,1,31.75,,
9de17155-e91b-435c-855e-11c202996f68,2026-05-10 22:00:00+00:00,2026-05-10,2026,0a5ad38d-2fe3-43ba-894b-1ba3d5042ea9,171b097d-01db-4ae8-9d56-035689402ec6,1,0,2950ae7e-044f-4580-9c18-1593aa3ff48e,Rae Burrell,1,2026-05-09 23:59:59+00:00,20.757425286683485,0.3724041371504992,7.730151053353317,0,0,0,0,0.0,0,0,1,28.0,,
9de17155-e91b-435c-855e-11c202996f68,2026-05-10 22:00:00+00:00,2026-05-10,2026,0a5ad38d-2fe3-43ba-894b-1ba3d5042ea9,171b097d-01db-4ae8-9d56-035689402ec6,1,0,4daa0bba-2317-4504-a94c-969ccdf7d5d6,Kelsey Plum,1,2026-05-09 23:59:59+00:00,33.4777122268977,0.5009527676769676,16.77075259555746,0,0,0,0,0.0,0,0,1,34.81666666666667,,
9de17155-e91b-435c-855e-11c202996f68,2026-05-10 22:00:00+00:00,2026-05-10,2026,0a5ad38d-2fe3-43ba-894b-1ba3d5042ea9,171b097d-01db-4ae8-9d56-035689402ec6,1,0,55cbf5b3-3dfb-447b-b661-d9ccbf601066,Cameron Brink,1,2026-05-09 23:59:59+00:00,11.224389297704764,0.5652898547898855,6.345033396204671,0,0,0,0,0.0,0,0,1,8.05,,
9de17155-e91b-435c-855e-11c202996f68,2026-05-10 22:00:00+00:00,2026-05-10,2026,0a5ad38d-2fe3-43ba-894b-1ba3d5042ea9,171b097d-01db-4ae8-9d56-035689402ec6,1,0,693b6941-8999-40bb-a3a2-b77c34f1dc78,Dearica Hamby,1,2026-05-09 23:59:59+00:00,29.8274472744902,0.6816838198012168,20.332888192993874,0,0,0,0,0.0,0,0,1,27.2,,
9de17155-e91b-435c-855e-11c202996f68,2026-05-10 22:00:00+00:00,2026-05-10,2026,0a5ad38d-2fe3-43ba-894b-1ba3d5042ea9,171b097d-01db-4ae8-9d56-035689402ec6,1,0,e0a21f37-4dec-43db-aec9-381d39616de6,Laura Ziegler,1,2026-05-09 23:59:59+00:00,0.0,0.4657767596924795,0.0,0,0,0,0,0.0,0,0,0,0.0,Inactive - Coaches Decision,
9de17155-e91b-435c-855e-11c202996f68,2026-05-10 22:00:00+00:00,2026-05-10,2026,0a5ad38d-2fe3-43ba-894b-1ba3d5042ea9,171b097d-01db-4ae8-9d56-035689402ec6,1,0,e49da6d1-dd65-44f9-9a5f-d60010d8c384,Nneka Ogwumike,1,2026-05-09 23:59:59+00:00,31.0400169275053,0.6503370667484434,20.186473560455827,0,0,0,0,0.0,0,0,1,32.8,,
9de17155-e91b-435c-855e-11c202996f68,2026-05-10 22:00:00+00:00,2026-05-10,2026,0a5ad38d-2fe3-43ba-894b-1ba3d5042ea9,171b097d-01db-4ae8-9d56-035689402ec6,1,0,ea77addf-9b42-4d57-8669-c022f61ce2d9,Kate Martin,1,2026-05-09 23:59:59+00:00,15.30442601550756,0.3029549802637429,4.636552081476006,0,0,0,0,0.0,0,0,0,0.0,Inactive - Coaches Decision,
