season,game_id,game_ts,game_date,team_id,franchise_id,opponent_team_id,opponent_franchise_id,is_home,is_playoff,net_rtg_ewma_pre,efg_ewma_pre,tov_pct_ewma_pre,orb_pct_ewma_pre,ftr_ewma_pre,last_completed_game_id,last_completed_game_ts,net_rtg_last_game,efg_last_game,tov_pct_last_game,orb_pct_last_game,ftr_last_game,net_rtg_game,efg_game,tov_pct_game,orb_pct_game,ftr_game,poss_game,poss_opp_game,ortg_game,drtg_game,bronze_file
2026,61500e2a-18d1-4bb9-82ce-ab3010c4ce53,2026-05-08 23:30:00+00:00,2026-05-08,4e4f726e-a015-4306-91a7-28e8576c7868,4e4f726e-a015-4306-91a7-28e8576c7868,5c0d47fe-8539-47b0-9f36-d0b3609ca89b,5c0d47fe-8539-47b0-9f36-d0b3609ca89b,1,0,0.0,0.0,0.0,0.0,0.0,,,0.0,0.0,0.0,0.0,0.0,-6.1323870479453575,0.30952380952380953,0.18735362997658078,0.20454545454545456,0.5555555555555556,85.4,82.68,76.11241217798595,82.2447992259313,game_summary__61500e2a-18d1-4bb9-82ce-ab3010c4ce53__20260510T001532Z.json
2026,61500e2a-18d1-4bb9-82ce-ab3010c4ce53,2026-05-08 23:30:00+00:00,2026-05-08,5c0d47fe-8539-47b0-9f36-d0b3609ca89b,5c0d47fe-8539-47b0-9f36-d0b3609ca89b,4e4f726e-a015-4306-91a7-28e8576c7868,4e4f726e-a015-4306-91a7-28e8576c7868,0,0,0.0,0.0,0.0,0.0,0.0,,,0.0,0.0,0.0,0.0,0.0,6.1323870479453575,0.4296875,0.21770682148040638,0.24324324324324326,0.34375,82.68,85.4,82.2447992259313,76.11241217798595,game_summary__61500e2a-18d1-4bb9-82ce-ab3010c4ce53__20260510T001532Z.json
2026,a01c0aa0-885e-4258-82c5-695c2ada9546,2026-05-08 23:30:00+00:00,2026-05-08,08ed8274-e29f-4248-bc2e-83cc8ed18d75,08ed8274-e29f-4248-bc2e-83cc8ed18d75,a015b02d-845c-40c1-8ef4-844984f47e4d,a015b02d-845c-40c1-8ef4-844984f47e4d,1,0,0.0,0.0,0.0,0.0,0.0,,,0.0,0.0,0.0,0.0,0.0,36.388829162371735,0.5970149253731343,0.1964207769532955,0.25925925925925924,0.4626865671641791,91.64,94.6,115.67001309471847,79.28118393234674,game_summary__a01c0aa0-885e-4258-82c5-695c2ada9546__20260510T001533Z.json
2026,a01c0aa0-885e-4258-82c5-695c2ada9546,2026-05-08 23:30:00+00:00,2026-05-08,a015b02d-845c-40c1-8ef4-844984f47e4d,a015b02d-845c-40c1-8ef4-844984f47e4d,08ed8274-e29f-4248-bc2e-83cc8ed18d75,08ed8274-e29f-4248-bc2e-83cc8ed18d75,0,0,0.0,0.0,0.0,0.0,0.0,,,0.0,0.0,0.0,0.0,0.0,-36.388829162371735,0.40963855421686746,0.17970401691331925,0.2857142857142857,0.18072289156626506,94.6,91.64,79.28118393234674,115.67001309471847,game_summary__a01c0aa0-885e-4258-82c5-695c2ada9546__20260510T001533Z.json
2026,8f658fb4-cc4e-4499-a66f-025474c73ba8,2026-05-09 02:00:00+00:00,2026-05-09,4f57ec40-0d35-4b59-bea0-9d040f0d2292,4f57ec40-0d35-4b59-bea0-9d040f0d2292,d6a012ed-84aa-48d3-8265-2d3f3ff2199a,d6a012ed-84aa-48d3-8265-2d3f3ff2199a,0,0,0.0,0.0,0.0,0.0,0.0,,,0.0,0.0,0.0,0.0,0.0,8.77720158440826,0.5202702702702703,0.11295180722891565,0.3170731707317073,0.2972972972972973,79.68,75.88,114.20682730923694,105.42962572482868,game_summary__8f658fb4-cc4e-4499-a66f-025474c73ba8__20260510T001534Z.json
2026,8f658fb4-cc4e-4499-a66f-025474c73ba8,2026-05-09 02:00:00+00:00,2026-05-09,d6a012ed-84aa-48d3-8265-2d3f3ff2199a,d6a012ed-84aa-48d3-8265-2d3f3ff2199a,4f57ec40-0d35-4b59-bea0-9d040f0d2292,4f57ec40-0d35-4b59-bea0-9d040f0d2292,1,0,0.0,0.0,0.0,0.0,0.0,,,0.0,0.0,0.0,0.0,0.0,-8.77720158440826,0.48412698412698413,0.18450184501845018,0.37142857142857144,0.42857142857142855,75.88,79.68,105.42962572482868,114.20682730923694,game_summary__8f658fb4-cc4e-4499-a66f-025474c73ba8__20260510T001534Z.json
2026,1e37cd3d-41a4-417d-bd13-500d9267312e,2026-05-09 17:00:00+00:00,2026-05-09,5f0b5caf-708b-4300-92f2-53b51d83ec06,5f0b5caf-708b-4300-92f2-53b51d83ec06,f073a15f-0486-4179-b0a3-dfd0294eb595,f073a15f-0486-4179-b0a3-dfd0294eb595,0,0,0.0,0.0,0.0,0.0,0.0,,,0.0,0.0,0.0,0.0,0.0,6.613598707238282,0.6818181818181818,0.1877208480565371,0.125,0.36363636363636365,90.56,93.24,118.15371024734982,111.54011154011154,game_summary__1e37cd3d-41a4-417d-bd13-500d9267312e__20260510T001536Z.json
2026,1e37cd3d-41a4-417d-bd13-500d9267312e,2026-05-09 17:00:00+00:00,2026-05-09,f073a15f-0486-4179-b0a3-dfd0294eb595,f073a15f-0486-4179-b0a3-dfd0294eb595,5f0b5caf-708b-4300-92f2-53b51d83ec06,5f0b5caf-708b-4300-92f2-53b51d83ec06,1,0,0.0,0.0,0.0,0.0,0.0,,,0.0,0.0,0.0,0.0,0.0,-6.613598707238282,0.564935064935065,0.15015015015015015,0.22580645161290322,0.2727272727272727,93.24,90.56,111.54011154011154,118.15371024734982,game_summary__1e37cd3d-41a4-417d-bd13-500d9267312e__20260510T001536Z.json
2026,6c13be8a-ab72-42d8-88d0-17889606673e,2026-05-09 19:30:00+00:00,2026-05-09,0699edf3-5993-4182-b9b4-ec935cbd4fcc,0699edf3-5993-4182-b9b4-ec935cbd4fcc,171b097d-01db-4ae8-9d56-035689402ec6,FR_LVA_ACES,0,0,0.0,0.0,0.0,0.0,0.0,,,0.0,0.0,0.0,0.0,0.0,39.8463467547718,0.564935064935065,0.09456264775413713,0.19444444444444445,0.19480519480519481,84.6,85.52,117.02127659574468,77.17492984097288,game_summary__6c13be8a-ab72-42d8-88d0-17889606673e__20260510T001537Z.json
2026,6c13be8a-ab72-42d8-88d0-17889606673e,2026-05-09 19:30:00+00:00,2026-05-09,171b097d-01db-4ae8-9d56-035689402ec6,FR_LVA_ACES,0699edf3-5993-4182-b9b4-ec935cbd4fcc,0699edf3-5993-4182-b9b4-ec935cbd4fcc,1,0,0.0,0.0,0.0,0.0,0.0,,,0.0,0.0,0.0,0.0,0.0,-39.8463467547718,0.43661971830985913,0.19878391019644528,0.16666666666666666,0.11267605633802817,85.52,84.6,77.17492984097288,117.02127659574468,game_summary__6c13be8a-ab72-42d8-88d0-17889606673e__20260510T001537Z.json
2026,f88e8fd5-d27c-4709-844b-e24b33649f45,2026-05-10 00:00:00+00:00,2026-05-10,5d70a9af-8c2b-4aec-9e68-9acc6ddb93e4,5d70a9af-8c2b-4aec-9e68-9acc6ddb93e4,6f017f37-be96-4bdc-b6d3-0a0429c72e89,6f017f37-be96-4bdc-b6d3-0a0429c72e89,0,0,0.0,0.0,0.0,0.0,0.0,,,0.0,0.0,0.0,0.0,0.0,0.5286177731433241,0.4726027397260274,0.23809523809523808,0.5135135135135135,0.410958904109589,88.2,87.68,103.17460317460316,102.64598540145984,game_summary__f88e8fd5-d27c-4709-844b-e24b33649f45__20260510T191511Z.json
2026,f88e8fd5-d27c-4709-844b-e24b33649f45,2026-05-10 00:00:00+00:00,2026-05-10,6f017f37-be96-4bdc-b6d3-0a0429c72e89,6f017f37-be96-4bdc-b6d3-0a0429c72e89,5d70a9af-8c2b-4aec-9e68-9acc6ddb93e4,5d70a9af-8c2b-4aec-9e68-9acc6ddb93e4,1,0,0.0,0.0,0.0,0.0,0.0,,,0.0,0.0,0.0,0.0,0.0,-0.5286177731433241,0.5357142857142857,0.17107664233576642,0.20588235294117646,0.3142857142857143,87.68,88.2,102.64598540145984,103.17460317460316,game_summary__f88e8fd5-d27c-4709-844b-e24b33649f45__20260510T191511Z.json
2026,7def09d1-d666-4e08-a6d4-213059a7ffe9,2026-05-10 01:00:00+00:00,2026-05-10,3c409388-ab73-4c7f-953d-3a71062240f6,3c409388-ab73-4c7f-953d-3a71062240f6,d54283cc-c5ec-4dbd-bb61-166f217e3864,d54283cc-c5ec-4dbd-bb61-166f217e3864,0,0,0.0,0.0,0.0,0.0,0.0,,,0.0,0.0,0.0,0.0,0.0,23.17007233947345,0.5217391304347826,0.1358695652173913,0.4,0.4927536231884058,80.96000000000001,84.8,121.0474308300395,97.87735849056605,game_summary__7def09d1-d666-4e08-a6d4-213059a7ffe9__20260510T191513Z.json
2026,7def09d1-d666-4e08-a6d4-213059a7ffe9,2026-05-10 01:00:00+00:00,2026-05-10,d54283cc-c5ec-4dbd-bb61-166f217e3864,d54283cc-c5ec-4dbd-bb61-166f217e3864,3c409388-ab73-4c7f-953d-3a71062240f6,3c409388-ab73-4c7f-953d-3a71062240f6,1,0,0.0,0.0,0.0,0.0,0.0,,,0.0,0.0,0.0,0.0,0.0,-23.17007233947345,0.47183098591549294,0.09433962264150944,0.08571428571428572,0.28169014084507044,84.8,80.96000000000001,97.87735849056605,121.0474308300395,game_summary__7def09d1-d666-4e08-a6d4-213059a7ffe9__20260510T191513Z.json
2026,235de568-8156-4dd4-835a-b696ff560f45,2026-05-10 17:00:00+00:00,2026-05-10,a015b02d-845c-40c1-8ef4-844984f47e4d,a015b02d-845c-40c1-8ef4-844984f47e4d,d6a012ed-84aa-48d3-8265-2d3f3ff2199a,d6a012ed-84aa-48d3-8265-2d3f3ff2199a,1,0,-3.4306054751551,0.038619221867797246,0.01694183623164467,0.02693609592459808,0.017037892000498787,a01c0aa0-885e-4258-82c5-695c2ada9546,2026-05-08 23:30:00+00:00,-36.388829162371735,0.40963855421686746,0.17970401691331925,0.2857142857142857,0.18072289156626506,-16.13342442879427,0.4520547945205479,0.1985002205558006,0.2857142857142857,0.3013698630136986,90.68,83.52,90.42787825319806,106.56130268199233,game_summary__235de568-8156-4dd4-835a-b696ff560f45__20260510T193916Z.json
2026,235de568-8156-4dd4-835a-b696ff560f45,2026-05-10 17:00:00+00:00,2026-05-10,d6a012ed-84aa-48d3-8265-2d3f3ff2199a,d6a012ed-84aa-48d3-8265-2d3f3ff2199a,a015b02d-845c-40c1-8ef4-844984f47e4d,a015b02d-845c-40c1-8ef4-844984f47e4d,0,0,-0.8274824033950431,0.04564171809445786,0.01739415788488806,0.03501692470197751,0.04040414388689712,8f658fb4-cc4e-4499-a66f-025474c73ba8,2026-05-09 02:00:00+00:00,-8.77720158440826,0.48412698412698413,0.18450184501845018,0.37142857142857144,0.42857142857142855,16.13342442879427,0.5245901639344263,0.1795977011494253,0.18421052631578946,0.5409836065573771,83.52,90.68,106.56130268199233,90.42787825319806,game_summary__235de568-8156-4dd4-835a-b696ff560f45__20260510T193916Z.json
2026,1ef40916-c578-4316-b5d3-6c626d6dd895,2026-05-10 19:00:00+00:00,2026-05-10,08ed8274-e29f-4248-bc2e-83cc8ed18d75,08ed8274-e29f-4248-bc2e-83cc8ed18d75,5c0d47fe-8539-47b0-9f36-d0b3609ca89b,5c0d47fe-8539-47b0-9f36-d0b3609ca89b,0,0,3.4306054751551,0.05628437954393629,0.01851783111359318,0.024442012968616776,0.043620394146550626,a01c0aa0-885e-4258-82c5-695c2ada9546,2026-05-08 23:30:00+00:00,36.388829162371735,0.5970149253731343,0.1964207769532955,0.25925925925925924,0.4626865671641791,2.5256138433989435,0.5434782608695652,0.17913121361397225,0.25806451612903225,0.4057971014492754,89.32,86.76,109.717868338558,107.19225449515906,game_summary__1ef40916-c578-4316-b5d3-6c626d6dd895__20260511T015058Z.json
2026,1ef40916-c578-4316-b5d3-6c626d6dd895,2026-05-10 19:00:00+00:00,2026-05-10,5c0d47fe-8539-47b0-9f36-d0b3609ca89b,5c0d47fe-8539-47b0-9f36-d0b3609ca89b,08ed8274-e29f-4248-bc2e-83cc8ed18d75,08ed8274-e29f-4248-bc2e-83cc8ed18d75,1,0,0.5781389801957665,0.04050936301160259,0.020524601393924518,0.022932081665536206,0.032407490409282064,61500e2a-18d1-4bb9-82ce-ab3010c4ce53,2026-05-08 23:30:00+00:00,6.1323870479453575,0.4296875,0.21770682148040638,0.24324324324324326,0.34375,-2.5256138433989435,0.45625,0.14983863531581373,0.4222222222222222,0.3625,86.76,89.32,107.19225449515906,109.717868338558,game_summary__1ef40916-c578-4316-b5d3-6c626d6dd895__20260511T015058Z.json
2026,9de17155-e91b-435c-855e-11c202996f68,2026-05-10 22:00:00+00:00,2026-05-10,0a5ad38d-2fe3-43ba-894b-1ba3d5042ea9,0a5ad38d-2fe3-43ba-894b-1ba3d5042ea9,171b097d-01db-4ae8-9d56-035689402ec6,FR_LVA_ACES,1,0,0.0,0.0,0.0,0.0,0.0,,,0.0,0.0,0.0,0.0,0.0,-35.23467288576195,0.42948717948717946,0.21338724168912845,0.375,0.20512820512820512,89.04,85.48,87.6010781671159,122.83575105287785,game_summary__9de17155-e91b-435c-855e-11c202996f68__20260511T015100Z.json
2026,9de17155-e91b-435c-855e-11c202996f68,2026-05-10 22:00:00+00:00,2026-05-10,171b097d-01db-4ae8-9d56-035689402ec6,FR_LVA_ACES,0a5ad38d-2fe3-43ba-894b-1ba3d5042ea9,0a5ad38d-2fe3-43ba-894b-1ba3d5042ea9,0,0,-3.7565675645096577,0.041162907152378754,0.018740618656613493,0.015712722622682213,0.010622685716742906,6c13be8a-ab72-42d8-88d0-17889606673e,2026-05-09 19:30:00+00:00,-39.8463467547718,0.43661971830985913,0.19878391019644528,0.16666666666666666,0.11267605633802817,35.23467288576195,0.6739130434782609,0.1754796443612541,0.2608695652173913,0.2463768115942029,85.48,89.04,122.83575105287785,87.6010781671159,game_summary__9de17155-e91b-435c-855e-11c202996f68__20260511T015100Z.json
