season_year,season_type,game_id,scheduled,status,side,team_id,opponent_id,player_id,player_name,played,active,starter,on_court,minutes,minutes_raw,not_playing_reason,not_playing_description,bronze_file
2026,REG,61500e2a-18d1-4bb9-82ce-ab3010c4ce53,2026-05-08T23:30:00+00:00,closed,home,4e4f726e-a015-4306-91a7-28e8576c7868,5c0d47fe-8539-47b0-9f36-d0b3609ca89b,01f03e6b-1158-401e-8c72-73ee09c13651,Kiki Rice,True,True,,False,17.566666666666666,17:34,,,game_summary__61500e2a-18d1-4bb9-82ce-ab3010c4ce53__20260510T001532Z.json
2026,REG,61500e2a-18d1-4bb9-82ce-ab3010c4ce53,2026-05-08T23:30:00+00:00,closed,home,4e4f726e-a015-4306-91a7-28e8576c7868,5c0d47fe-8539-47b0-9f36-d0b3609ca89b,06e3bb10-73ab-4d8e-8ad4-6850ea710b30,Brittney Sykes,True,True,True,True,27.75,27:45,,,game_summary__61500e2a-18d1-4bb9-82ce-ab3010c4ce53__20260510T001532Z.json
2026,REG,61500e2a-18d1-4bb9-82ce-ab3010c4ce53,2026-05-08T23:30:00+00:00,closed,home,4e4f726e-a015-4306-91a7-28e8576c7868,5c0d47fe-8539-47b0-9f36-d0b3609ca89b,1359b409-f610-4d01-9867-58aca845b2da,Nyara Sabally,True,True,True,True,25.533333333333335,25:32,,,game_summary__61500e2a-18d1-4bb9-82ce-ab3010c4ce53__20260510T001532Z.json
2026,REG,61500e2a-18d1-4bb9-82ce-ab3010c4ce53,2026-05-08T23:30:00+00:00,closed,home,4e4f726e-a015-4306-91a7-28e8576c7868,5c0d47fe-8539-47b0-9f36-d0b3609ca89b,184cc47d-af49-47fb-bcec-c0df1de4813f,Isabelle Harrison,,,,False,0.0,00:00,Inactive - Injury/Illness,Right Hand,game_summary__61500e2a-18d1-4bb9-82ce-ab3010c4ce53__20260510T001532Z.json
2026,REG,61500e2a-18d1-4bb9-82ce-ab3010c4ce53,2026-05-08T23:30:00+00:00,closed,home,4e4f726e-a015-4306-91a7-28e8576c7868,5c0d47fe-8539-47b0-9f36-d0b3609ca89b,25318651-8344-43b8-9842-79938e694b77,Julie Allemand,True,True,True,True,30.3,30:18,,,game_summary__61500e2a-18d1-4bb9-82ce-ab3010c4ce53__20260510T001532Z.json
2026,REG,61500e2a-18d1-4bb9-82ce-ab3010c4ce53,2026-05-08T23:30:00+00:00,closed,home,4e4f726e-a015-4306-91a7-28e8576c7868,5c0d47fe-8539-47b0-9f36-d0b3609ca89b,36211055-b368-4e99-97f2-7080386db4d5,Marina Mabrey,True,True,True,True,29.95,29:57,,,game_summary__61500e2a-18d1-4bb9-82ce-ab3010c4ce53__20260510T001532Z.json
2026,REG,61500e2a-18d1-4bb9-82ce-ab3010c4ce53,2026-05-08T23:30:00+00:00,closed,home,4e4f726e-a015-4306-91a7-28e8576c7868,5c0d47fe-8539-47b0-9f36-d0b3609ca89b,638aaa5d-b6a8-4f7e-bce6-26ea3867fd74,Teonni Key,True,True,,False,9.333333333333334,9:20,,,game_summary__61500e2a-18d1-4bb9-82ce-ab3010c4ce53__20260510T001532Z.json
2026,REG,61500e2a-18d1-4bb9-82ce-ab3010c4ce53,2026-05-08T23:30:00+00:00,closed,home,4e4f726e-a015-4306-91a7-28e8576c7868,5c0d47fe-8539-47b0-9f36-d0b3609ca89b,6a32c622-278c-4c75-b83f-345bcd252ab4,Temi Fagbenle,True,True,True,False,15.633333333333333,15:38,,,game_summary__61500e2a-18d1-4bb9-82ce-ab3010c4ce53__20260510T001532Z.json
2026,REG,61500e2a-18d1-4bb9-82ce-ab3010c4ce53,2026-05-08T23:30:00+00:00,closed,home,4e4f726e-a015-4306-91a7-28e8576c7868,5c0d47fe-8539-47b0-9f36-d0b3609ca89b,76ddd9ea-0712-48bf-95aa-ca67a69e6b63,Laura Juskaite,True,True,,True,15.15,15:09,,,game_summary__61500e2a-18d1-4bb9-82ce-ab3010c4ce53__20260510T001532Z.json
2026,REG,61500e2a-18d1-4bb9-82ce-ab3010c4ce53,2026-05-08T23:30:00+00:00,closed,home,4e4f726e-a015-4306-91a7-28e8576c7868,5c0d47fe-8539-47b0-9f36-d0b3609ca89b,7b59128c-b3e2-4406-a75a-3190ab9b9890,Maria Conde,True,True,,False,15.45,15:27,,,game_summary__61500e2a-18d1-4bb9-82ce-ab3010c4ce53__20260510T001532Z.json
2026,REG,61500e2a-18d1-4bb9-82ce-ab3010c4ce53,2026-05-08T23:30:00+00:00,closed,home,4e4f726e-a015-4306-91a7-28e8576c7868,5c0d47fe-8539-47b0-9f36-d0b3609ca89b,bb530f02-2c99-4c5b-924b-16221a1661ad,Mariella Fasoula,True,True,,False,1.3333333333333333,1:20,,,game_summary__61500e2a-18d1-4bb9-82ce-ab3010c4ce53__20260510T001532Z.json
2026,REG,61500e2a-18d1-4bb9-82ce-ab3010c4ce53,2026-05-08T23:30:00+00:00,closed,home,4e4f726e-a015-4306-91a7-28e8576c7868,5c0d47fe-8539-47b0-9f36-d0b3609ca89b,c0d2573a-fc13-405d-bb9e-cc37552806ed,Kia Nurse,True,True,,False,10.05,10:03,,,game_summary__61500e2a-18d1-4bb9-82ce-ab3010c4ce53__20260510T001532Z.json
2026,REG,61500e2a-18d1-4bb9-82ce-ab3010c4ce53,2026-05-08T23:30:00+00:00,closed,home,4e4f726e-a015-4306-91a7-28e8576c7868,5c0d47fe-8539-47b0-9f36-d0b3609ca89b,c474334a-58d4-4b80-85b7-f1947fa79bac,Lexi Held,True,True,,False,1.9666666666666668,1:58,,,game_summary__61500e2a-18d1-4bb9-82ce-ab3010c4ce53__20260510T001532Z.json
2026,REG,61500e2a-18d1-4bb9-82ce-ab3010c4ce53,2026-05-08T23:30:00+00:00,closed,away,5c0d47fe-8539-47b0-9f36-d0b3609ca89b,4e4f726e-a015-4306-91a7-28e8576c7868,02cb88c5-7e72-4e85-a930-eb9da814db71,Angela Dugalic,True,True,,False,12.433333333333334,12:26,,,game_summary__61500e2a-18d1-4bb9-82ce-ab3010c4ce53__20260510T001532Z.json
2026,REG,61500e2a-18d1-4bb9-82ce-ab3010c4ce53,2026-05-08T23:30:00+00:00,closed,away,5c0d47fe-8539-47b0-9f36-d0b3609ca89b,4e4f726e-a015-4306-91a7-28e8576c7868,058cc518-ed77-4c82-9680-9e64bba2f626,Lauren Betts,True,True,,False,12.05,12:03,,,game_summary__61500e2a-18d1-4bb9-82ce-ab3010c4ce53__20260510T001532Z.json
2026,REG,61500e2a-18d1-4bb9-82ce-ab3010c4ce53,2026-05-08T23:30:00+00:00,closed,away,5c0d47fe-8539-47b0-9f36-d0b3609ca89b,4e4f726e-a015-4306-91a7-28e8576c7868,15b29fa3-09c7-4a75-83d2-ee2232745392,Cassandre Prosper,True,True,True,False,18.616666666666667,18:37,,,game_summary__61500e2a-18d1-4bb9-82ce-ab3010c4ce53__20260510T001532Z.json
2026,REG,61500e2a-18d1-4bb9-82ce-ab3010c4ce53,2026-05-08T23:30:00+00:00,closed,away,5c0d47fe-8539-47b0-9f36-d0b3609ca89b,4e4f726e-a015-4306-91a7-28e8576c7868,18d3a6ec-6865-47c0-a4b3-b5a8687ad49e,Alex Wilson,True,True,,False,17.166666666666668,17:10,,,game_summary__61500e2a-18d1-4bb9-82ce-ab3010c4ce53__20260510T001532Z.json
2026,REG,61500e2a-18d1-4bb9-82ce-ab3010c4ce53,2026-05-08T23:30:00+00:00,closed,away,5c0d47fe-8539-47b0-9f36-d0b3609ca89b,4e4f726e-a015-4306-91a7-28e8576c7868,26c2f575-8b8d-44de-a3ca-ccbfac38b598,Cotie McMahon,,,,False,0.0,00:00,Inactive - Injury/Illness,Left Elbow Strain,game_summary__61500e2a-18d1-4bb9-82ce-ab3010c4ce53__20260510T001532Z.json
2026,REG,61500e2a-18d1-4bb9-82ce-ab3010c4ce53,2026-05-08T23:30:00+00:00,closed,away,5c0d47fe-8539-47b0-9f36-d0b3609ca89b,4e4f726e-a015-4306-91a7-28e8576c7868,4945c3b5-f536-470c-8f2b-76568b59fe52,Kiki Iriafen,True,True,True,True,27.566666666666666,27:34,,,game_summary__61500e2a-18d1-4bb9-82ce-ab3010c4ce53__20260510T001532Z.json
2026,REG,61500e2a-18d1-4bb9-82ce-ab3010c4ce53,2026-05-08T23:30:00+00:00,closed,away,5c0d47fe-8539-47b0-9f36-d0b3609ca89b,4e4f726e-a015-4306-91a7-28e8576c7868,4d70f9da-972d-4903-b9e5-d4d4aaa0a91d,Michaela Onyenwere,,,,False,0.0,00:00,Inactive - Injury/Illness,Left Leg Injury Management,game_summary__61500e2a-18d1-4bb9-82ce-ab3010c4ce53__20260510T001532Z.json
2026,REG,61500e2a-18d1-4bb9-82ce-ab3010c4ce53,2026-05-08T23:30:00+00:00,closed,away,5c0d47fe-8539-47b0-9f36-d0b3609ca89b,4e4f726e-a015-4306-91a7-28e8576c7868,4e5370b1-4813-4e01-914e-e7f4a00ba565,Sonia Citron,True,True,True,True,34.28333333333333,34:17,,,game_summary__61500e2a-18d1-4bb9-82ce-ab3010c4ce53__20260510T001532Z.json
2026,REG,61500e2a-18d1-4bb9-82ce-ab3010c4ce53,2026-05-08T23:30:00+00:00,closed,away,5c0d47fe-8539-47b0-9f36-d0b3609ca89b,4e4f726e-a015-4306-91a7-28e8576c7868,54e15980-ce12-4c08-893f-f19a8c57be49,Lucy Olsen,True,True,,True,9.933333333333334,9:56,,,game_summary__61500e2a-18d1-4bb9-82ce-ab3010c4ce53__20260510T001532Z.json
2026,REG,61500e2a-18d1-4bb9-82ce-ab3010c4ce53,2026-05-08T23:30:00+00:00,closed,away,5c0d47fe-8539-47b0-9f36-d0b3609ca89b,4e4f726e-a015-4306-91a7-28e8576c7868,58456ac4-0f93-4ffd-a6b4-52495df0a69f,Rori Harmon,True,True,,True,19.566666666666666,19:34,,,game_summary__61500e2a-18d1-4bb9-82ce-ab3010c4ce53__20260510T001532Z.json
2026,REG,61500e2a-18d1-4bb9-82ce-ab3010c4ce53,2026-05-08T23:30:00+00:00,closed,away,5c0d47fe-8539-47b0-9f36-d0b3609ca89b,4e4f726e-a015-4306-91a7-28e8576c7868,757cdede-a858-4dfd-8089-a3d72ecd82c5,Alicia Florez Getino,,,,False,0.0,00:00,Inactive - Not With Team,,game_summary__61500e2a-18d1-4bb9-82ce-ab3010c4ce53__20260510T001532Z.json
2026,REG,61500e2a-18d1-4bb9-82ce-ab3010c4ce53,2026-05-08T23:30:00+00:00,closed,away,5c0d47fe-8539-47b0-9f36-d0b3609ca89b,4e4f726e-a015-4306-91a7-28e8576c7868,7709c3e4-3fcb-4483-95b5-ba433eab864a,Georgia Amoore,True,True,True,False,20.433333333333334,20:26,,,game_summary__61500e2a-18d1-4bb9-82ce-ab3010c4ce53__20260510T001532Z.json
2026,REG,61500e2a-18d1-4bb9-82ce-ab3010c4ce53,2026-05-08T23:30:00+00:00,closed,away,5c0d47fe-8539-47b0-9f36-d0b3609ca89b,4e4f726e-a015-4306-91a7-28e8576c7868,a8e64df8-bd27-4c28-94c9-7c1c370960dc,Shakira Austin,True,True,True,True,27.95,27:57,,,game_summary__61500e2a-18d1-4bb9-82ce-ab3010c4ce53__20260510T001532Z.json
2026,REG,61500e2a-18d1-4bb9-82ce-ab3010c4ce53,2026-05-08T23:30:00+00:00,closed,away,5c0d47fe-8539-47b0-9f36-d0b3609ca89b,4e4f726e-a015-4306-91a7-28e8576c7868,ec5e3e73-1818-4cf2-a5d4-f9ea7ca6fb32,Darianna Littlepage-Buggs,,,,False,0.0,00:00,Inactive - Coaches Decision,Coach's Decision,game_summary__61500e2a-18d1-4bb9-82ce-ab3010c4ce53__20260510T001532Z.json
2026,REG,a01c0aa0-885e-4258-82c5-695c2ada9546,2026-05-08T23:30:00+00:00,closed,home,08ed8274-e29f-4248-bc2e-83cc8ed18d75,a015b02d-845c-40c1-8ef4-844984f47e4d,15f0b384-7c91-463e-9ae8-fa73d549f23a,Julie Vanloo,True,True,,True,22.016666666666666,22:01,,,game_summary__a01c0aa0-885e-4258-82c5-695c2ada9546__20260510T001533Z.json
2026,REG,a01c0aa0-885e-4258-82c5-695c2ada9546,2026-05-08T23:30:00+00:00,closed,home,08ed8274-e29f-4248-bc2e-83cc8ed18d75,a015b02d-845c-40c1-8ef4-844984f47e4d,2199ae2c-7588-4610-9deb-a1b5e8025d43,Sabrina Ionescu,,True,,False,0.0,00:00,DND - Injury/Illness,L. Foot,game_summary__a01c0aa0-885e-4258-82c5-695c2ada9546__20260510T001533Z.json
2026,REG,a01c0aa0-885e-4258-82c5-695c2ada9546,2026-05-08T23:30:00+00:00,closed,home,08ed8274-e29f-4248-bc2e-83cc8ed18d75,a015b02d-845c-40c1-8ef4-844984f47e4d,357ea521-789b-4d23-a7ad-f4f539c0d824,Satou Sabally,,True,,False,0.0,00:00,NWT - Not With Team,Cyst,game_summary__a01c0aa0-885e-4258-82c5-695c2ada9546__20260510T001533Z.json
2026,REG,a01c0aa0-885e-4258-82c5-695c2ada9546,2026-05-08T23:30:00+00:00,closed,home,08ed8274-e29f-4248-bc2e-83cc8ed18d75,a015b02d-845c-40c1-8ef4-844984f47e4d,3d0a61e8-8f8f-48a8-bfa3-d9c3171c819f,Betnijah Laney-Hamilton,True,True,True,True,28.483333333333334,28:29,,,game_summary__a01c0aa0-885e-4258-82c5-695c2ada9546__20260510T001533Z.json
2026,REG,a01c0aa0-885e-4258-82c5-695c2ada9546,2026-05-08T23:30:00+00:00,closed,home,08ed8274-e29f-4248-bc2e-83cc8ed18d75,a015b02d-845c-40c1-8ef4-844984f47e4d,6fa763e6-846f-4f9d-a4ce-256d8b328424,Breanna Stewart,True,True,True,False,28.35,28:21,,,game_summary__a01c0aa0-885e-4258-82c5-695c2ada9546__20260510T001533Z.json
2026,REG,a01c0aa0-885e-4258-82c5-695c2ada9546,2026-05-08T23:30:00+00:00,closed,home,08ed8274-e29f-4248-bc2e-83cc8ed18d75,a015b02d-845c-40c1-8ef4-844984f47e4d,89e9800d-9af2-4b27-b6b6-835816bc2d3d,Marine Johannes,True,True,True,False,28.0,28:00,,,game_summary__a01c0aa0-885e-4258-82c5-695c2ada9546__20260510T001533Z.json
2026,REG,a01c0aa0-885e-4258-82c5-695c2ada9546,2026-05-08T23:30:00+00:00,closed,home,08ed8274-e29f-4248-bc2e-83cc8ed18d75,a015b02d-845c-40c1-8ef4-844984f47e4d,8a438358-fbe0-4797-921f-add82eddf789,Jonquel Jones,True,True,True,False,24.966666666666665,24:58,,,game_summary__a01c0aa0-885e-4258-82c5-695c2ada9546__20260510T001533Z.json
2026,REG,a01c0aa0-885e-4258-82c5-695c2ada9546,2026-05-08T23:30:00+00:00,closed,home,08ed8274-e29f-4248-bc2e-83cc8ed18d75,a015b02d-845c-40c1-8ef4-844984f47e4d,9848c81d-efc7-4927-bc18-98fd0e50c761,Rebecca Allen,,True,,False,0.0,00:00,DND - Injury/Illness,L. Leg,game_summary__a01c0aa0-885e-4258-82c5-695c2ada9546__20260510T001533Z.json
2026,REG,a01c0aa0-885e-4258-82c5-695c2ada9546,2026-05-08T23:30:00+00:00,closed,home,08ed8274-e29f-4248-bc2e-83cc8ed18d75,a015b02d-845c-40c1-8ef4-844984f47e4d,98768736-66ba-4dc9-b3f7-611a62d51106,Aubrey Griffin,True,True,,True,5.166666666666667,5:10,,,game_summary__a01c0aa0-885e-4258-82c5-695c2ada9546__20260510T001533Z.json
2026,REG,a01c0aa0-885e-4258-82c5-695c2ada9546,2026-05-08T23:30:00+00:00,closed,home,08ed8274-e29f-4248-bc2e-83cc8ed18d75,a015b02d-845c-40c1-8ef4-844984f47e4d,98fff88c-a6ac-48fd-a586-46fa33c7c25e,Pauline Astier,True,True,True,False,19.733333333333334,19:44,,,game_summary__a01c0aa0-885e-4258-82c5-695c2ada9546__20260510T001533Z.json
2026,REG,a01c0aa0-885e-4258-82c5-695c2ada9546,2026-05-08T23:30:00+00:00,closed,home,08ed8274-e29f-4248-bc2e-83cc8ed18d75,a015b02d-845c-40c1-8ef4-844984f47e4d,c18a5bbc-64df-4171-b4fd-c4413dd10651,Rebekah Gardner,True,True,,True,21.766666666666666,21:46,,,game_summary__a01c0aa0-885e-4258-82c5-695c2ada9546__20260510T001533Z.json
2026,REG,a01c0aa0-885e-4258-82c5-695c2ada9546,2026-05-08T23:30:00+00:00,closed,home,08ed8274-e29f-4248-bc2e-83cc8ed18d75,a015b02d-845c-40c1-8ef4-844984f47e4d,dffaa225-77d7-4b0d-8cc0-a80543a14033,Marine Fauthoux,,,,False,0.0,00:00,Inactive - Injury/Illness,L. Knee Rehabilitation,game_summary__a01c0aa0-885e-4258-82c5-695c2ada9546__20260510T001533Z.json
2026,REG,a01c0aa0-885e-4258-82c5-695c2ada9546,2026-05-08T23:30:00+00:00,closed,home,08ed8274-e29f-4248-bc2e-83cc8ed18d75,a015b02d-845c-40c1-8ef4-844984f47e4d,edd9c4c3-c8d4-4513-aeca-c70df44bd6ee,Han Xu,True,True,,True,21.516666666666666,21:31,,,game_summary__a01c0aa0-885e-4258-82c5-695c2ada9546__20260510T001533Z.json
2026,REG,a01c0aa0-885e-4258-82c5-695c2ada9546,2026-05-08T23:30:00+00:00,closed,away,a015b02d-845c-40c1-8ef4-844984f47e4d,08ed8274-e29f-4248-bc2e-83cc8ed18d75,0003bc97-5b5c-48dd-b622-5b898b2ead4f,Saniya Rivers,True,True,True,True,25.716666666666665,25:43,,,game_summary__a01c0aa0-885e-4258-82c5-695c2ada9546__20260510T001533Z.json
2026,REG,a01c0aa0-885e-4258-82c5-695c2ada9546,2026-05-08T23:30:00+00:00,closed,away,a015b02d-845c-40c1-8ef4-844984f47e4d,08ed8274-e29f-4248-bc2e-83cc8ed18d75,03e541cb-d11c-4975-b656-f6e7febcda7d,Brittney Griner,True,True,True,True,27.183333333333334,27:11,,,game_summary__a01c0aa0-885e-4258-82c5-695c2ada9546__20260510T001533Z.json
2026,REG,a01c0aa0-885e-4258-82c5-695c2ada9546,2026-05-08T23:30:00+00:00,closed,away,a015b02d-845c-40c1-8ef4-844984f47e4d,08ed8274-e29f-4248-bc2e-83cc8ed18d75,066514fe-5d28-45e4-9e9c-5071dfe23583,Charlisse Leger-Walker,True,True,,False,20.733333333333334,20:44,,,game_summary__a01c0aa0-885e-4258-82c5-695c2ada9546__20260510T001533Z.json
2026,REG,a01c0aa0-885e-4258-82c5-695c2ada9546,2026-05-08T23:30:00+00:00,closed,away,a015b02d-845c-40c1-8ef4-844984f47e4d,08ed8274-e29f-4248-bc2e-83cc8ed18d75,06e88c3f-715d-41b2-9aee-6a013a37565f,Kennedy Burke,True,True,True,True,24.483333333333334,24:29,,,game_summary__a01c0aa0-885e-4258-82c5-695c2ada9546__20260510T001533Z.json
2026,REG,a01c0aa0-885e-4258-82c5-695c2ada9546,2026-05-08T23:30:00+00:00,closed,away,a015b02d-845c-40c1-8ef4-844984f47e4d,08ed8274-e29f-4248-bc2e-83cc8ed18d75,2044241a-66b0-4ae0-a7cb-d36b9fb15a65,Ashlon Jackson,,True,,False,0.0,00:00,DNP – Coach's Decision,,game_summary__a01c0aa0-885e-4258-82c5-695c2ada9546__20260510T001533Z.json
2026,REG,a01c0aa0-885e-4258-82c5-695c2ada9546,2026-05-08T23:30:00+00:00,closed,away,a015b02d-845c-40c1-8ef4-844984f47e4d,08ed8274-e29f-4248-bc2e-83cc8ed18d75,2f1df065-07de-478f-9b37-76546561d8c2,Aaliyah Edwards,,True,,False,0.0,00:00,DND - Injury/Illness,L. Thigh,game_summary__a01c0aa0-885e-4258-82c5-695c2ada9546__20260510T001533Z.json
2026,REG,a01c0aa0-885e-4258-82c5-695c2ada9546,2026-05-08T23:30:00+00:00,closed,away,a015b02d-845c-40c1-8ef4-844984f47e4d,08ed8274-e29f-4248-bc2e-83cc8ed18d75,426e2359-cd19-458b-8591-874c47a7f6ec,Hailey Van Lith,True,True,,False,13.8,13:48,,,game_summary__a01c0aa0-885e-4258-82c5-695c2ada9546__20260510T001533Z.json
2026,REG,a01c0aa0-885e-4258-82c5-695c2ada9546,2026-05-08T23:30:00+00:00,closed,away,a015b02d-845c-40c1-8ef4-844984f47e4d,08ed8274-e29f-4248-bc2e-83cc8ed18d75,4e06c8c0-311c-4c8f-a6ef-3ef78200c823,Aneesah Morrow,True,True,True,True,24.3,24:18,,,game_summary__a01c0aa0-885e-4258-82c5-695c2ada9546__20260510T001533Z.json
2026,REG,a01c0aa0-885e-4258-82c5-695c2ada9546,2026-05-08T23:30:00+00:00,closed,away,a015b02d-845c-40c1-8ef4-844984f47e4d,08ed8274-e29f-4248-bc2e-83cc8ed18d75,782a5034-334b-48e8-a7a8-931296f40c06,Shey Peddy,,True,,False,0.0,00:00,DND - Injury/Illness,L. Lower Leg,game_summary__a01c0aa0-885e-4258-82c5-695c2ada9546__20260510T001533Z.json
2026,REG,a01c0aa0-885e-4258-82c5-695c2ada9546,2026-05-08T23:30:00+00:00,closed,away,a015b02d-845c-40c1-8ef4-844984f47e4d,08ed8274-e29f-4248-bc2e-83cc8ed18d75,95b09658-91ce-423b-b4c9-3c90dfb3a73a,Raegan Beers,True,True,,False,11.216666666666667,11:13,,,game_summary__a01c0aa0-885e-4258-82c5-695c2ada9546__20260510T001533Z.json
2026,REG,a01c0aa0-885e-4258-82c5-695c2ada9546,2026-05-08T23:30:00+00:00,closed,away,a015b02d-845c-40c1-8ef4-844984f47e4d,08ed8274-e29f-4248-bc2e-83cc8ed18d75,a4610f86-6674-4893-9a2a-bcbcf77d5650,Olivia Nelson-Ododa,True,True,,False,14.983333333333333,14:59,,,game_summary__a01c0aa0-885e-4258-82c5-695c2ada9546__20260510T001533Z.json
2026,REG,a01c0aa0-885e-4258-82c5-695c2ada9546,2026-05-08T23:30:00+00:00,closed,away,a015b02d-845c-40c1-8ef4-844984f47e4d,08ed8274-e29f-4248-bc2e-83cc8ed18d75,af29f820-e5c3-494b-baf3-9a8ee2ea1d53,Gianna Kneepkens,True,True,,False,12.783333333333333,12:47,,,game_summary__a01c0aa0-885e-4258-82c5-695c2ada9546__20260510T001533Z.json
2026,REG,a01c0aa0-885e-4258-82c5-695c2ada9546,2026-05-08T23:30:00+00:00,closed,away,a015b02d-845c-40c1-8ef4-844984f47e4d,08ed8274-e29f-4248-bc2e-83cc8ed18d75,d851048b-0415-4678-9f9a-f49cc03ae802,Diamond Miller,True,True,True,True,24.816666666666666,24:49,,,game_summary__a01c0aa0-885e-4258-82c5-695c2ada9546__20260510T001533Z.json
2026,REG,8f658fb4-cc4e-4499-a66f-025474c73ba8,2026-05-09T02:00:00+00:00,closed,away,4f57ec40-0d35-4b59-bea0-9d040f0d2292,d6a012ed-84aa-48d3-8265-2d3f3ff2199a,4009ca08-3b81-4190-9b13-c08ddb8090a5,Veronica Burton,True,True,True,False,30.833333333333332,30:50,,,game_summary__8f658fb4-cc4e-4499-a66f-025474c73ba8__20260510T001534Z.json
2026,REG,8f658fb4-cc4e-4499-a66f-025474c73ba8,2026-05-09T02:00:00+00:00,closed,away,4f57ec40-0d35-4b59-bea0-9d040f0d2292,d6a012ed-84aa-48d3-8265-2d3f3ff2199a,4d3205f8-4ffe-46d8-87f4-6c01bf670bca,Kaitlyn Chen,True,True,,True,16.233333333333334,16:14,,,game_summary__8f658fb4-cc4e-4499-a66f-025474c73ba8__20260510T001534Z.json
2026,REG,8f658fb4-cc4e-4499-a66f-025474c73ba8,2026-05-09T02:00:00+00:00,closed,away,4f57ec40-0d35-4b59-bea0-9d040f0d2292,d6a012ed-84aa-48d3-8265-2d3f3ff2199a,55cd7443-47da-4835-a946-d4a2338750ba,Gabby Williams,True,True,True,False,23.95,23:57,,,game_summary__8f658fb4-cc4e-4499-a66f-025474c73ba8__20260510T001534Z.json
2026,REG,8f658fb4-cc4e-4499-a66f-025474c73ba8,2026-05-09T02:00:00+00:00,closed,away,4f57ec40-0d35-4b59-bea0-9d040f0d2292,d6a012ed-84aa-48d3-8265-2d3f3ff2199a,7a46f116-94ed-4d89-b585-fa41cf41862c,Kayla Thornton,True,True,True,False,29.95,29:57,,,game_summary__8f658fb4-cc4e-4499-a66f-025474c73ba8__20260510T001534Z.json
2026,REG,8f658fb4-cc4e-4499-a66f-025474c73ba8,2026-05-09T02:00:00+00:00,closed,away,4f57ec40-0d35-4b59-bea0-9d040f0d2292,d6a012ed-84aa-48d3-8265-2d3f3ff2199a,80690c1a-dac9-4a9e-9873-471540551389,Ndjakalenga Mwenentanda,True,True,,True,1.0166666666666666,1:01,,,game_summary__8f658fb4-cc4e-4499-a66f-025474c73ba8__20260510T001534Z.json
2026,REG,8f658fb4-cc4e-4499-a66f-025474c73ba8,2026-05-09T02:00:00+00:00,closed,away,4f57ec40-0d35-4b59-bea0-9d040f0d2292,d6a012ed-84aa-48d3-8265-2d3f3ff2199a,92b50919-8c76-4fcf-ab2e-9497f135f27c,Cecilia Zandalasini,True,True,,False,6.6,6:36,,,game_summary__8f658fb4-cc4e-4499-a66f-025474c73ba8__20260510T001534Z.json
2026,REG,8f658fb4-cc4e-4499-a66f-025474c73ba8,2026-05-09T02:00:00+00:00,closed,away,4f57ec40-0d35-4b59-bea0-9d040f0d2292,d6a012ed-84aa-48d3-8265-2d3f3ff2199a,a8253b50-9712-4562-8f54-e36dac6299cd,Laeticia Amihere,True,True,,True,15.916666666666666,15:55,,,game_summary__8f658fb4-cc4e-4499-a66f-025474c73ba8__20260510T001534Z.json
2026,REG,8f658fb4-cc4e-4499-a66f-025474c73ba8,2026-05-09T02:00:00+00:00,closed,away,4f57ec40-0d35-4b59-bea0-9d040f0d2292,d6a012ed-84aa-48d3-8265-2d3f3ff2199a,b07e1abd-5eea-4883-bc95-6a72e80c75c4,Kaila Charles,True,True,,False,17.083333333333332,17:05,,,game_summary__8f658fb4-cc4e-4499-a66f-025474c73ba8__20260510T001534Z.json
2026,REG,8f658fb4-cc4e-4499-a66f-025474c73ba8,2026-05-09T02:00:00+00:00,closed,away,4f57ec40-0d35-4b59-bea0-9d040f0d2292,d6a012ed-84aa-48d3-8265-2d3f3ff2199a,d12ed996-e27a-4a93-bbd7-116c516efeab,Janelle Salaun,True,True,,True,27.366666666666667,27:22,,,game_summary__8f658fb4-cc4e-4499-a66f-025474c73ba8__20260510T001534Z.json
2026,REG,8f658fb4-cc4e-4499-a66f-025474c73ba8,2026-05-09T02:00:00+00:00,closed,away,4f57ec40-0d35-4b59-bea0-9d040f0d2292,d6a012ed-84aa-48d3-8265-2d3f3ff2199a,d3e817a8-9e72-44c2-a422-9d44a0b214d0,Kiah Stokes,True,True,True,False,24.083333333333332,24:05,,,game_summary__8f658fb4-cc4e-4499-a66f-025474c73ba8__20260510T001534Z.json
2026,REG,8f658fb4-cc4e-4499-a66f-025474c73ba8,2026-05-09T02:00:00+00:00,closed,away,4f57ec40-0d35-4b59-bea0-9d040f0d2292,d6a012ed-84aa-48d3-8265-2d3f3ff2199a,f24ac568-77f4-4344-84a7-7fde145dda84,Tiffany Hayes,True,True,True,False,4.35,4:21,,,game_summary__8f658fb4-cc4e-4499-a66f-025474c73ba8__20260510T001534Z.json
2026,REG,8f658fb4-cc4e-4499-a66f-025474c73ba8,2026-05-09T02:00:00+00:00,closed,away,4f57ec40-0d35-4b59-bea0-9d040f0d2292,d6a012ed-84aa-48d3-8265-2d3f3ff2199a,f496c982-68b4-4bdf-a96b-e1f696090be5,Miela Sowah,True,True,,True,2.6166666666666667,2:37,,,game_summary__8f658fb4-cc4e-4499-a66f-025474c73ba8__20260510T001534Z.json
2026,REG,8f658fb4-cc4e-4499-a66f-025474c73ba8,2026-05-09T02:00:00+00:00,closed,home,d6a012ed-84aa-48d3-8265-2d3f3ff2199a,4f57ec40-0d35-4b59-bea0-9d040f0d2292,0add970b-86eb-4149-aac2-5a03664938bc,Zia Cooke,True,True,,True,22.5,22:30,,,game_summary__8f658fb4-cc4e-4499-a66f-025474c73ba8__20260510T001534Z.json
2026,REG,8f658fb4-cc4e-4499-a66f-025474c73ba8,2026-05-09T02:00:00+00:00,closed,home,d6a012ed-84aa-48d3-8265-2d3f3ff2199a,4f57ec40-0d35-4b59-bea0-9d040f0d2292,155215e8-3e76-49cd-b00a-e0d9a124ec7f,Lexie Brown,True,True,,False,22.333333333333332,22:20,,,game_summary__8f658fb4-cc4e-4499-a66f-025474c73ba8__20260510T001534Z.json
2026,REG,8f658fb4-cc4e-4499-a66f-025474c73ba8,2026-05-09T02:00:00+00:00,closed,home,d6a012ed-84aa-48d3-8265-2d3f3ff2199a,4f57ec40-0d35-4b59-bea0-9d040f0d2292,1ca0768c-fd19-41ec-b047-0df6312376c6,Grace Vanslooten,True,True,,False,7.3,7:18,,,game_summary__8f658fb4-cc4e-4499-a66f-025474c73ba8__20260510T001534Z.json
2026,REG,8f658fb4-cc4e-4499-a66f-025474c73ba8,2026-05-09T02:00:00+00:00,closed,home,d6a012ed-84aa-48d3-8265-2d3f3ff2199a,4f57ec40-0d35-4b59-bea0-9d040f0d2292,29a8b1d2-db3b-4035-a635-9d559bc51a8a,Katie Lou Samuelson,,True,,False,0.0,00:00,DND - Injury/Illness,Right Knee,game_summary__8f658fb4-cc4e-4499-a66f-025474c73ba8__20260510T001534Z.json
2026,REG,8f658fb4-cc4e-4499-a66f-025474c73ba8,2026-05-09T02:00:00+00:00,closed,home,d6a012ed-84aa-48d3-8265-2d3f3ff2199a,4f57ec40-0d35-4b59-bea0-9d040f0d2292,3f194c01-8933-4160-928b-93c416002d6f,Jade Melbourne,True,True,,False,17.466666666666665,17:28,,,game_summary__8f658fb4-cc4e-4499-a66f-025474c73ba8__20260510T001534Z.json
2026,REG,8f658fb4-cc4e-4499-a66f-025474c73ba8,2026-05-09T02:00:00+00:00,closed,home,d6a012ed-84aa-48d3-8265-2d3f3ff2199a,4f57ec40-0d35-4b59-bea0-9d040f0d2292,43135c04-f4c8-490d-ad59-0eb2e9f2f6cf,Natisha Hiedeman,True,True,True,True,22.533333333333335,22:32,,,game_summary__8f658fb4-cc4e-4499-a66f-025474c73ba8__20260510T001534Z.json
2026,REG,8f658fb4-cc4e-4499-a66f-025474c73ba8,2026-05-09T02:00:00+00:00,closed,home,d6a012ed-84aa-48d3-8265-2d3f3ff2199a,4f57ec40-0d35-4b59-bea0-9d040f0d2292,5a356464-d9e8-454a-9d3b-7c8825266243,Mackenzie Holmes,True,True,,False,11.15,11:09,,,game_summary__8f658fb4-cc4e-4499-a66f-025474c73ba8__20260510T001534Z.json
2026,REG,8f658fb4-cc4e-4499-a66f-025474c73ba8,2026-05-09T02:00:00+00:00,closed,home,d6a012ed-84aa-48d3-8265-2d3f3ff2199a,4f57ec40-0d35-4b59-bea0-9d040f0d2292,776e2238-8340-4425-ab90-ba69e1bc7441,Stefanie Dolson,True,True,True,True,27.0,27:00,,,game_summary__8f658fb4-cc4e-4499-a66f-025474c73ba8__20260510T001534Z.json
2026,REG,8f658fb4-cc4e-4499-a66f-025474c73ba8,2026-05-09T02:00:00+00:00,closed,home,d6a012ed-84aa-48d3-8265-2d3f3ff2199a,4f57ec40-0d35-4b59-bea0-9d040f0d2292,7ff950fc-3872-4d7c-84ce-db06ebe42123,Ezi Magbegor,,True,,False,0.0,00:00,DND - Injury/Illness,Right Foot,game_summary__8f658fb4-cc4e-4499-a66f-025474c73ba8__20260510T001534Z.json
2026,REG,8f658fb4-cc4e-4499-a66f-025474c73ba8,2026-05-09T02:00:00+00:00,closed,home,d6a012ed-84aa-48d3-8265-2d3f3ff2199a,4f57ec40-0d35-4b59-bea0-9d040f0d2292,a27cebb1-287d-49b0-b023-179e2c37843f,Dominique Malonga,True,True,True,True,28.616666666666667,28:37,,,game_summary__8f658fb4-cc4e-4499-a66f-025474c73ba8__20260510T001534Z.json
2026,REG,8f658fb4-cc4e-4499-a66f-025474c73ba8,2026-05-09T02:00:00+00:00,closed,home,d6a012ed-84aa-48d3-8265-2d3f3ff2199a,4f57ec40-0d35-4b59-bea0-9d040f0d2292,c68b8f7d-ba79-4e56-bb0f-fc44688e722c,Taina Mair,,True,,False,0.0,00:00,DND - Coaches Decision,,game_summary__8f658fb4-cc4e-4499-a66f-025474c73ba8__20260510T001534Z.json
2026,REG,8f658fb4-cc4e-4499-a66f-025474c73ba8,2026-05-09T02:00:00+00:00,closed,home,d6a012ed-84aa-48d3-8265-2d3f3ff2199a,4f57ec40-0d35-4b59-bea0-9d040f0d2292,e6959e8f-c586-4eae-bbc9-edd761e78321,Jordan Horston,True,True,True,False,15.366666666666667,15:22,,,game_summary__8f658fb4-cc4e-4499-a66f-025474c73ba8__20260510T001534Z.json
2026,REG,8f658fb4-cc4e-4499-a66f-025474c73ba8,2026-05-09T02:00:00+00:00,closed,home,d6a012ed-84aa-48d3-8265-2d3f3ff2199a,4f57ec40-0d35-4b59-bea0-9d040f0d2292,fa9a0ec0-608d-497c-bb66-864691e4f5d0,Flau'jae Johnson,True,True,True,True,25.733333333333334,25:44,,,game_summary__8f658fb4-cc4e-4499-a66f-025474c73ba8__20260510T001534Z.json
2026,REG,1e37cd3d-41a4-417d-bd13-500d9267312e,2026-05-09T17:00:00+00:00,closed,away,5f0b5caf-708b-4300-92f2-53b51d83ec06,f073a15f-0486-4179-b0a3-dfd0294eb595,07bea9c1-80ca-47e0-9b19-26f1bbe8168f,Awak Kuier,True,True,,False,2.183333333333333,2:11,,,game_summary__1e37cd3d-41a4-417d-bd13-500d9267312e__20260510T001536Z.json
2026,REG,1e37cd3d-41a4-417d-bd13-500d9267312e,2026-05-09T17:00:00+00:00,closed,away,5f0b5caf-708b-4300-92f2-53b51d83ec06,f073a15f-0486-4179-b0a3-dfd0294eb595,20b2fe63-ee47-4afb-bd2c-ec5abd646b7d,Aziaha James,True,True,,False,15.616666666666667,15:37,,,game_summary__1e37cd3d-41a4-417d-bd13-500d9267312e__20260510T001536Z.json
2026,REG,1e37cd3d-41a4-417d-bd13-500d9267312e,2026-05-09T17:00:00+00:00,closed,away,5f0b5caf-708b-4300-92f2-53b51d83ec06,f073a15f-0486-4179-b0a3-dfd0294eb595,444bce18-54b4-4e5b-80f1-96f7ba6fe296,Jessica Shepard,True,True,True,True,32.083333333333336,32:05,,,game_summary__1e37cd3d-41a4-417d-bd13-500d9267312e__20260510T001536Z.json
2026,REG,1e37cd3d-41a4-417d-bd13-500d9267312e,2026-05-09T17:00:00+00:00,closed,away,5f0b5caf-708b-4300-92f2-53b51d83ec06,f073a15f-0486-4179-b0a3-dfd0294eb595,50eab91c-a616-4b89-832e-e17ac12708a8,Odyssey Sims,True,True,True,True,25.85,25:51,,,game_summary__1e37cd3d-41a4-417d-bd13-500d9267312e__20260510T001536Z.json
2026,REG,1e37cd3d-41a4-417d-bd13-500d9267312e,2026-05-09T17:00:00+00:00,closed,away,5f0b5caf-708b-4300-92f2-53b51d83ec06,f073a15f-0486-4179-b0a3-dfd0294eb595,6c1a6518-c745-45f4-b582-8d0d5d55fa11,Costanza Verona,,,,False,0.0,00:00,,,game_summary__1e37cd3d-41a4-417d-bd13-500d9267312e__20260510T001536Z.json
2026,REG,1e37cd3d-41a4-417d-bd13-500d9267312e,2026-05-09T17:00:00+00:00,closed,away,5f0b5caf-708b-4300-92f2-53b51d83ec06,f073a15f-0486-4179-b0a3-dfd0294eb595,80c92207-2597-4132-a34c-3b467a1a81e1,Paige Bueckers,True,True,True,True,32.46666666666667,32:28,,,game_summary__1e37cd3d-41a4-417d-bd13-500d9267312e__20260510T001536Z.json
2026,REG,1e37cd3d-41a4-417d-bd13-500d9267312e,2026-05-09T17:00:00+00:00,closed,away,5f0b5caf-708b-4300-92f2-53b51d83ec06,f073a15f-0486-4179-b0a3-dfd0294eb595,8366e375-3316-44e9-b160-201a5de295b5,Dulcy Fankam Mendjiadeu,,True,,False,0.0,00:00,DNP – Coach's Decision,,game_summary__1e37cd3d-41a4-417d-bd13-500d9267312e__20260510T001536Z.json
2026,REG,1e37cd3d-41a4-417d-bd13-500d9267312e,2026-05-09T17:00:00+00:00,closed,away,5f0b5caf-708b-4300-92f2-53b51d83ec06,f073a15f-0486-4179-b0a3-dfd0294eb595,88429de7-5dc4-471a-98cd-bc13b057db36,Maddy Siegrist,True,True,,False,17.733333333333334,17:44,,,game_summary__1e37cd3d-41a4-417d-bd13-500d9267312e__20260510T001536Z.json
2026,REG,1e37cd3d-41a4-417d-bd13-500d9267312e,2026-05-09T17:00:00+00:00,closed,away,5f0b5caf-708b-4300-92f2-53b51d83ec06,f073a15f-0486-4179-b0a3-dfd0294eb595,96ebdfad-3ffa-4a02-9990-75977d7c94a1,Alanna Smith,True,True,True,True,19.766666666666666,19:46,,,game_summary__1e37cd3d-41a4-417d-bd13-500d9267312e__20260510T001536Z.json
2026,REG,1e37cd3d-41a4-417d-bd13-500d9267312e,2026-05-09T17:00:00+00:00,closed,away,5f0b5caf-708b-4300-92f2-53b51d83ec06,f073a15f-0486-4179-b0a3-dfd0294eb595,9b155e10-fbf5-4e3d-bc35-a9929bf1a494,JJ Quinerly,,True,,False,0.0,00:00,DNP – Coach's Decision,,game_summary__1e37cd3d-41a4-417d-bd13-500d9267312e__20260510T001536Z.json
2026,REG,1e37cd3d-41a4-417d-bd13-500d9267312e,2026-05-09T17:00:00+00:00,closed,away,5f0b5caf-708b-4300-92f2-53b51d83ec06,f073a15f-0486-4179-b0a3-dfd0294eb595,b478ebc6-8b1f-4d39-9707-048d24a88c26,Alysha Clark,True,True,,False,4.183333333333334,4:11,,,game_summary__1e37cd3d-41a4-417d-bd13-500d9267312e__20260510T001536Z.json
2026,REG,1e37cd3d-41a4-417d-bd13-500d9267312e,2026-05-09T17:00:00+00:00,closed,away,5f0b5caf-708b-4300-92f2-53b51d83ec06,f073a15f-0486-4179-b0a3-dfd0294eb595,b84a83b9-07b1-4115-b2ad-8cb69a96ef08,Arike Ogunbowale,True,True,True,True,28.55,28:33,,,game_summary__1e37cd3d-41a4-417d-bd13-500d9267312e__20260510T001536Z.json
2026,REG,1e37cd3d-41a4-417d-bd13-500d9267312e,2026-05-09T17:00:00+00:00,closed,away,5f0b5caf-708b-4300-92f2-53b51d83ec06,f073a15f-0486-4179-b0a3-dfd0294eb595,bfe1fd30-eac0-4881-a23a-902c706e9ad1,Li Yueru,True,True,,False,4.05,4:03,,,game_summary__1e37cd3d-41a4-417d-bd13-500d9267312e__20260510T001536Z.json
2026,REG,1e37cd3d-41a4-417d-bd13-500d9267312e,2026-05-09T17:00:00+00:00,closed,away,5f0b5caf-708b-4300-92f2-53b51d83ec06,f073a15f-0486-4179-b0a3-dfd0294eb595,f83b907a-387d-4fe1-b7d7-4d53d5da147c,Azzi Fudd,True,True,,False,17.516666666666666,17:31,,,game_summary__1e37cd3d-41a4-417d-bd13-500d9267312e__20260510T001536Z.json
2026,REG,1e37cd3d-41a4-417d-bd13-500d9267312e,2026-05-09T17:00:00+00:00,closed,home,f073a15f-0486-4179-b0a3-dfd0294eb595,5f0b5caf-708b-4300-92f2-53b51d83ec06,02ffb4ab-3daf-45e2-b937-eda2c07e5f02,Raven Johnson,True,True,,False,11.633333333333333,11:38,,,game_summary__1e37cd3d-41a4-417d-bd13-500d9267312e__20260510T001536Z.json
2026,REG,1e37cd3d-41a4-417d-bd13-500d9267312e,2026-05-09T17:00:00+00:00,closed,home,f073a15f-0486-4179-b0a3-dfd0294eb595,5f0b5caf-708b-4300-92f2-53b51d83ec06,206872ae-560b-4199-94f4-a44106b0baff,Monique Billings,,True,,False,0.0,00:00,DND - Injury/Illness,Ankle,game_summary__1e37cd3d-41a4-417d-bd13-500d9267312e__20260510T001536Z.json
2026,REG,1e37cd3d-41a4-417d-bd13-500d9267312e,2026-05-09T17:00:00+00:00,closed,home,f073a15f-0486-4179-b0a3-dfd0294eb595,5f0b5caf-708b-4300-92f2-53b51d83ec06,2d21f497-2795-432d-b254-5ae9fbbd0096,Caitlin Clark,True,True,True,True,30.8,30:48,,,game_summary__1e37cd3d-41a4-417d-bd13-500d9267312e__20260510T001536Z.json
2026,REG,1e37cd3d-41a4-417d-bd13-500d9267312e,2026-05-09T17:00:00+00:00,closed,home,f073a15f-0486-4179-b0a3-dfd0294eb595,5f0b5caf-708b-4300-92f2-53b51d83ec06,3762be5d-d392-4e3b-aea3-9c5e356c7486,Shatori Walker-Kimbrough,,True,,False,0.0,00:00,DNP – Coach's Decision,,game_summary__1e37cd3d-41a4-417d-bd13-500d9267312e__20260510T001536Z.json
2026,REG,1e37cd3d-41a4-417d-bd13-500d9267312e,2026-05-09T17:00:00+00:00,closed,home,f073a15f-0486-4179-b0a3-dfd0294eb595,5f0b5caf-708b-4300-92f2-53b51d83ec06,5219e39b-9341-4dfb-a43c-793723729162,Kelsey Mitchell,True,True,True,True,33.11666666666667,33:07,,,game_summary__1e37cd3d-41a4-417d-bd13-500d9267312e__20260510T001536Z.json
2026,REG,1e37cd3d-41a4-417d-bd13-500d9267312e,2026-05-09T17:00:00+00:00,closed,home,f073a15f-0486-4179-b0a3-dfd0294eb595,5f0b5caf-708b-4300-92f2-53b51d83ec06,63dde7d8-0af8-4adb-a556-01e0d2395420,Aliyah Boston,True,True,True,True,26.15,26:09,,,game_summary__1e37cd3d-41a4-417d-bd13-500d9267312e__20260510T001536Z.json
2026,REG,1e37cd3d-41a4-417d-bd13-500d9267312e,2026-05-09T17:00:00+00:00,closed,home,f073a15f-0486-4179-b0a3-dfd0294eb595,5f0b5caf-708b-4300-92f2-53b51d83ec06,6f20a6c1-04f6-4be2-b7a2-511ebe314525,Sophie Cunningham,True,True,True,True,25.5,25:30,,,game_summary__1e37cd3d-41a4-417d-bd13-500d9267312e__20260510T001536Z.json
2026,REG,1e37cd3d-41a4-417d-bd13-500d9267312e,2026-05-09T17:00:00+00:00,closed,home,f073a15f-0486-4179-b0a3-dfd0294eb595,5f0b5caf-708b-4300-92f2-53b51d83ec06,8302ef7b-466b-42f0-bdae-d87d8d56154a,Myisha Hines-Allen,True,True,True,False,21.233333333333334,21:14,,,game_summary__1e37cd3d-41a4-417d-bd13-500d9267312e__20260510T001536Z.json
2026,REG,1e37cd3d-41a4-417d-bd13-500d9267312e,2026-05-09T17:00:00+00:00,closed,home,f073a15f-0486-4179-b0a3-dfd0294eb595,5f0b5caf-708b-4300-92f2-53b51d83ec06,96f429a5-5b23-4edf-90b1-642d7f036118,Tyasha Harris,True,True,,False,4.45,4:27,,,game_summary__1e37cd3d-41a4-417d-bd13-500d9267312e__20260510T001536Z.json
2026,REG,1e37cd3d-41a4-417d-bd13-500d9267312e,2026-05-09T17:00:00+00:00,closed,home,f073a15f-0486-4179-b0a3-dfd0294eb595,5f0b5caf-708b-4300-92f2-53b51d83ec06,a0cdf85a-daf1-4ba7-959c-b925de9d194f,Justine Pissott,,,,False,0.0,00:00,,,game_summary__1e37cd3d-41a4-417d-bd13-500d9267312e__20260510T001536Z.json
2026,REG,1e37cd3d-41a4-417d-bd13-500d9267312e,2026-05-09T17:00:00+00:00,closed,home,f073a15f-0486-4179-b0a3-dfd0294eb595,5f0b5caf-708b-4300-92f2-53b51d83ec06,dc34b957-189f-4eb4-b7fc-0da87e271275,Lexie Hull,True,True,,True,14.916666666666666,14:55,,,game_summary__1e37cd3d-41a4-417d-bd13-500d9267312e__20260510T001536Z.json
2026,REG,1e37cd3d-41a4-417d-bd13-500d9267312e,2026-05-09T17:00:00+00:00,closed,home,f073a15f-0486-4179-b0a3-dfd0294eb595,5f0b5caf-708b-4300-92f2-53b51d83ec06,e040354c-4d44-405c-a7ac-d4d2cf9062e8,Damiris Dantas,True,True,,False,13.166666666666666,13:10,,,game_summary__1e37cd3d-41a4-417d-bd13-500d9267312e__20260510T001536Z.json
2026,REG,1e37cd3d-41a4-417d-bd13-500d9267312e,2026-05-09T17:00:00+00:00,closed,home,f073a15f-0486-4179-b0a3-dfd0294eb595,5f0b5caf-708b-4300-92f2-53b51d83ec06,ee3aab89-0042-4d41-b870-06a924e38c3e,Makayla Timpson,True,True,,False,19.033333333333335,19:02,,,game_summary__1e37cd3d-41a4-417d-bd13-500d9267312e__20260510T001536Z.json
2026,REG,6c13be8a-ab72-42d8-88d0-17889606673e,2026-05-09T19:30:00+00:00,closed,away,0699edf3-5993-4182-b9b4-ec935cbd4fcc,171b097d-01db-4ae8-9d56-035689402ec6,2af57be3-fd5d-4375-bad1-89e30e6109ae,Marta Suarez,,,,False,0.0,00:00,Inactive - Coaches Decision,,game_summary__6c13be8a-ab72-42d8-88d0-17889606673e__20260510T001537Z.json
2026,REG,6c13be8a-ab72-42d8-88d0-17889606673e,2026-05-09T19:30:00+00:00,closed,away,0699edf3-5993-4182-b9b4-ec935cbd4fcc,171b097d-01db-4ae8-9d56-035689402ec6,2d7cb487-2113-4eb6-b261-a9fbc45e88ad,Shay Ciezki,,,,False,0.0,00:00,Inactive - Coaches Decision,,game_summary__6c13be8a-ab72-42d8-88d0-17889606673e__20260510T001537Z.json
2026,REG,6c13be8a-ab72-42d8-88d0-17889606673e,2026-05-09T19:30:00+00:00,closed,away,0699edf3-5993-4182-b9b4-ec935cbd4fcc,171b097d-01db-4ae8-9d56-035689402ec6,485e8571-a199-418e-a0aa-ad0afb37bd95,Kyara Linskens,True,True,,False,14.283333333333333,14:17,,,game_summary__6c13be8a-ab72-42d8-88d0-17889606673e__20260510T001537Z.json
2026,REG,6c13be8a-ab72-42d8-88d0-17889606673e,2026-05-09T19:30:00+00:00,closed,away,0699edf3-5993-4182-b9b4-ec935cbd4fcc,171b097d-01db-4ae8-9d56-035689402ec6,4e1ddd46-60f7-4307-a548-508c1ed6c136,Natasha Mack,True,True,True,False,25.283333333333335,25:17,,,game_summary__6c13be8a-ab72-42d8-88d0-17889606673e__20260510T001537Z.json
2026,REG,6c13be8a-ab72-42d8-88d0-17889606673e,2026-05-09T19:30:00+00:00,closed,away,0699edf3-5993-4182-b9b4-ec935cbd4fcc,171b097d-01db-4ae8-9d56-035689402ec6,6434f048-1c61-4a79-a990-73f51f46245e,Kahleah Copper,True,True,True,False,28.133333333333333,28:08,,,game_summary__6c13be8a-ab72-42d8-88d0-17889606673e__20260510T001537Z.json
2026,REG,6c13be8a-ab72-42d8-88d0-17889606673e,2026-05-09T19:30:00+00:00,closed,away,0699edf3-5993-4182-b9b4-ec935cbd4fcc,171b097d-01db-4ae8-9d56-035689402ec6,682d8e9d-7251-4f0c-b93d-f0e20f812eb4,Peyton Williams,True,True,,True,5.766666666666667,5:46,,,game_summary__6c13be8a-ab72-42d8-88d0-17889606673e__20260510T001537Z.json
2026,REG,6c13be8a-ab72-42d8-88d0-17889606673e,2026-05-09T19:30:00+00:00,closed,away,0699edf3-5993-4182-b9b4-ec935cbd4fcc,171b097d-01db-4ae8-9d56-035689402ec6,6901f47b-4a2f-4ee2-bb99-8b1ad5637198,Quionche Carter,True,True,,True,12.3,12:18,,,game_summary__6c13be8a-ab72-42d8-88d0-17889606673e__20260510T001537Z.json
2026,REG,6c13be8a-ab72-42d8-88d0-17889606673e,2026-05-09T19:30:00+00:00,closed,away,0699edf3-5993-4182-b9b4-ec935cbd4fcc,171b097d-01db-4ae8-9d56-035689402ec6,750b9212-d2d0-414d-929e-1c658dc13999,Kiana Williams,True,True,,True,20.85,20:51,,,game_summary__6c13be8a-ab72-42d8-88d0-17889606673e__20260510T001537Z.json
2026,REG,6c13be8a-ab72-42d8-88d0-17889606673e,2026-05-09T19:30:00+00:00,closed,away,0699edf3-5993-4182-b9b4-ec935cbd4fcc,171b097d-01db-4ae8-9d56-035689402ec6,82661dca-4121-4f2c-9918-7960ae068b83,Sami Whitcomb,,,,False,0.0,00:00,Inactive - Not With Team,Left Knee Arthroscopy,game_summary__6c13be8a-ab72-42d8-88d0-17889606673e__20260510T001537Z.json
2026,REG,6c13be8a-ab72-42d8-88d0-17889606673e,2026-05-09T19:30:00+00:00,closed,away,0699edf3-5993-4182-b9b4-ec935cbd4fcc,171b097d-01db-4ae8-9d56-035689402ec6,87a32879-a19b-4603-86ce-1c8b0e4484ad,Alyssa Thomas,True,True,True,False,26.35,26:21,,,game_summary__6c13be8a-ab72-42d8-88d0-17889606673e__20260510T001537Z.json
2026,REG,6c13be8a-ab72-42d8-88d0-17889606673e,2026-05-09T19:30:00+00:00,closed,away,0699edf3-5993-4182-b9b4-ec935cbd4fcc,171b097d-01db-4ae8-9d56-035689402ec6,b262f7f1-1c78-406c-86aa-7ad15122931f,DeWanna Bonner,True,True,True,False,21.733333333333334,21:44,,,game_summary__6c13be8a-ab72-42d8-88d0-17889606673e__20260510T001537Z.json
2026,REG,6c13be8a-ab72-42d8-88d0-17889606673e,2026-05-09T19:30:00+00:00,closed,away,0699edf3-5993-4182-b9b4-ec935cbd4fcc,171b097d-01db-4ae8-9d56-035689402ec6,b32a710e-06e9-4f21-b0f1-9a7190b630f7,Jovana Nogic,True,True,True,False,21.066666666666666,21:04,,,game_summary__6c13be8a-ab72-42d8-88d0-17889606673e__20260510T001537Z.json
2026,REG,6c13be8a-ab72-42d8-88d0-17889606673e,2026-05-09T19:30:00+00:00,closed,away,0699edf3-5993-4182-b9b4-ec935cbd4fcc,171b097d-01db-4ae8-9d56-035689402ec6,c5a8b4e2-06c3-423a-90c2-eacf2df7a605,Anneli Maley,True,True,,True,5.766666666666667,5:46,,,game_summary__6c13be8a-ab72-42d8-88d0-17889606673e__20260510T001537Z.json
2026,REG,6c13be8a-ab72-42d8-88d0-17889606673e,2026-05-09T19:30:00+00:00,closed,away,0699edf3-5993-4182-b9b4-ec935cbd4fcc,171b097d-01db-4ae8-9d56-035689402ec6,dca4f975-daf6-46b9-b8e1-29f36388248b,Noemie Brochant,True,True,,True,18.466666666666665,18:28,,,game_summary__6c13be8a-ab72-42d8-88d0-17889606673e__20260510T001537Z.json
2026,REG,6c13be8a-ab72-42d8-88d0-17889606673e,2026-05-09T19:30:00+00:00,closed,home,171b097d-01db-4ae8-9d56-035689402ec6,0699edf3-5993-4182-b9b4-ec935cbd4fcc,0825c65d-b903-4dd3-8206-e5f7d31bb2b8,Jewell Loyd,True,True,,False,23.983333333333334,23:59,,,game_summary__6c13be8a-ab72-42d8-88d0-17889606673e__20260510T001537Z.json
2026,REG,6c13be8a-ab72-42d8-88d0-17889606673e,2026-05-09T19:30:00+00:00,closed,home,171b097d-01db-4ae8-9d56-035689402ec6,0699edf3-5993-4182-b9b4-ec935cbd4fcc,3112ab66-5995-4ed1-b460-2b0e5abc2dd1,Kierstan Bell,True,True,,True,19.0,19:00,,,game_summary__6c13be8a-ab72-42d8-88d0-17889606673e__20260510T001537Z.json
2026,REG,6c13be8a-ab72-42d8-88d0-17889606673e,2026-05-09T19:30:00+00:00,closed,home,171b097d-01db-4ae8-9d56-035689402ec6,0699edf3-5993-4182-b9b4-ec935cbd4fcc,3c606b9a-c914-4e6f-ac4f-81b2600f7755,Dana Evans,,,,False,0.0,00:00,Inactive - Injury/Illness,Lower Left Leg,game_summary__6c13be8a-ab72-42d8-88d0-17889606673e__20260510T001537Z.json
2026,REG,6c13be8a-ab72-42d8-88d0-17889606673e,2026-05-09T19:30:00+00:00,closed,home,171b097d-01db-4ae8-9d56-035689402ec6,0699edf3-5993-4182-b9b4-ec935cbd4fcc,433a5b0e-6b9c-448c-a8f7-33c5849bb6f1,Brianna Turner,True,True,,True,13.55,13:33,,,game_summary__6c13be8a-ab72-42d8-88d0-17889606673e__20260510T001537Z.json
2026,REG,6c13be8a-ab72-42d8-88d0-17889606673e,2026-05-09T19:30:00+00:00,closed,home,171b097d-01db-4ae8-9d56-035689402ec6,0699edf3-5993-4182-b9b4-ec935cbd4fcc,4a97e708-71e5-4d58-b1e8-883adf027925,Cheyenne Parker-Tyus,True,True,,False,12.266666666666667,12:16,,,game_summary__6c13be8a-ab72-42d8-88d0-17889606673e__20260510T001537Z.json
2026,REG,6c13be8a-ab72-42d8-88d0-17889606673e,2026-05-09T19:30:00+00:00,closed,home,171b097d-01db-4ae8-9d56-035689402ec6,0699edf3-5993-4182-b9b4-ec935cbd4fcc,4fa92d21-9f96-4bab-a9f8-f530a69287ee,Jackie Young,True,True,True,False,25.266666666666666,25:16,,,game_summary__6c13be8a-ab72-42d8-88d0-17889606673e__20260510T001537Z.json
2026,REG,6c13be8a-ab72-42d8-88d0-17889606673e,2026-05-09T19:30:00+00:00,closed,home,171b097d-01db-4ae8-9d56-035689402ec6,0699edf3-5993-4182-b9b4-ec935cbd4fcc,6340b055-3c1b-427e-88d6-6f9cdd1fc925,A'ja Wilson,True,True,True,False,23.6,23:36,,,game_summary__6c13be8a-ab72-42d8-88d0-17889606673e__20260510T001537Z.json
2026,REG,6c13be8a-ab72-42d8-88d0-17889606673e,2026-05-09T19:30:00+00:00,closed,home,171b097d-01db-4ae8-9d56-035689402ec6,0699edf3-5993-4182-b9b4-ec935cbd4fcc,63b305c4-1d47-4e3e-91ac-9a529fd4c851,Chennedy Carter,True,True,,True,19.366666666666667,19:22,,,game_summary__6c13be8a-ab72-42d8-88d0-17889606673e__20260510T001537Z.json
2026,REG,6c13be8a-ab72-42d8-88d0-17889606673e,2026-05-09T19:30:00+00:00,closed,home,171b097d-01db-4ae8-9d56-035689402ec6,0699edf3-5993-4182-b9b4-ec935cbd4fcc,732bf79f-1bfa-450c-ad04-015f7624765a,NaLyssa Smith,True,True,True,True,21.05,21:03,,,game_summary__6c13be8a-ab72-42d8-88d0-17889606673e__20260510T001537Z.json
2026,REG,6c13be8a-ab72-42d8-88d0-17889606673e,2026-05-09T19:30:00+00:00,closed,home,171b097d-01db-4ae8-9d56-035689402ec6,0699edf3-5993-4182-b9b4-ec935cbd4fcc,779cd8d9-133e-4e68-8bfb-16a437a34686,Stephanie Talbot,True,True,True,True,19.466666666666665,19:28,,,game_summary__6c13be8a-ab72-42d8-88d0-17889606673e__20260510T001537Z.json
2026,REG,6c13be8a-ab72-42d8-88d0-17889606673e,2026-05-09T19:30:00+00:00,closed,home,171b097d-01db-4ae8-9d56-035689402ec6,0699edf3-5993-4182-b9b4-ec935cbd4fcc,96018564-39be-40b9-a4be-b1f187d9e85f,Janiah Barker,,,,False,0.0,00:00,Inactive - Injury/Illness,Concussion Protocol,game_summary__6c13be8a-ab72-42d8-88d0-17889606673e__20260510T001537Z.json
2026,REG,6c13be8a-ab72-42d8-88d0-17889606673e,2026-05-09T19:30:00+00:00,closed,home,171b097d-01db-4ae8-9d56-035689402ec6,0699edf3-5993-4182-b9b4-ec935cbd4fcc,ca6b54e3-612d-4523-9582-b88e675f58de,Chelsea Gray,True,True,True,False,22.45,22:27,,,game_summary__6c13be8a-ab72-42d8-88d0-17889606673e__20260510T001537Z.json
2026,REG,f88e8fd5-d27c-4709-844b-e24b33649f45,2026-05-10T00:00:00+00:00,closed,away,5d70a9af-8c2b-4aec-9e68-9acc6ddb93e4,6f017f37-be96-4bdc-b6d3-0a0429c72e89,17ba31ce-0f0f-40d1-bd9a-58f51668186e,Sika Kone,True,True,,False,3.066666666666667,3:04,,,game_summary__f88e8fd5-d27c-4709-844b-e24b33649f45__20260510T191511Z.json
2026,REG,f88e8fd5-d27c-4709-844b-e24b33649f45,2026-05-10T00:00:00+00:00,closed,away,5d70a9af-8c2b-4aec-9e68-9acc6ddb93e4,6f017f37-be96-4bdc-b6d3-0a0429c72e89,1dc2c9fa-9841-411e-9261-5ae712e6c48a,Madina Okot,True,True,,False,9.833333333333334,9:50,,,game_summary__f88e8fd5-d27c-4709-844b-e24b33649f45__20260510T191511Z.json
2026,REG,f88e8fd5-d27c-4709-844b-e24b33649f45,2026-05-10T00:00:00+00:00,closed,away,5d70a9af-8c2b-4aec-9e68-9acc6ddb93e4,6f017f37-be96-4bdc-b6d3-0a0429c72e89,26211daa-54a2-4ce8-a02e-c04c9192586b,Aaliyah Nye,,True,,False,0.0,00:00,NWT - Not With Team,,game_summary__f88e8fd5-d27c-4709-844b-e24b33649f45__20260510T191511Z.json
2026,REG,f88e8fd5-d27c-4709-844b-e24b33649f45,2026-05-10T00:00:00+00:00,closed,away,5d70a9af-8c2b-4aec-9e68-9acc6ddb93e4,6f017f37-be96-4bdc-b6d3-0a0429c72e89,293b5925-fd31-4640-8ada-bf6451a2c488,Allisha Gray,True,True,True,True,32.516666666666666,32:31,,,game_summary__f88e8fd5-d27c-4709-844b-e24b33649f45__20260510T191511Z.json
2026,REG,f88e8fd5-d27c-4709-844b-e24b33649f45,2026-05-10T00:00:00+00:00,closed,away,5d70a9af-8c2b-4aec-9e68-9acc6ddb93e4,6f017f37-be96-4bdc-b6d3-0a0429c72e89,43e2f045-e419-4b6e-bf2c-45e45f4720cc,Jordin Canada,True,True,True,True,26.633333333333333,26:38,,,game_summary__f88e8fd5-d27c-4709-844b-e24b33649f45__20260510T191511Z.json
2026,REG,f88e8fd5-d27c-4709-844b-e24b33649f45,2026-05-10T00:00:00+00:00,closed,away,5d70a9af-8c2b-4aec-9e68-9acc6ddb93e4,6f017f37-be96-4bdc-b6d3-0a0429c72e89,4fcc19db-1149-4081-9313-e3c2b24ae170,Angel Reese,True,True,True,True,32.38333333333333,32:23,,,game_summary__f88e8fd5-d27c-4709-844b-e24b33649f45__20260510T191511Z.json
2026,REG,f88e8fd5-d27c-4709-844b-e24b33649f45,2026-05-10T00:00:00+00:00,closed,away,5d70a9af-8c2b-4aec-9e68-9acc6ddb93e4,6f017f37-be96-4bdc-b6d3-0a0429c72e89,ab39141d-852e-4308-8b5d-8d06441ffbbd,Rhyne Howard,True,True,True,True,37.85,37:51,,,game_summary__f88e8fd5-d27c-4709-844b-e24b33649f45__20260510T191511Z.json
2026,REG,f88e8fd5-d27c-4709-844b-e24b33649f45,2026-05-10T00:00:00+00:00,closed,away,5d70a9af-8c2b-4aec-9e68-9acc6ddb93e4,6f017f37-be96-4bdc-b6d3-0a0429c72e89,b2bb37a6-6879-4c1f-ae20-5f6492bef87a,Naz Hillmon,True,True,True,True,33.45,33:27,,,game_summary__f88e8fd5-d27c-4709-844b-e24b33649f45__20260510T191511Z.json
2026,REG,f88e8fd5-d27c-4709-844b-e24b33649f45,2026-05-10T00:00:00+00:00,closed,away,5d70a9af-8c2b-4aec-9e68-9acc6ddb93e4,6f017f37-be96-4bdc-b6d3-0a0429c72e89,c79f05c7-904e-4aec-b161-9d841092a194,Indya Nivar,,True,,False,0.0,00:00,DNP – Coach's Decision,,game_summary__f88e8fd5-d27c-4709-844b-e24b33649f45__20260510T191511Z.json
2026,REG,f88e8fd5-d27c-4709-844b-e24b33649f45,2026-05-10T00:00:00+00:00,closed,away,5d70a9af-8c2b-4aec-9e68-9acc6ddb93e4,6f017f37-be96-4bdc-b6d3-0a0429c72e89,c8b2f823-27fb-4793-b7e9-690de18cc2a3,Isobel Borlase,True,True,,False,3.2,3:12,,,game_summary__f88e8fd5-d27c-4709-844b-e24b33649f45__20260510T191511Z.json
2026,REG,f88e8fd5-d27c-4709-844b-e24b33649f45,2026-05-10T00:00:00+00:00,closed,away,5d70a9af-8c2b-4aec-9e68-9acc6ddb93e4,6f017f37-be96-4bdc-b6d3-0a0429c72e89,de11f82d-035c-45c2-873a-eb1fad4abc1b,Brionna Jones,,True,,False,0.0,00:00,DND - Injury/Illness,Right Knee,game_summary__f88e8fd5-d27c-4709-844b-e24b33649f45__20260510T191511Z.json
2026,REG,f88e8fd5-d27c-4709-844b-e24b33649f45,2026-05-10T00:00:00+00:00,closed,away,5d70a9af-8c2b-4aec-9e68-9acc6ddb93e4,6f017f37-be96-4bdc-b6d3-0a0429c72e89,e7fb06e6-823e-4f60-955c-639a49bc860d,Te-Hina Paopao,True,True,,False,21.066666666666666,21:04,,,game_summary__f88e8fd5-d27c-4709-844b-e24b33649f45__20260510T191511Z.json
2026,REG,f88e8fd5-d27c-4709-844b-e24b33649f45,2026-05-10T00:00:00+00:00,closed,away,5d70a9af-8c2b-4aec-9e68-9acc6ddb93e4,6f017f37-be96-4bdc-b6d3-0a0429c72e89,fd230821-bfd6-46f2-9dfe-ef4770a8fa4a,Holly Winterburn,,True,,False,0.0,00:00,DNP – Coach's Decision,,game_summary__f88e8fd5-d27c-4709-844b-e24b33649f45__20260510T191511Z.json
2026,REG,f88e8fd5-d27c-4709-844b-e24b33649f45,2026-05-10T00:00:00+00:00,closed,home,6f017f37-be96-4bdc-b6d3-0a0429c72e89,5d70a9af-8c2b-4aec-9e68-9acc6ddb93e4,10530e0b-a55e-4f1e-9bc3-79e485b87ca1,Antonia Delaere,True,True,,False,13.516666666666667,13:31,,,game_summary__f88e8fd5-d27c-4709-844b-e24b33649f45__20260510T191511Z.json
2026,REG,f88e8fd5-d27c-4709-844b-e24b33649f45,2026-05-10T00:00:00+00:00,closed,home,6f017f37-be96-4bdc-b6d3-0a0429c72e89,5d70a9af-8c2b-4aec-9e68-9acc6ddb93e4,21f994d2-1cc9-4d83-b278-abc3aaf4f63d,Napheesa Collier,,True,,False,0.0,00:00,DND - Injury/Illness,Left Ankle,game_summary__f88e8fd5-d27c-4709-844b-e24b33649f45__20260510T191511Z.json
2026,REG,f88e8fd5-d27c-4709-844b-e24b33649f45,2026-05-10T00:00:00+00:00,closed,home,6f017f37-be96-4bdc-b6d3-0a0429c72e89,5d70a9af-8c2b-4aec-9e68-9acc6ddb93e4,315d7cfa-1a16-4337-b55f-1dc7c65711c9,Emma Cechova,True,True,,False,19.05,19:03,,,game_summary__f88e8fd5-d27c-4709-844b-e24b33649f45__20260510T191511Z.json
2026,REG,f88e8fd5-d27c-4709-844b-e24b33649f45,2026-05-10T00:00:00+00:00,closed,home,6f017f37-be96-4bdc-b6d3-0a0429c72e89,5d70a9af-8c2b-4aec-9e68-9acc6ddb93e4,45e35318-295a-4e1c-bfc6-c7b295ed5066,Courtney Williams,True,True,True,True,31.816666666666666,31:49,,,game_summary__f88e8fd5-d27c-4709-844b-e24b33649f45__20260510T191511Z.json
2026,REG,f88e8fd5-d27c-4709-844b-e24b33649f45,2026-05-10T00:00:00+00:00,closed,home,6f017f37-be96-4bdc-b6d3-0a0429c72e89,5d70a9af-8c2b-4aec-9e68-9acc6ddb93e4,46479ac7-5745-40d2-abc8-7c660ea759e4,Natasha Howard,True,True,True,False,19.616666666666667,19:37,,,game_summary__f88e8fd5-d27c-4709-844b-e24b33649f45__20260510T191511Z.json
2026,REG,f88e8fd5-d27c-4709-844b-e24b33649f45,2026-05-10T00:00:00+00:00,closed,home,6f017f37-be96-4bdc-b6d3-0a0429c72e89,5d70a9af-8c2b-4aec-9e68-9acc6ddb93e4,4adc34e9-cc74-4442-9a54-d31d6623e75a,Olivia Miles,True,True,True,True,33.78333333333333,33:47,,,game_summary__f88e8fd5-d27c-4709-844b-e24b33649f45__20260510T191511Z.json
2026,REG,f88e8fd5-d27c-4709-844b-e24b33649f45,2026-05-10T00:00:00+00:00,closed,home,6f017f37-be96-4bdc-b6d3-0a0429c72e89,5d70a9af-8c2b-4aec-9e68-9acc6ddb93e4,58c646ba-6e6f-409a-a1cf-83e253991797,Nia Coffey,True,True,True,True,31.05,31:03,,,game_summary__f88e8fd5-d27c-4709-844b-e24b33649f45__20260510T191511Z.json
2026,REG,f88e8fd5-d27c-4709-844b-e24b33649f45,2026-05-10T00:00:00+00:00,closed,home,6f017f37-be96-4bdc-b6d3-0a0429c72e89,5d70a9af-8c2b-4aec-9e68-9acc6ddb93e4,8aee996c-a7a5-434b-a5d2-48594ad8aefc,Eliska Hamzova,,True,,False,0.0,00:00,DNP – Coach's Decision,,game_summary__f88e8fd5-d27c-4709-844b-e24b33649f45__20260510T191511Z.json
2026,REG,f88e8fd5-d27c-4709-844b-e24b33649f45,2026-05-10T00:00:00+00:00,closed,home,6f017f37-be96-4bdc-b6d3-0a0429c72e89,5d70a9af-8c2b-4aec-9e68-9acc6ddb93e4,9be4b9f9-76d7-4540-87a4-fd78eb60d301,Liatu King,,,,False,0.0,00:00,Inactive - Coaches Decision,,game_summary__f88e8fd5-d27c-4709-844b-e24b33649f45__20260510T191511Z.json
2026,REG,f88e8fd5-d27c-4709-844b-e24b33649f45,2026-05-10T00:00:00+00:00,closed,home,6f017f37-be96-4bdc-b6d3-0a0429c72e89,5d70a9af-8c2b-4aec-9e68-9acc6ddb93e4,a3b7b84f-cfa9-42cc-8534-f11d2e90e8de,Anastasiia Olairi Kosu,True,True,,False,6.15,6:09,,,game_summary__f88e8fd5-d27c-4709-844b-e24b33649f45__20260510T191511Z.json
2026,REG,f88e8fd5-d27c-4709-844b-e24b33649f45,2026-05-10T00:00:00+00:00,closed,home,6f017f37-be96-4bdc-b6d3-0a0429c72e89,5d70a9af-8c2b-4aec-9e68-9acc6ddb93e4,a4d323e8-eea6-49b4-91f2-7edd99b2fa68,Dorka Juhasz,,True,,False,0.0,00:00,DND - Injury/Illness,Right Foot,game_summary__f88e8fd5-d27c-4709-844b-e24b33649f45__20260510T191511Z.json
2026,REG,f88e8fd5-d27c-4709-844b-e24b33649f45,2026-05-10T00:00:00+00:00,closed,home,6f017f37-be96-4bdc-b6d3-0a0429c72e89,5d70a9af-8c2b-4aec-9e68-9acc6ddb93e4,b404562d-a1fd-446f-bcd0-6b545dfde9c6,Kayla McBride,True,True,True,True,32.56666666666667,32:34,,,game_summary__f88e8fd5-d27c-4709-844b-e24b33649f45__20260510T191511Z.json
2026,REG,f88e8fd5-d27c-4709-844b-e24b33649f45,2026-05-10T00:00:00+00:00,closed,home,6f017f37-be96-4bdc-b6d3-0a0429c72e89,5d70a9af-8c2b-4aec-9e68-9acc6ddb93e4,dfa4c170-3fd7-42a5-997b-a4e9b9b98f0e,Emese Hof,True,True,,True,4.133333333333334,4:08,,,game_summary__f88e8fd5-d27c-4709-844b-e24b33649f45__20260510T191511Z.json
2026,REG,f88e8fd5-d27c-4709-844b-e24b33649f45,2026-05-10T00:00:00+00:00,closed,home,6f017f37-be96-4bdc-b6d3-0a0429c72e89,5d70a9af-8c2b-4aec-9e68-9acc6ddb93e4,f473955f-a823-4328-92ea-6b06b68b2118,Maya Caldwell,True,True,,False,8.316666666666666,8:19,,,game_summary__f88e8fd5-d27c-4709-844b-e24b33649f45__20260510T191511Z.json
2026,REG,7def09d1-d666-4e08-a6d4-213059a7ffe9,2026-05-10T01:00:00+00:00,closed,away,3c409388-ab73-4c7f-953d-3a71062240f6,d54283cc-c5ec-4dbd-bb61-166f217e3864,0c6ce2db-d4e6-49cc-8490-78a6842026f2,Jacy Sheldon,True,True,True,True,34.31666666666667,34:19,,,game_summary__7def09d1-d666-4e08-a6d4-213059a7ffe9__20260510T191513Z.json
2026,REG,7def09d1-d666-4e08-a6d4-213059a7ffe9,2026-05-10T01:00:00+00:00,closed,away,3c409388-ab73-4c7f-953d-3a71062240f6,d54283cc-c5ec-4dbd-bb61-166f217e3864,1ed5a0c9-ad93-4996-acca-94c7e301bb79,Azura Stevens,,,,False,0.0,00:00,Inactive - Injury/Illness,Left knee,game_summary__7def09d1-d666-4e08-a6d4-213059a7ffe9__20260510T191513Z.json
2026,REG,7def09d1-d666-4e08-a6d4-213059a7ffe9,2026-05-10T01:00:00+00:00,closed,away,3c409388-ab73-4c7f-953d-3a71062240f6,d54283cc-c5ec-4dbd-bb61-166f217e3864,30d46238-d1eb-476d-a526-4e2203474106,Rachel Banham,True,True,,False,14.916666666666666,14:55,,,game_summary__7def09d1-d666-4e08-a6d4-213059a7ffe9__20260510T191513Z.json
2026,REG,7def09d1-d666-4e08-a6d4-213059a7ffe9,2026-05-10T01:00:00+00:00,closed,away,3c409388-ab73-4c7f-953d-3a71062240f6,d54283cc-c5ec-4dbd-bb61-166f217e3864,5370ad82-3e6c-41f8-8d43-e6a41e317b91,Maddy Westbeld,,,,False,0.0,00:00,Inactive – Return to Competition Reconditioning,,game_summary__7def09d1-d666-4e08-a6d4-213059a7ffe9__20260510T191513Z.json
2026,REG,7def09d1-d666-4e08-a6d4-213059a7ffe9,2026-05-10T01:00:00+00:00,closed,away,3c409388-ab73-4c7f-953d-3a71062240f6,d54283cc-c5ec-4dbd-bb61-166f217e3864,567a56a2-5497-42cf-9f3e-7f36745d0aa8,Aicha Coulibaly,True,True,,False,6.216666666666667,6:13,,,game_summary__7def09d1-d666-4e08-a6d4-213059a7ffe9__20260510T191513Z.json
2026,REG,7def09d1-d666-4e08-a6d4-213059a7ffe9,2026-05-10T01:00:00+00:00,closed,away,3c409388-ab73-4c7f-953d-3a71062240f6,d54283cc-c5ec-4dbd-bb61-166f217e3864,6bfa50d6-6833-4c5f-b8fa-96c0a19397b0,Gabriela Jaquez,True,True,True,True,32.0,32:00,,,game_summary__7def09d1-d666-4e08-a6d4-213059a7ffe9__20260510T191513Z.json
2026,REG,7def09d1-d666-4e08-a6d4-213059a7ffe9,2026-05-10T01:00:00+00:00,closed,away,3c409388-ab73-4c7f-953d-3a71062240f6,d54283cc-c5ec-4dbd-bb61-166f217e3864,7c9b7ef1-edd2-4f69-a627-f321d662365d,Skylar Diggins,True,True,True,True,32.78333333333333,32:47,,,game_summary__7def09d1-d666-4e08-a6d4-213059a7ffe9__20260510T191513Z.json
2026,REG,7def09d1-d666-4e08-a6d4-213059a7ffe9,2026-05-10T01:00:00+00:00,closed,away,3c409388-ab73-4c7f-953d-3a71062240f6,d54283cc-c5ec-4dbd-bb61-166f217e3864,a1372723-dc8c-45c9-a160-890f80b985ab,Kamilla Cardoso,True,True,True,True,24.666666666666668,24:40,,,game_summary__7def09d1-d666-4e08-a6d4-213059a7ffe9__20260510T191513Z.json
2026,REG,7def09d1-d666-4e08-a6d4-213059a7ffe9,2026-05-10T01:00:00+00:00,closed,away,3c409388-ab73-4c7f-953d-3a71062240f6,d54283cc-c5ec-4dbd-bb61-166f217e3864,ad6ab80c-ed57-44ed-aceb-4628b2b28ecf,Sydney Taylor,True,True,,False,4.033333333333333,4:02,,,game_summary__7def09d1-d666-4e08-a6d4-213059a7ffe9__20260510T191513Z.json
2026,REG,7def09d1-d666-4e08-a6d4-213059a7ffe9,2026-05-10T01:00:00+00:00,closed,away,3c409388-ab73-4c7f-953d-3a71062240f6,d54283cc-c5ec-4dbd-bb61-166f217e3864,b61f397f-0cb5-49db-9e88-f91991757203,Courtney Vandersloot,,,,False,0.0,00:00,Inactive - Injury/Illness,Right knee,game_summary__7def09d1-d666-4e08-a6d4-213059a7ffe9__20260510T191513Z.json
2026,REG,7def09d1-d666-4e08-a6d4-213059a7ffe9,2026-05-10T01:00:00+00:00,closed,away,3c409388-ab73-4c7f-953d-3a71062240f6,d54283cc-c5ec-4dbd-bb61-166f217e3864,ba416583-7ac2-4156-b708-253712fcefe5,Rickea Jackson,True,True,True,True,35.733333333333334,35:44,,,game_summary__7def09d1-d666-4e08-a6d4-213059a7ffe9__20260510T191513Z.json
2026,REG,7def09d1-d666-4e08-a6d4-213059a7ffe9,2026-05-10T01:00:00+00:00,closed,away,3c409388-ab73-4c7f-953d-3a71062240f6,d54283cc-c5ec-4dbd-bb61-166f217e3864,c8672dba-0deb-4cf1-8304-82365865edaa,Elizabeth Williams,True,True,,False,15.333333333333334,15:20,,,game_summary__7def09d1-d666-4e08-a6d4-213059a7ffe9__20260510T191513Z.json
2026,REG,7def09d1-d666-4e08-a6d4-213059a7ffe9,2026-05-10T01:00:00+00:00,closed,away,3c409388-ab73-4c7f-953d-3a71062240f6,d54283cc-c5ec-4dbd-bb61-166f217e3864,d4c299a9-e271-4552-9ed2-2fc285c30362,DiJonai Carrington,,,,False,0.0,00:00,Inactive - Injury/Illness,Left foot,game_summary__7def09d1-d666-4e08-a6d4-213059a7ffe9__20260510T191513Z.json
2026,REG,7def09d1-d666-4e08-a6d4-213059a7ffe9,2026-05-10T01:00:00+00:00,closed,away,3c409388-ab73-4c7f-953d-3a71062240f6,d54283cc-c5ec-4dbd-bb61-166f217e3864,f2c36797-b5c5-47a4-b073-43637c9794ef,Natasha Cloud,,,,False,0.0,00:00,Inactive - Injury/Illness,"N/A, Illness",game_summary__7def09d1-d666-4e08-a6d4-213059a7ffe9__20260510T191513Z.json
2026,REG,7def09d1-d666-4e08-a6d4-213059a7ffe9,2026-05-10T01:00:00+00:00,closed,home,d54283cc-c5ec-4dbd-bb61-166f217e3864,3c409388-ab73-4c7f-953d-3a71062240f6,20bc3af4-52f9-4d5e-8247-2a62d77c143b,Sug Sutton,,,,False,0.0,00:00,Inactive - Injury/Illness,Right Knee,game_summary__7def09d1-d666-4e08-a6d4-213059a7ffe9__20260510T191513Z.json
2026,REG,7def09d1-d666-4e08-a6d4-213059a7ffe9,2026-05-10T01:00:00+00:00,closed,home,d54283cc-c5ec-4dbd-bb61-166f217e3864,3c409388-ab73-4c7f-953d-3a71062240f6,463dfac9-ee01-4fa5-ad71-32e335982ef3,Teja Oblak,,,,False,0.0,00:00,Inactive - Coaches Decision,,game_summary__7def09d1-d666-4e08-a6d4-213059a7ffe9__20260510T191513Z.json
2026,REG,7def09d1-d666-4e08-a6d4-213059a7ffe9,2026-05-10T01:00:00+00:00,closed,home,d54283cc-c5ec-4dbd-bb61-166f217e3864,3c409388-ab73-4c7f-953d-3a71062240f6,51691b01-7acc-4673-ad60-64e8726a1b38,Carla Leite,True,True,True,True,28.516666666666666,28:31,,,game_summary__7def09d1-d666-4e08-a6d4-213059a7ffe9__20260510T191513Z.json
2026,REG,7def09d1-d666-4e08-a6d4-213059a7ffe9,2026-05-10T01:00:00+00:00,closed,home,d54283cc-c5ec-4dbd-bb61-166f217e3864,3c409388-ab73-4c7f-953d-3a71062240f6,7aab70d6-2179-4389-a30e-e3da9c6a1713,Karlie Samuelson,,,,False,0.0,00:00,Inactive - Injury/Illness,Left Foot,game_summary__7def09d1-d666-4e08-a6d4-213059a7ffe9__20260510T191513Z.json
2026,REG,7def09d1-d666-4e08-a6d4-213059a7ffe9,2026-05-10T01:00:00+00:00,closed,home,d54283cc-c5ec-4dbd-bb61-166f217e3864,3c409388-ab73-4c7f-953d-3a71062240f6,7c76cfae-0b68-4449-9a96-73d271fbc32e,Emily Engstler,True,True,True,True,23.316666666666666,23:19,,,game_summary__7def09d1-d666-4e08-a6d4-213059a7ffe9__20260510T191513Z.json
2026,REG,7def09d1-d666-4e08-a6d4-213059a7ffe9,2026-05-10T01:00:00+00:00,closed,home,d54283cc-c5ec-4dbd-bb61-166f217e3864,3c409388-ab73-4c7f-953d-3a71062240f6,7c97d5bc-1718-4284-9d85-87f2f1b23eec,Haley Jones,True,True,,False,6.5,6:30,,,game_summary__7def09d1-d666-4e08-a6d4-213059a7ffe9__20260510T191513Z.json
2026,REG,7def09d1-d666-4e08-a6d4-213059a7ffe9,2026-05-10T01:00:00+00:00,closed,home,d54283cc-c5ec-4dbd-bb61-166f217e3864,3c409388-ab73-4c7f-953d-3a71062240f6,8c94ae8d-4431-4e6b-98c6-dcd812ba76c8,Megan Gustafson,True,True,,False,13.616666666666667,13:37,,,game_summary__7def09d1-d666-4e08-a6d4-213059a7ffe9__20260510T191513Z.json
2026,REG,7def09d1-d666-4e08-a6d4-213059a7ffe9,2026-05-10T01:00:00+00:00,closed,home,d54283cc-c5ec-4dbd-bb61-166f217e3864,3c409388-ab73-4c7f-953d-3a71062240f6,96790d35-becb-4099-b2e1-3912feb1881e,Luisa Geiselsoder,True,True,True,True,25.066666666666666,25:04,,,game_summary__7def09d1-d666-4e08-a6d4-213059a7ffe9__20260510T191513Z.json
2026,REG,7def09d1-d666-4e08-a6d4-213059a7ffe9,2026-05-10T01:00:00+00:00,closed,home,d54283cc-c5ec-4dbd-bb61-166f217e3864,3c409388-ab73-4c7f-953d-3a71062240f6,aafd4205-4c8c-43ad-b216-d6ea01b9e566,Jordan Harrison,True,True,,False,11.483333333333333,11:29,,,game_summary__7def09d1-d666-4e08-a6d4-213059a7ffe9__20260510T191513Z.json
2026,REG,7def09d1-d666-4e08-a6d4-213059a7ffe9,2026-05-10T01:00:00+00:00,closed,home,d54283cc-c5ec-4dbd-bb61-166f217e3864,3c409388-ab73-4c7f-953d-3a71062240f6,ad94ac04-5ef4-4460-9d1b-a2385d58c1b2,Frieda Buhner,True,True,,False,12.833333333333334,12:50,,,game_summary__7def09d1-d666-4e08-a6d4-213059a7ffe9__20260510T191513Z.json
2026,REG,7def09d1-d666-4e08-a6d4-213059a7ffe9,2026-05-10T01:00:00+00:00,closed,home,d54283cc-c5ec-4dbd-bb61-166f217e3864,3c409388-ab73-4c7f-953d-3a71062240f6,d8df74ae-9911-43cb-9ae4-a6949093942a,Kamiah Smalls,,,,False,0.0,00:00,Inactive - Coaches Decision,,game_summary__7def09d1-d666-4e08-a6d4-213059a7ffe9__20260510T191513Z.json
2026,REG,7def09d1-d666-4e08-a6d4-213059a7ffe9,2026-05-10T01:00:00+00:00,closed,home,d54283cc-c5ec-4dbd-bb61-166f217e3864,3c409388-ab73-4c7f-953d-3a71062240f6,e5e663cc-e8a5-4393-8072-2931cb8f0d52,Sarah Ashlee Barker,True,True,,True,23.566666666666666,23:34,,,game_summary__7def09d1-d666-4e08-a6d4-213059a7ffe9__20260510T191513Z.json
2026,REG,7def09d1-d666-4e08-a6d4-213059a7ffe9,2026-05-10T01:00:00+00:00,closed,home,d54283cc-c5ec-4dbd-bb61-166f217e3864,3c409388-ab73-4c7f-953d-3a71062240f6,f41354b6-c59e-4f29-abf3-f3cff87ed231,Bridget Carleton,True,True,True,True,30.383333333333333,30:23,,,game_summary__7def09d1-d666-4e08-a6d4-213059a7ffe9__20260510T191513Z.json
2026,REG,7def09d1-d666-4e08-a6d4-213059a7ffe9,2026-05-10T01:00:00+00:00,closed,home,d54283cc-c5ec-4dbd-bb61-166f217e3864,3c409388-ab73-4c7f-953d-3a71062240f6,f5316afb-9d4e-4bf6-bf83-92cedcfc57f0,Serah Williams,True,True,,False,7.983333333333333,7:59,,,game_summary__7def09d1-d666-4e08-a6d4-213059a7ffe9__20260510T191513Z.json
2026,REG,7def09d1-d666-4e08-a6d4-213059a7ffe9,2026-05-10T01:00:00+00:00,closed,home,d54283cc-c5ec-4dbd-bb61-166f217e3864,3c409388-ab73-4c7f-953d-3a71062240f6,f7faa479-7be2-4164-8db9-68ab603c1ae0,Nyadiew Puoch,True,True,True,False,16.75,16:45,,,game_summary__7def09d1-d666-4e08-a6d4-213059a7ffe9__20260510T191513Z.json
2026,REG,235de568-8156-4dd4-835a-b696ff560f45,2026-05-10T17:00:00+00:00,closed,home,a015b02d-845c-40c1-8ef4-844984f47e4d,d6a012ed-84aa-48d3-8265-2d3f3ff2199a,0003bc97-5b5c-48dd-b622-5b898b2ead4f,Saniya Rivers,True,True,True,False,19.75,19:45,,,game_summary__235de568-8156-4dd4-835a-b696ff560f45__20260510T193916Z.json
2026,REG,235de568-8156-4dd4-835a-b696ff560f45,2026-05-10T17:00:00+00:00,closed,home,a015b02d-845c-40c1-8ef4-844984f47e4d,d6a012ed-84aa-48d3-8265-2d3f3ff2199a,03e541cb-d11c-4975-b656-f6e7febcda7d,Brittney Griner,True,True,True,True,27.883333333333333,27:53,,,game_summary__235de568-8156-4dd4-835a-b696ff560f45__20260510T193916Z.json
2026,REG,235de568-8156-4dd4-835a-b696ff560f45,2026-05-10T17:00:00+00:00,closed,home,a015b02d-845c-40c1-8ef4-844984f47e4d,d6a012ed-84aa-48d3-8265-2d3f3ff2199a,066514fe-5d28-45e4-9e9c-5071dfe23583,Charlisse Leger-Walker,True,True,True,True,20.383333333333333,20:23,,,game_summary__235de568-8156-4dd4-835a-b696ff560f45__20260510T193916Z.json
2026,REG,235de568-8156-4dd4-835a-b696ff560f45,2026-05-10T17:00:00+00:00,closed,home,a015b02d-845c-40c1-8ef4-844984f47e4d,d6a012ed-84aa-48d3-8265-2d3f3ff2199a,06e88c3f-715d-41b2-9aee-6a013a37565f,Kennedy Burke,True,True,True,True,33.56666666666667,33:34,,,game_summary__235de568-8156-4dd4-835a-b696ff560f45__20260510T193916Z.json
2026,REG,235de568-8156-4dd4-835a-b696ff560f45,2026-05-10T17:00:00+00:00,closed,home,a015b02d-845c-40c1-8ef4-844984f47e4d,d6a012ed-84aa-48d3-8265-2d3f3ff2199a,2044241a-66b0-4ae0-a7cb-d36b9fb15a65,Ashlon Jackson,,True,,False,0.0,00:00,DND - Coaches Decision,Coach's Decision,game_summary__235de568-8156-4dd4-835a-b696ff560f45__20260510T193916Z.json
2026,REG,235de568-8156-4dd4-835a-b696ff560f45,2026-05-10T17:00:00+00:00,closed,home,a015b02d-845c-40c1-8ef4-844984f47e4d,d6a012ed-84aa-48d3-8265-2d3f3ff2199a,2f1df065-07de-478f-9b37-76546561d8c2,Aaliyah Edwards,,True,,False,0.0,00:00,DND - Injury/Illness,Left Thigh,game_summary__235de568-8156-4dd4-835a-b696ff560f45__20260510T193916Z.json
2026,REG,235de568-8156-4dd4-835a-b696ff560f45,2026-05-10T17:00:00+00:00,closed,home,a015b02d-845c-40c1-8ef4-844984f47e4d,d6a012ed-84aa-48d3-8265-2d3f3ff2199a,426e2359-cd19-458b-8591-874c47a7f6ec,Hailey Van Lith,True,True,,True,20.233333333333334,20:14,,,game_summary__235de568-8156-4dd4-835a-b696ff560f45__20260510T193916Z.json
2026,REG,235de568-8156-4dd4-835a-b696ff560f45,2026-05-10T17:00:00+00:00,closed,home,a015b02d-845c-40c1-8ef4-844984f47e4d,d6a012ed-84aa-48d3-8265-2d3f3ff2199a,4e06c8c0-311c-4c8f-a6ef-3ef78200c823,Aneesah Morrow,True,True,,True,31.4,31:24,,,game_summary__235de568-8156-4dd4-835a-b696ff560f45__20260510T193916Z.json
2026,REG,235de568-8156-4dd4-835a-b696ff560f45,2026-05-10T17:00:00+00:00,closed,home,a015b02d-845c-40c1-8ef4-844984f47e4d,d6a012ed-84aa-48d3-8265-2d3f3ff2199a,782a5034-334b-48e8-a7a8-931296f40c06,Shey Peddy,,True,,False,0.0,00:00,DND - Injury/Illness,Left Leg,game_summary__235de568-8156-4dd4-835a-b696ff560f45__20260510T193916Z.json
2026,REG,235de568-8156-4dd4-835a-b696ff560f45,2026-05-10T17:00:00+00:00,closed,home,a015b02d-845c-40c1-8ef4-844984f47e4d,d6a012ed-84aa-48d3-8265-2d3f3ff2199a,95b09658-91ce-423b-b4c9-3c90dfb3a73a,Raegan Beers,,True,,False,0.0,00:00,DNP – Coach's Decision,,game_summary__235de568-8156-4dd4-835a-b696ff560f45__20260510T193916Z.json
2026,REG,235de568-8156-4dd4-835a-b696ff560f45,2026-05-10T17:00:00+00:00,closed,home,a015b02d-845c-40c1-8ef4-844984f47e4d,d6a012ed-84aa-48d3-8265-2d3f3ff2199a,a4610f86-6674-4893-9a2a-bcbcf77d5650,Olivia Nelson-Ododa,True,True,,False,12.133333333333333,12:08,,,game_summary__235de568-8156-4dd4-835a-b696ff560f45__20260510T193916Z.json
2026,REG,235de568-8156-4dd4-835a-b696ff560f45,2026-05-10T17:00:00+00:00,closed,home,a015b02d-845c-40c1-8ef4-844984f47e4d,d6a012ed-84aa-48d3-8265-2d3f3ff2199a,af29f820-e5c3-494b-baf3-9a8ee2ea1d53,Gianna Kneepkens,True,True,,False,7.966666666666667,7:58,,,game_summary__235de568-8156-4dd4-835a-b696ff560f45__20260510T193916Z.json
2026,REG,235de568-8156-4dd4-835a-b696ff560f45,2026-05-10T17:00:00+00:00,closed,home,a015b02d-845c-40c1-8ef4-844984f47e4d,d6a012ed-84aa-48d3-8265-2d3f3ff2199a,d851048b-0415-4678-9f9a-f49cc03ae802,Diamond Miller,True,True,True,False,26.7,26:42,,,game_summary__235de568-8156-4dd4-835a-b696ff560f45__20260510T193916Z.json
2026,REG,235de568-8156-4dd4-835a-b696ff560f45,2026-05-10T17:00:00+00:00,closed,away,d6a012ed-84aa-48d3-8265-2d3f3ff2199a,a015b02d-845c-40c1-8ef4-844984f47e4d,0add970b-86eb-4149-aac2-5a03664938bc,Zia Cooke,True,True,,False,12.15,12:09,,,game_summary__235de568-8156-4dd4-835a-b696ff560f45__20260510T193916Z.json
2026,REG,235de568-8156-4dd4-835a-b696ff560f45,2026-05-10T17:00:00+00:00,closed,away,d6a012ed-84aa-48d3-8265-2d3f3ff2199a,a015b02d-845c-40c1-8ef4-844984f47e4d,155215e8-3e76-49cd-b00a-e0d9a124ec7f,Lexie Brown,True,True,,False,21.066666666666666,21:04,,,game_summary__235de568-8156-4dd4-835a-b696ff560f45__20260510T193916Z.json
2026,REG,235de568-8156-4dd4-835a-b696ff560f45,2026-05-10T17:00:00+00:00,closed,away,d6a012ed-84aa-48d3-8265-2d3f3ff2199a,a015b02d-845c-40c1-8ef4-844984f47e4d,1ca0768c-fd19-41ec-b047-0df6312376c6,Grace Vanslooten,True,True,,False,10.0,10:00,,,game_summary__235de568-8156-4dd4-835a-b696ff560f45__20260510T193916Z.json
2026,REG,235de568-8156-4dd4-835a-b696ff560f45,2026-05-10T17:00:00+00:00,closed,away,d6a012ed-84aa-48d3-8265-2d3f3ff2199a,a015b02d-845c-40c1-8ef4-844984f47e4d,29a8b1d2-db3b-4035-a635-9d559bc51a8a,Katie Lou Samuelson,,True,,False,0.0,00:00,DND - Injury/Illness,Right Knee,game_summary__235de568-8156-4dd4-835a-b696ff560f45__20260510T193916Z.json
2026,REG,235de568-8156-4dd4-835a-b696ff560f45,2026-05-10T17:00:00+00:00,closed,away,d6a012ed-84aa-48d3-8265-2d3f3ff2199a,a015b02d-845c-40c1-8ef4-844984f47e4d,3f194c01-8933-4160-928b-93c416002d6f,Jade Melbourne,True,True,,True,23.166666666666668,23:10,,,game_summary__235de568-8156-4dd4-835a-b696ff560f45__20260510T193916Z.json
2026,REG,235de568-8156-4dd4-835a-b696ff560f45,2026-05-10T17:00:00+00:00,closed,away,d6a012ed-84aa-48d3-8265-2d3f3ff2199a,a015b02d-845c-40c1-8ef4-844984f47e4d,43135c04-f4c8-490d-ad59-0eb2e9f2f6cf,Natisha Hiedeman,True,True,True,False,25.5,25:30,,,game_summary__235de568-8156-4dd4-835a-b696ff560f45__20260510T193916Z.json
2026,REG,235de568-8156-4dd4-835a-b696ff560f45,2026-05-10T17:00:00+00:00,closed,away,d6a012ed-84aa-48d3-8265-2d3f3ff2199a,a015b02d-845c-40c1-8ef4-844984f47e4d,5a356464-d9e8-454a-9d3b-7c8825266243,Mackenzie Holmes,True,True,,False,22.633333333333333,22:38,,,game_summary__235de568-8156-4dd4-835a-b696ff560f45__20260510T193916Z.json
2026,REG,235de568-8156-4dd4-835a-b696ff560f45,2026-05-10T17:00:00+00:00,closed,away,d6a012ed-84aa-48d3-8265-2d3f3ff2199a,a015b02d-845c-40c1-8ef4-844984f47e4d,776e2238-8340-4425-ab90-ba69e1bc7441,Stefanie Dolson,True,True,True,True,20.883333333333333,20:53,,,game_summary__235de568-8156-4dd4-835a-b696ff560f45__20260510T193916Z.json
2026,REG,235de568-8156-4dd4-835a-b696ff560f45,2026-05-10T17:00:00+00:00,closed,away,d6a012ed-84aa-48d3-8265-2d3f3ff2199a,a015b02d-845c-40c1-8ef4-844984f47e4d,7ff950fc-3872-4d7c-84ce-db06ebe42123,Ezi Magbegor,,True,,False,0.0,00:00,DND - Injury/Illness,Right Foot,game_summary__235de568-8156-4dd4-835a-b696ff560f45__20260510T193916Z.json
2026,REG,235de568-8156-4dd4-835a-b696ff560f45,2026-05-10T17:00:00+00:00,closed,away,d6a012ed-84aa-48d3-8265-2d3f3ff2199a,a015b02d-845c-40c1-8ef4-844984f47e4d,a27cebb1-287d-49b0-b023-179e2c37843f,Dominique Malonga,True,True,True,True,19.6,19:36,,,game_summary__235de568-8156-4dd4-835a-b696ff560f45__20260510T193916Z.json
2026,REG,235de568-8156-4dd4-835a-b696ff560f45,2026-05-10T17:00:00+00:00,closed,away,d6a012ed-84aa-48d3-8265-2d3f3ff2199a,a015b02d-845c-40c1-8ef4-844984f47e4d,c68b8f7d-ba79-4e56-bb0f-fc44688e722c,Taina Mair,,True,,False,0.0,00:00,DND - Coaches Decision,Coach's Decision,game_summary__235de568-8156-4dd4-835a-b696ff560f45__20260510T193916Z.json
2026,REG,235de568-8156-4dd4-835a-b696ff560f45,2026-05-10T17:00:00+00:00,closed,away,d6a012ed-84aa-48d3-8265-2d3f3ff2199a,a015b02d-845c-40c1-8ef4-844984f47e4d,e6959e8f-c586-4eae-bbc9-edd761e78321,Jordan Horston,True,True,True,True,15.283333333333333,15:17,,,game_summary__235de568-8156-4dd4-835a-b696ff560f45__20260510T193916Z.json
2026,REG,235de568-8156-4dd4-835a-b696ff560f45,2026-05-10T17:00:00+00:00,closed,away,d6a012ed-84aa-48d3-8265-2d3f3ff2199a,a015b02d-845c-40c1-8ef4-844984f47e4d,fa9a0ec0-608d-497c-bb66-864691e4f5d0,Flau'jae Johnson,True,True,True,True,29.716666666666665,29:43,,,game_summary__235de568-8156-4dd4-835a-b696ff560f45__20260510T193916Z.json
2026,REG,1ef40916-c578-4316-b5d3-6c626d6dd895,2026-05-10T19:00:00+00:00,closed,away,08ed8274-e29f-4248-bc2e-83cc8ed18d75,5c0d47fe-8539-47b0-9f36-d0b3609ca89b,15f0b384-7c91-463e-9ae8-fa73d549f23a,Julie Vanloo,True,True,,False,13.333333333333334,13:20,,,game_summary__1ef40916-c578-4316-b5d3-6c626d6dd895__20260511T015058Z.json
2026,REG,1ef40916-c578-4316-b5d3-6c626d6dd895,2026-05-10T19:00:00+00:00,closed,away,08ed8274-e29f-4248-bc2e-83cc8ed18d75,5c0d47fe-8539-47b0-9f36-d0b3609ca89b,2199ae2c-7588-4610-9deb-a1b5e8025d43,Sabrina Ionescu,,True,,False,0.0,00:00,DNP – Coach's Decision,,game_summary__1ef40916-c578-4316-b5d3-6c626d6dd895__20260511T015058Z.json
2026,REG,1ef40916-c578-4316-b5d3-6c626d6dd895,2026-05-10T19:00:00+00:00,closed,away,08ed8274-e29f-4248-bc2e-83cc8ed18d75,5c0d47fe-8539-47b0-9f36-d0b3609ca89b,357ea521-789b-4d23-a7ad-f4f539c0d824,Satou Sabally,,True,,False,0.0,00:00,DNP – Coach's Decision,,game_summary__1ef40916-c578-4316-b5d3-6c626d6dd895__20260511T015058Z.json
2026,REG,1ef40916-c578-4316-b5d3-6c626d6dd895,2026-05-10T19:00:00+00:00,closed,away,08ed8274-e29f-4248-bc2e-83cc8ed18d75,5c0d47fe-8539-47b0-9f36-d0b3609ca89b,3d0a61e8-8f8f-48a8-bfa3-d9c3171c819f,Betnijah Laney-Hamilton,True,True,True,True,25.233333333333334,25:14,,,game_summary__1ef40916-c578-4316-b5d3-6c626d6dd895__20260511T015058Z.json
2026,REG,1ef40916-c578-4316-b5d3-6c626d6dd895,2026-05-10T19:00:00+00:00,closed,away,08ed8274-e29f-4248-bc2e-83cc8ed18d75,5c0d47fe-8539-47b0-9f36-d0b3609ca89b,6fa763e6-846f-4f9d-a4ce-256d8b328424,Breanna Stewart,True,True,True,True,38.666666666666664,38:40,,,game_summary__1ef40916-c578-4316-b5d3-6c626d6dd895__20260511T015058Z.json
2026,REG,1ef40916-c578-4316-b5d3-6c626d6dd895,2026-05-10T19:00:00+00:00,closed,away,08ed8274-e29f-4248-bc2e-83cc8ed18d75,5c0d47fe-8539-47b0-9f36-d0b3609ca89b,89e9800d-9af2-4b27-b6b6-835816bc2d3d,Marine Johannes,True,True,True,True,37.38333333333333,37:23,,,game_summary__1ef40916-c578-4316-b5d3-6c626d6dd895__20260511T015058Z.json
2026,REG,1ef40916-c578-4316-b5d3-6c626d6dd895,2026-05-10T19:00:00+00:00,closed,away,08ed8274-e29f-4248-bc2e-83cc8ed18d75,5c0d47fe-8539-47b0-9f36-d0b3609ca89b,8a438358-fbe0-4797-921f-add82eddf789,Jonquel Jones,True,True,True,False,24.2,24:12,,,game_summary__1ef40916-c578-4316-b5d3-6c626d6dd895__20260511T015058Z.json
2026,REG,1ef40916-c578-4316-b5d3-6c626d6dd895,2026-05-10T19:00:00+00:00,closed,away,08ed8274-e29f-4248-bc2e-83cc8ed18d75,5c0d47fe-8539-47b0-9f36-d0b3609ca89b,9848c81d-efc7-4927-bc18-98fd0e50c761,Rebecca Allen,,True,,False,0.0,00:00,DNP – Coach's Decision,,game_summary__1ef40916-c578-4316-b5d3-6c626d6dd895__20260511T015058Z.json
2026,REG,1ef40916-c578-4316-b5d3-6c626d6dd895,2026-05-10T19:00:00+00:00,closed,away,08ed8274-e29f-4248-bc2e-83cc8ed18d75,5c0d47fe-8539-47b0-9f36-d0b3609ca89b,98768736-66ba-4dc9-b3f7-611a62d51106,Aubrey Griffin,True,True,,False,0.25,00:15,,,game_summary__1ef40916-c578-4316-b5d3-6c626d6dd895__20260511T015058Z.json
2026,REG,1ef40916-c578-4316-b5d3-6c626d6dd895,2026-05-10T19:00:00+00:00,closed,away,08ed8274-e29f-4248-bc2e-83cc8ed18d75,5c0d47fe-8539-47b0-9f36-d0b3609ca89b,98fff88c-a6ac-48fd-a586-46fa33c7c25e,Pauline Astier,True,True,True,True,34.983333333333334,34:59,,,game_summary__1ef40916-c578-4316-b5d3-6c626d6dd895__20260511T015058Z.json
2026,REG,1ef40916-c578-4316-b5d3-6c626d6dd895,2026-05-10T19:00:00+00:00,closed,away,08ed8274-e29f-4248-bc2e-83cc8ed18d75,5c0d47fe-8539-47b0-9f36-d0b3609ca89b,c18a5bbc-64df-4171-b4fd-c4413dd10651,Rebekah Gardner,True,True,,True,25.433333333333334,25:26,,,game_summary__1ef40916-c578-4316-b5d3-6c626d6dd895__20260511T015058Z.json
2026,REG,1ef40916-c578-4316-b5d3-6c626d6dd895,2026-05-10T19:00:00+00:00,closed,away,08ed8274-e29f-4248-bc2e-83cc8ed18d75,5c0d47fe-8539-47b0-9f36-d0b3609ca89b,dffaa225-77d7-4b0d-8cc0-a80543a14033,Marine Fauthoux,,True,,False,0.0,00:00,DNP – Coach's Decision,,game_summary__1ef40916-c578-4316-b5d3-6c626d6dd895__20260511T015058Z.json
2026,REG,1ef40916-c578-4316-b5d3-6c626d6dd895,2026-05-10T19:00:00+00:00,closed,away,08ed8274-e29f-4248-bc2e-83cc8ed18d75,5c0d47fe-8539-47b0-9f36-d0b3609ca89b,edd9c4c3-c8d4-4513-aeca-c70df44bd6ee,Han Xu,True,True,,False,25.516666666666666,25:31,,,game_summary__1ef40916-c578-4316-b5d3-6c626d6dd895__20260511T015058Z.json
2026,REG,1ef40916-c578-4316-b5d3-6c626d6dd895,2026-05-10T19:00:00+00:00,closed,home,5c0d47fe-8539-47b0-9f36-d0b3609ca89b,08ed8274-e29f-4248-bc2e-83cc8ed18d75,02cb88c5-7e72-4e85-a930-eb9da814db71,Angela Dugalic,True,True,,False,10.416666666666666,10:25,,,game_summary__1ef40916-c578-4316-b5d3-6c626d6dd895__20260511T015058Z.json
2026,REG,1ef40916-c578-4316-b5d3-6c626d6dd895,2026-05-10T19:00:00+00:00,closed,home,5c0d47fe-8539-47b0-9f36-d0b3609ca89b,08ed8274-e29f-4248-bc2e-83cc8ed18d75,058cc518-ed77-4c82-9680-9e64bba2f626,Lauren Betts,True,True,,False,18.4,18:24,,,game_summary__1ef40916-c578-4316-b5d3-6c626d6dd895__20260511T015058Z.json
2026,REG,1ef40916-c578-4316-b5d3-6c626d6dd895,2026-05-10T19:00:00+00:00,closed,home,5c0d47fe-8539-47b0-9f36-d0b3609ca89b,08ed8274-e29f-4248-bc2e-83cc8ed18d75,15b29fa3-09c7-4a75-83d2-ee2232745392,Cassandre Prosper,True,True,True,False,27.5,27:30,,,game_summary__1ef40916-c578-4316-b5d3-6c626d6dd895__20260511T015058Z.json
2026,REG,1ef40916-c578-4316-b5d3-6c626d6dd895,2026-05-10T19:00:00+00:00,closed,home,5c0d47fe-8539-47b0-9f36-d0b3609ca89b,08ed8274-e29f-4248-bc2e-83cc8ed18d75,18d3a6ec-6865-47c0-a4b3-b5a8687ad49e,Alex Wilson,True,True,,True,23.766666666666666,23:46,,,game_summary__1ef40916-c578-4316-b5d3-6c626d6dd895__20260511T015058Z.json
2026,REG,1ef40916-c578-4316-b5d3-6c626d6dd895,2026-05-10T19:00:00+00:00,closed,home,5c0d47fe-8539-47b0-9f36-d0b3609ca89b,08ed8274-e29f-4248-bc2e-83cc8ed18d75,26c2f575-8b8d-44de-a3ca-ccbfac38b598,Cotie McMahon,,True,,False,0.0,00:00,DNP – Injury/Illness,Left Elbow Sprain,game_summary__1ef40916-c578-4316-b5d3-6c626d6dd895__20260511T015058Z.json
2026,REG,1ef40916-c578-4316-b5d3-6c626d6dd895,2026-05-10T19:00:00+00:00,closed,home,5c0d47fe-8539-47b0-9f36-d0b3609ca89b,08ed8274-e29f-4248-bc2e-83cc8ed18d75,4945c3b5-f536-470c-8f2b-76568b59fe52,Kiki Iriafen,True,True,True,True,27.8,27:48,,,game_summary__1ef40916-c578-4316-b5d3-6c626d6dd895__20260511T015058Z.json
2026,REG,1ef40916-c578-4316-b5d3-6c626d6dd895,2026-05-10T19:00:00+00:00,closed,home,5c0d47fe-8539-47b0-9f36-d0b3609ca89b,08ed8274-e29f-4248-bc2e-83cc8ed18d75,4d70f9da-972d-4903-b9e5-d4d4aaa0a91d,Michaela Onyenwere,,True,,False,0.0,00:00,DNP – Injury/Illness,Left Knee Injury Management,game_summary__1ef40916-c578-4316-b5d3-6c626d6dd895__20260511T015058Z.json
2026,REG,1ef40916-c578-4316-b5d3-6c626d6dd895,2026-05-10T19:00:00+00:00,closed,home,5c0d47fe-8539-47b0-9f36-d0b3609ca89b,08ed8274-e29f-4248-bc2e-83cc8ed18d75,4e5370b1-4813-4e01-914e-e7f4a00ba565,Sonia Citron,True,True,True,True,35.93333333333333,35:56,,,game_summary__1ef40916-c578-4316-b5d3-6c626d6dd895__20260511T015058Z.json
2026,REG,1ef40916-c578-4316-b5d3-6c626d6dd895,2026-05-10T19:00:00+00:00,closed,home,5c0d47fe-8539-47b0-9f36-d0b3609ca89b,08ed8274-e29f-4248-bc2e-83cc8ed18d75,54e15980-ce12-4c08-893f-f19a8c57be49,Lucy Olsen,True,True,,True,4.75,4:45,,,game_summary__1ef40916-c578-4316-b5d3-6c626d6dd895__20260511T015058Z.json
2026,REG,1ef40916-c578-4316-b5d3-6c626d6dd895,2026-05-10T19:00:00+00:00,closed,home,5c0d47fe-8539-47b0-9f36-d0b3609ca89b,08ed8274-e29f-4248-bc2e-83cc8ed18d75,58456ac4-0f93-4ffd-a6b4-52495df0a69f,Rori Harmon,True,True,,False,21.7,21:42,,,game_summary__1ef40916-c578-4316-b5d3-6c626d6dd895__20260511T015058Z.json
2026,REG,1ef40916-c578-4316-b5d3-6c626d6dd895,2026-05-10T19:00:00+00:00,closed,home,5c0d47fe-8539-47b0-9f36-d0b3609ca89b,08ed8274-e29f-4248-bc2e-83cc8ed18d75,757cdede-a858-4dfd-8089-a3d72ecd82c5,Alicia Florez Getino,,True,,False,0.0,00:00,DNP – Personal,,game_summary__1ef40916-c578-4316-b5d3-6c626d6dd895__20260511T015058Z.json
2026,REG,1ef40916-c578-4316-b5d3-6c626d6dd895,2026-05-10T19:00:00+00:00,closed,home,5c0d47fe-8539-47b0-9f36-d0b3609ca89b,08ed8274-e29f-4248-bc2e-83cc8ed18d75,7709c3e4-3fcb-4483-95b5-ba433eab864a,Georgia Amoore,True,True,True,False,21.366666666666667,21:22,,,game_summary__1ef40916-c578-4316-b5d3-6c626d6dd895__20260511T015058Z.json
2026,REG,1ef40916-c578-4316-b5d3-6c626d6dd895,2026-05-10T19:00:00+00:00,closed,home,5c0d47fe-8539-47b0-9f36-d0b3609ca89b,08ed8274-e29f-4248-bc2e-83cc8ed18d75,a8e64df8-bd27-4c28-94c9-7c1c370960dc,Shakira Austin,True,True,True,True,33.38333333333333,33:23,,,game_summary__1ef40916-c578-4316-b5d3-6c626d6dd895__20260511T015058Z.json
2026,REG,1ef40916-c578-4316-b5d3-6c626d6dd895,2026-05-10T19:00:00+00:00,closed,home,5c0d47fe-8539-47b0-9f36-d0b3609ca89b,08ed8274-e29f-4248-bc2e-83cc8ed18d75,ec5e3e73-1818-4cf2-a5d4-f9ea7ca6fb32,Darianna Littlepage-Buggs,,True,,False,0.0,00:00,DNP – Coach's Decision,,game_summary__1ef40916-c578-4316-b5d3-6c626d6dd895__20260511T015058Z.json
2026,REG,9de17155-e91b-435c-855e-11c202996f68,2026-05-10T22:00:00+00:00,closed,home,0a5ad38d-2fe3-43ba-894b-1ba3d5042ea9,171b097d-01db-4ae8-9d56-035689402ec6,01c9d25e-20dd-4a11-8571-cbdff67d4608,Sania Feagin,True,True,,True,2.9833333333333334,2:59,,,game_summary__9de17155-e91b-435c-855e-11c202996f68__20260511T015100Z.json
2026,REG,9de17155-e91b-435c-855e-11c202996f68,2026-05-10T22:00:00+00:00,closed,home,0a5ad38d-2fe3-43ba-894b-1ba3d5042ea9,171b097d-01db-4ae8-9d56-035689402ec6,074ec352-4d5a-49ac-80ba-e17d29f4995a,Ta'Niya Latson,True,True,,True,4.7,4:42,,,game_summary__9de17155-e91b-435c-855e-11c202996f68__20260511T015100Z.json
2026,REG,9de17155-e91b-435c-855e-11c202996f68,2026-05-10T22:00:00+00:00,closed,home,0a5ad38d-2fe3-43ba-894b-1ba3d5042ea9,171b097d-01db-4ae8-9d56-035689402ec6,17346063-d768-4dbc-8e6e-a1123f76d87c,Chance Gray,True,True,,True,7.966666666666667,7:58,,,game_summary__9de17155-e91b-435c-855e-11c202996f68__20260511T015100Z.json
2026,REG,9de17155-e91b-435c-855e-11c202996f68,2026-05-10T22:00:00+00:00,closed,home,0a5ad38d-2fe3-43ba-894b-1ba3d5042ea9,171b097d-01db-4ae8-9d56-035689402ec6,1cca5ba9-8ddb-4029-969a-a5768993a0dd,Emma Cannon,True,True,,True,1.8666666666666667,1:52,,,game_summary__9de17155-e91b-435c-855e-11c202996f68__20260511T015100Z.json
2026,REG,9de17155-e91b-435c-855e-11c202996f68,2026-05-10T22:00:00+00:00,closed,home,0a5ad38d-2fe3-43ba-894b-1ba3d5042ea9,171b097d-01db-4ae8-9d56-035689402ec6,1e3a3b1c-7ddb-47bc-896d-536ca782d90d,Jihyun Park,True,True,,True,1.8666666666666667,1:52,,,game_summary__9de17155-e91b-435c-855e-11c202996f68__20260511T015100Z.json
2026,REG,9de17155-e91b-435c-855e-11c202996f68,2026-05-10T22:00:00+00:00,closed,home,0a5ad38d-2fe3-43ba-894b-1ba3d5042ea9,171b097d-01db-4ae8-9d56-035689402ec6,28361fd5-c935-4025-a709-2c488f53ed8c,Erica Wheeler,True,True,,False,18.0,18:00,,,game_summary__9de17155-e91b-435c-855e-11c202996f68__20260511T015100Z.json
2026,REG,9de17155-e91b-435c-855e-11c202996f68,2026-05-10T22:00:00+00:00,closed,home,0a5ad38d-2fe3-43ba-894b-1ba3d5042ea9,171b097d-01db-4ae8-9d56-035689402ec6,2861dedc-439b-4fbb-bc50-1873b498dc52,Ariel Atkins,True,True,True,False,31.75,31:45,,,game_summary__9de17155-e91b-435c-855e-11c202996f68__20260511T015100Z.json
2026,REG,9de17155-e91b-435c-855e-11c202996f68,2026-05-10T22:00:00+00:00,closed,home,0a5ad38d-2fe3-43ba-894b-1ba3d5042ea9,171b097d-01db-4ae8-9d56-035689402ec6,2950ae7e-044f-4580-9c18-1593aa3ff48e,Rae Burrell,True,True,True,False,28.0,28:00,,,game_summary__9de17155-e91b-435c-855e-11c202996f68__20260511T015100Z.json
2026,REG,9de17155-e91b-435c-855e-11c202996f68,2026-05-10T22:00:00+00:00,closed,home,0a5ad38d-2fe3-43ba-894b-1ba3d5042ea9,171b097d-01db-4ae8-9d56-035689402ec6,4daa0bba-2317-4504-a94c-969ccdf7d5d6,Kelsey Plum,True,True,True,False,34.81666666666667,34:49,,,game_summary__9de17155-e91b-435c-855e-11c202996f68__20260511T015100Z.json
2026,REG,9de17155-e91b-435c-855e-11c202996f68,2026-05-10T22:00:00+00:00,closed,home,0a5ad38d-2fe3-43ba-894b-1ba3d5042ea9,171b097d-01db-4ae8-9d56-035689402ec6,55cbf5b3-3dfb-447b-b661-d9ccbf601066,Cameron Brink,True,True,,False,8.05,8:03,,,game_summary__9de17155-e91b-435c-855e-11c202996f68__20260511T015100Z.json
2026,REG,9de17155-e91b-435c-855e-11c202996f68,2026-05-10T22:00:00+00:00,closed,home,0a5ad38d-2fe3-43ba-894b-1ba3d5042ea9,171b097d-01db-4ae8-9d56-035689402ec6,693b6941-8999-40bb-a3a2-b77c34f1dc78,Dearica Hamby,True,True,True,False,27.2,27:12,,,game_summary__9de17155-e91b-435c-855e-11c202996f68__20260511T015100Z.json
2026,REG,9de17155-e91b-435c-855e-11c202996f68,2026-05-10T22:00:00+00:00,closed,home,0a5ad38d-2fe3-43ba-894b-1ba3d5042ea9,171b097d-01db-4ae8-9d56-035689402ec6,e0a21f37-4dec-43db-aec9-381d39616de6,Laura Ziegler,,,,False,0.0,00:00,Inactive - Coaches Decision,,game_summary__9de17155-e91b-435c-855e-11c202996f68__20260511T015100Z.json
2026,REG,9de17155-e91b-435c-855e-11c202996f68,2026-05-10T22:00:00+00:00,closed,home,0a5ad38d-2fe3-43ba-894b-1ba3d5042ea9,171b097d-01db-4ae8-9d56-035689402ec6,e49da6d1-dd65-44f9-9a5f-d60010d8c384,Nneka Ogwumike,True,True,True,False,32.8,32:48,,,game_summary__9de17155-e91b-435c-855e-11c202996f68__20260511T015100Z.json
2026,REG,9de17155-e91b-435c-855e-11c202996f68,2026-05-10T22:00:00+00:00,closed,home,0a5ad38d-2fe3-43ba-894b-1ba3d5042ea9,171b097d-01db-4ae8-9d56-035689402ec6,ea77addf-9b42-4d57-8669-c022f61ce2d9,Kate Martin,,,,False,0.0,00:00,Inactive - Coaches Decision,,game_summary__9de17155-e91b-435c-855e-11c202996f68__20260511T015100Z.json
2026,REG,9de17155-e91b-435c-855e-11c202996f68,2026-05-10T22:00:00+00:00,closed,away,171b097d-01db-4ae8-9d56-035689402ec6,0a5ad38d-2fe3-43ba-894b-1ba3d5042ea9,0825c65d-b903-4dd3-8206-e5f7d31bb2b8,Jewell Loyd,True,True,,False,26.133333333333333,26:08,,,game_summary__9de17155-e91b-435c-855e-11c202996f68__20260511T015100Z.json
2026,REG,9de17155-e91b-435c-855e-11c202996f68,2026-05-10T22:00:00+00:00,closed,away,171b097d-01db-4ae8-9d56-035689402ec6,0a5ad38d-2fe3-43ba-894b-1ba3d5042ea9,3112ab66-5995-4ed1-b460-2b0e5abc2dd1,Kierstan Bell,True,True,,True,7.85,7:51,,,game_summary__9de17155-e91b-435c-855e-11c202996f68__20260511T015100Z.json
2026,REG,9de17155-e91b-435c-855e-11c202996f68,2026-05-10T22:00:00+00:00,closed,away,171b097d-01db-4ae8-9d56-035689402ec6,0a5ad38d-2fe3-43ba-894b-1ba3d5042ea9,3c606b9a-c914-4e6f-ac4f-81b2600f7755,Dana Evans,,,,False,0.0,00:00,Inactive - Injury/Illness,Lower Left Leg,game_summary__9de17155-e91b-435c-855e-11c202996f68__20260511T015100Z.json
2026,REG,9de17155-e91b-435c-855e-11c202996f68,2026-05-10T22:00:00+00:00,closed,away,171b097d-01db-4ae8-9d56-035689402ec6,0a5ad38d-2fe3-43ba-894b-1ba3d5042ea9,433a5b0e-6b9c-448c-a8f7-33c5849bb6f1,Brianna Turner,True,True,,True,16.25,16:15,,,game_summary__9de17155-e91b-435c-855e-11c202996f68__20260511T015100Z.json
2026,REG,9de17155-e91b-435c-855e-11c202996f68,2026-05-10T22:00:00+00:00,closed,away,171b097d-01db-4ae8-9d56-035689402ec6,0a5ad38d-2fe3-43ba-894b-1ba3d5042ea9,4a97e708-71e5-4d58-b1e8-883adf027925,Cheyenne Parker-Tyus,True,True,,True,2.9833333333333334,2:59,,,game_summary__9de17155-e91b-435c-855e-11c202996f68__20260511T015100Z.json
2026,REG,9de17155-e91b-435c-855e-11c202996f68,2026-05-10T22:00:00+00:00,closed,away,171b097d-01db-4ae8-9d56-035689402ec6,0a5ad38d-2fe3-43ba-894b-1ba3d5042ea9,4fa92d21-9f96-4bab-a9f8-f530a69287ee,Jackie Young,True,True,True,False,30.916666666666668,30:55,,,game_summary__9de17155-e91b-435c-855e-11c202996f68__20260511T015100Z.json
2026,REG,9de17155-e91b-435c-855e-11c202996f68,2026-05-10T22:00:00+00:00,closed,away,171b097d-01db-4ae8-9d56-035689402ec6,0a5ad38d-2fe3-43ba-894b-1ba3d5042ea9,6340b055-3c1b-427e-88d6-6f9cdd1fc925,A'ja Wilson,True,True,True,False,30.016666666666666,30:01,,,game_summary__9de17155-e91b-435c-855e-11c202996f68__20260511T015100Z.json
2026,REG,9de17155-e91b-435c-855e-11c202996f68,2026-05-10T22:00:00+00:00,closed,away,171b097d-01db-4ae8-9d56-035689402ec6,0a5ad38d-2fe3-43ba-894b-1ba3d5042ea9,63b305c4-1d47-4e3e-91ac-9a529fd4c851,Chennedy Carter,True,True,,True,19.5,19:30,,,game_summary__9de17155-e91b-435c-855e-11c202996f68__20260511T015100Z.json
2026,REG,9de17155-e91b-435c-855e-11c202996f68,2026-05-10T22:00:00+00:00,closed,away,171b097d-01db-4ae8-9d56-035689402ec6,0a5ad38d-2fe3-43ba-894b-1ba3d5042ea9,732bf79f-1bfa-450c-ad04-015f7624765a,NaLyssa Smith,True,True,True,False,15.966666666666667,15:58,,,game_summary__9de17155-e91b-435c-855e-11c202996f68__20260511T015100Z.json
2026,REG,9de17155-e91b-435c-855e-11c202996f68,2026-05-10T22:00:00+00:00,closed,away,171b097d-01db-4ae8-9d56-035689402ec6,0a5ad38d-2fe3-43ba-894b-1ba3d5042ea9,779cd8d9-133e-4e68-8bfb-16a437a34686,Stephanie Talbot,True,True,True,True,18.433333333333334,18:26,,,game_summary__9de17155-e91b-435c-855e-11c202996f68__20260511T015100Z.json
2026,REG,9de17155-e91b-435c-855e-11c202996f68,2026-05-10T22:00:00+00:00,closed,away,171b097d-01db-4ae8-9d56-035689402ec6,0a5ad38d-2fe3-43ba-894b-1ba3d5042ea9,96018564-39be-40b9-a4be-b1f187d9e85f,Janiah Barker,,,,False,0.0,00:00,Inactive - Injury/Illness,Concussion,game_summary__9de17155-e91b-435c-855e-11c202996f68__20260511T015100Z.json
2026,REG,9de17155-e91b-435c-855e-11c202996f68,2026-05-10T22:00:00+00:00,closed,away,171b097d-01db-4ae8-9d56-035689402ec6,0a5ad38d-2fe3-43ba-894b-1ba3d5042ea9,ca6b54e3-612d-4523-9582-b88e675f58de,Chelsea Gray,True,True,True,False,31.95,31:57,,,game_summary__9de17155-e91b-435c-855e-11c202996f68__20260511T015100Z.json
