season_year,player_id,player_name,team_id,game_id,scheduled,game_date,not_playing_reason,not_playing_description,issue_class,tokens,matched_to_update,matched_update_event_date,matched_injury_id,matched_desc,matched_status,evidence_dt,source,episode_id
2026,184cc47d-af49-47fb-bcec-c0df1de4813f,Isabelle Harrison,4e4f726e-a015-4306-91a7-28e8576c7868,61500e2a-18d1-4bb9-82ce-ab3010c4ce53,2026-05-08 23:30:00+00:00,2026-05-08,Inactive - Injury/Illness,Right Hand,illness,hand|illness,False,,,,,2026-05-08 00:00:00+00:00,dnp_injury,"184cc47d-af49-47fb-bcec-c0df1de4813f_6     1
19    1
20    1
21    1
22    1
0     1
23    1
24    1
14    1
25    1
26    1
12    1
27    1
28    1
29    1
30    1
31    1
32    1
8     1
33    1
16    1
17    1
18    1
34    1
5     1
35    1
36    1
37    1
38    1
39    1
2     1
13    1
3     1
7     1
40    1
41    1
42    1
11    1
1     1
15    1
43    1
44    1
45    1
9     1
46    1
47    1
48    1
10    1
4     1
Name: episode_num, dtype: object"
2026,1ed5a0c9-ad93-4996-acca-94c7e301bb79,Azura Stevens,3c409388-ab73-4c7f-953d-3a71062240f6,7def09d1-d666-4e08-a6d4-213059a7ffe9,2026-05-10 01:00:00+00:00,2026-05-10,Inactive - Injury/Illness,Left knee,illness,illness|knee,False,,,,,2026-05-10 00:00:00+00:00,dnp_injury,"1ed5a0c9-ad93-4996-acca-94c7e301bb79_6     1
19    1
20    1
21    1
22    1
0     1
23    1
24    1
14    1
25    1
26    1
12    1
27    1
28    1
29    1
30    1
31    1
32    1
8     1
33    1
16    1
17    1
18    1
34    1
5     1
35    1
36    1
37    1
38    1
39    1
2     1
13    1
3     1
7     1
40    1
41    1
42    1
11    1
1     1
15    1
43    1
44    1
45    1
9     1
46    1
47    1
48    1
10    1
4     1
Name: episode_num, dtype: object"
2026,206872ae-560b-4199-94f4-a44106b0baff,Monique Billings,f073a15f-0486-4179-b0a3-dfd0294eb595,1e37cd3d-41a4-417d-bd13-500d9267312e,2026-05-09 17:00:00+00:00,2026-05-09,DND - Injury/Illness,Ankle,illness,ankle|illness,False,,,,,2026-05-09 00:00:00+00:00,dnp_injury,"206872ae-560b-4199-94f4-a44106b0baff_6     1
19    1
20    1
21    1
22    1
0     1
23    1
24    1
14    1
25    1
26    1
12    1
27    1
28    1
29    1
30    1
31    1
32    1
8     1
33    1
16    1
17    1
18    1
34    1
5     1
35    1
36    1
37    1
38    1
39    1
2     1
13    1
3     1
7     1
40    1
41    1
42    1
11    1
1     1
15    1
43    1
44    1
45    1
9     1
46    1
47    1
48    1
10    1
4     1
Name: episode_num, dtype: object"
2026,20bc3af4-52f9-4d5e-8247-2a62d77c143b,Sug Sutton,d54283cc-c5ec-4dbd-bb61-166f217e3864,7def09d1-d666-4e08-a6d4-213059a7ffe9,2026-05-10 01:00:00+00:00,2026-05-10,Inactive - Injury/Illness,Right Knee,illness,illness|knee,False,,,,,2026-05-10 00:00:00+00:00,dnp_injury,"20bc3af4-52f9-4d5e-8247-2a62d77c143b_6     1
19    1
20    1
21    1
22    1
0     1
23    1
24    1
14    1
25    1
26    1
12    1
27    1
28    1
29    1
30    1
31    1
32    1
8     1
33    1
16    1
17    1
18    1
34    1
5     1
35    1
36    1
37    1
38    1
39    1
2     1
13    1
3     1
7     1
40    1
41    1
42    1
11    1
1     1
15    1
43    1
44    1
45    1
9     1
46    1
47    1
48    1
10    1
4     1
Name: episode_num, dtype: object"
2026,2199ae2c-7588-4610-9deb-a1b5e8025d43,Sabrina Ionescu,08ed8274-e29f-4248-bc2e-83cc8ed18d75,a01c0aa0-885e-4258-82c5-695c2ada9546,2026-05-08 23:30:00+00:00,2026-05-08,DND - Injury/Illness,L. Foot,illness,foot|illness,False,,,,,2026-05-08 00:00:00+00:00,dnp_injury,"2199ae2c-7588-4610-9deb-a1b5e8025d43_6     1
19    1
20    1
21    1
22    1
0     1
23    1
24    1
14    1
25    1
26    1
12    1
27    1
28    1
29    1
30    1
31    1
32    1
8     1
33    1
16    1
17    1
18    1
34    1
5     1
35    1
36    1
37    1
38    1
39    1
2     1
13    1
3     1
7     1
40    1
41    1
42    1
11    1
1     1
15    1
43    1
44    1
45    1
9     1
46    1
47    1
48    1
10    1
4     1
Name: episode_num, dtype: object"
2026,21f994d2-1cc9-4d83-b278-abc3aaf4f63d,Napheesa Collier,6f017f37-be96-4bdc-b6d3-0a0429c72e89,f88e8fd5-d27c-4709-844b-e24b33649f45,2026-05-10 00:00:00+00:00,2026-05-10,DND - Injury/Illness,Left Ankle,illness,ankle|illness,False,,,,,2026-05-10 00:00:00+00:00,dnp_injury,"21f994d2-1cc9-4d83-b278-abc3aaf4f63d_6     1
19    1
20    1
21    1
22    1
0     1
23    1
24    1
14    1
25    1
26    1
12    1
27    1
28    1
29    1
30    1
31    1
32    1
8     1
33    1
16    1
17    1
18    1
34    1
5     1
35    1
36    1
37    1
38    1
39    1
2     1
13    1
3     1
7     1
40    1
41    1
42    1
11    1
1     1
15    1
43    1
44    1
45    1
9     1
46    1
47    1
48    1
10    1
4     1
Name: episode_num, dtype: object"
2026,26c2f575-8b8d-44de-a3ca-ccbfac38b598,Cotie McMahon,5c0d47fe-8539-47b0-9f36-d0b3609ca89b,61500e2a-18d1-4bb9-82ce-ab3010c4ce53,2026-05-08 23:30:00+00:00,2026-05-08,Inactive - Injury/Illness,Left Elbow Strain,illness,elbow|illness,True,2026-05-07,f94c23fa-a76e-4b0f-817b-a911537e8c65,Elbow,Out,2026-05-08 00:00:00+00:00,dnp_injury,"26c2f575-8b8d-44de-a3ca-ccbfac38b598_6     1
19    1
20    1
21    1
22    1
0     1
23    1
24    1
14    1
25    1
26    1
12    1
27    1
28    1
29    1
30    1
31    1
32    1
8     1
33    1
16    1
17    1
18    1
34    1
5     1
35    1
36    1
37    1
38    1
39    1
2     1
13    1
3     1
7     1
40    1
41    1
42    1
11    1
1     1
15    1
43    1
44    1
45    1
9     1
46    1
47    1
48    1
10    1
4     1
Name: episode_num, dtype: object"
2026,26c2f575-8b8d-44de-a3ca-ccbfac38b598,Cotie McMahon,5c0d47fe-8539-47b0-9f36-d0b3609ca89b,1ef40916-c578-4316-b5d3-6c626d6dd895,2026-05-10 19:00:00+00:00,2026-05-10,DNP – Injury/Illness,Left Elbow Sprain,illness,elbow|illness,False,,,,,2026-05-10 00:00:00+00:00,dnp_injury,"26c2f575-8b8d-44de-a3ca-ccbfac38b598_6     1
19    1
20    1
21    1
22    1
0     1
23    1
24    1
14    1
25    1
26    1
12    1
27    1
28    1
29    1
30    1
31    1
32    1
8     1
33    1
16    1
17    1
18    1
34    1
5     1
35    1
36    1
37    1
38    1
39    1
2     1
13    1
3     1
7     1
40    1
41    1
42    1
11    1
1     1
15    1
43    1
44    1
45    1
9     1
46    1
47    1
48    1
10    1
4     1
Name: episode_num, dtype: object"
2026,29a8b1d2-db3b-4035-a635-9d559bc51a8a,Katie Lou Samuelson,d6a012ed-84aa-48d3-8265-2d3f3ff2199a,8f658fb4-cc4e-4499-a66f-025474c73ba8,2026-05-09 02:00:00+00:00,2026-05-09,DND - Injury/Illness,Right Knee,illness,illness|knee,True,2026-05-07,f0a59897-c8ef-4d37-873d-0af8452b675b,Knee,Out,2026-05-09 00:00:00+00:00,dnp_injury,"29a8b1d2-db3b-4035-a635-9d559bc51a8a_6     1
19    1
20    1
21    1
22    1
0     1
23    1
24    1
14    1
25    1
26    1
12    1
27    1
28    1
29    1
30    1
31    1
32    1
8     1
33    1
16    1
17    1
18    1
34    1
5     1
35    1
36    1
37    1
38    1
39    1
2     1
13    1
3     1
7     1
40    1
41    1
42    1
11    1
1     1
15    1
43    1
44    1
45    1
9     1
46    1
47    1
48    1
10    1
4     1
Name: episode_num, dtype: object"
2026,29a8b1d2-db3b-4035-a635-9d559bc51a8a,Katie Lou Samuelson,d6a012ed-84aa-48d3-8265-2d3f3ff2199a,235de568-8156-4dd4-835a-b696ff560f45,2026-05-10 17:00:00+00:00,2026-05-10,DND - Injury/Illness,Right Knee,illness,illness|knee,False,,,,,2026-05-10 00:00:00+00:00,dnp_injury,"29a8b1d2-db3b-4035-a635-9d559bc51a8a_6     1
19    1
20    1
21    1
22    1
0     1
23    1
24    1
14    1
25    1
26    1
12    1
27    1
28    1
29    1
30    1
31    1
32    1
8     1
33    1
16    1
17    1
18    1
34    1
5     1
35    1
36    1
37    1
38    1
39    1
2     1
13    1
3     1
7     1
40    1
41    1
42    1
11    1
1     1
15    1
43    1
44    1
45    1
9     1
46    1
47    1
48    1
10    1
4     1
Name: episode_num, dtype: object"
2026,2f1df065-07de-478f-9b37-76546561d8c2,Aaliyah Edwards,a015b02d-845c-40c1-8ef4-844984f47e4d,a01c0aa0-885e-4258-82c5-695c2ada9546,2026-05-08 23:30:00+00:00,2026-05-08,DND - Injury/Illness,L. Thigh,illness,illness,False,,,,,2026-05-08 00:00:00+00:00,dnp_injury,"2f1df065-07de-478f-9b37-76546561d8c2_6     1
19    1
20    1
21    1
22    1
0     1
23    1
24    1
14    1
25    1
26    1
12    1
27    1
28    1
29    1
30    1
31    1
32    1
8     1
33    1
16    1
17    1
18    1
34    1
5     1
35    1
36    1
37    1
38    1
39    1
2     1
13    1
3     1
7     1
40    1
41    1
42    1
11    1
1     1
15    1
43    1
44    1
45    1
9     1
46    1
47    1
48    1
10    1
4     1
Name: episode_num, dtype: object"
2026,2f1df065-07de-478f-9b37-76546561d8c2,Aaliyah Edwards,a015b02d-845c-40c1-8ef4-844984f47e4d,235de568-8156-4dd4-835a-b696ff560f45,2026-05-10 17:00:00+00:00,2026-05-10,DND - Injury/Illness,Left Thigh,illness,illness,False,,,,,2026-05-10 00:00:00+00:00,dnp_injury,"2f1df065-07de-478f-9b37-76546561d8c2_6     1
19    1
20    1
21    1
22    1
0     1
23    1
24    1
14    1
25    1
26    1
12    1
27    1
28    1
29    1
30    1
31    1
32    1
8     1
33    1
16    1
17    1
18    1
34    1
5     1
35    1
36    1
37    1
38    1
39    1
2     1
13    1
3     1
7     1
40    1
41    1
42    1
11    1
1     1
15    1
43    1
44    1
45    1
9     1
46    1
47    1
48    1
10    1
4     1
Name: episode_num, dtype: object"
2026,3c606b9a-c914-4e6f-ac4f-81b2600f7755,Dana Evans,171b097d-01db-4ae8-9d56-035689402ec6,6c13be8a-ab72-42d8-88d0-17889606673e,2026-05-09 19:30:00+00:00,2026-05-09,Inactive - Injury/Illness,Lower Left Leg,illness,illness|leg,False,,,,,2026-05-09 00:00:00+00:00,dnp_injury,"3c606b9a-c914-4e6f-ac4f-81b2600f7755_6     1
19    1
20    1
21    1
22    1
0     1
23    1
24    1
14    1
25    1
26    1
12    1
27    1
28    1
29    1
30    1
31    1
32    1
8     1
33    1
16    1
17    1
18    1
34    1
5     1
35    1
36    1
37    1
38    1
39    1
2     1
13    1
3     1
7     1
40    1
41    1
42    1
11    1
1     1
15    1
43    1
44    1
45    1
9     1
46    1
47    1
48    1
10    1
4     1
Name: episode_num, dtype: object"
2026,3c606b9a-c914-4e6f-ac4f-81b2600f7755,Dana Evans,171b097d-01db-4ae8-9d56-035689402ec6,9de17155-e91b-435c-855e-11c202996f68,2026-05-10 22:00:00+00:00,2026-05-10,Inactive - Injury/Illness,Lower Left Leg,illness,illness|leg,False,,,,,2026-05-10 00:00:00+00:00,dnp_injury,"3c606b9a-c914-4e6f-ac4f-81b2600f7755_6     1
19    1
20    1
21    1
22    1
0     1
23    1
24    1
14    1
25    1
26    1
12    1
27    1
28    1
29    1
30    1
31    1
32    1
8     1
33    1
16    1
17    1
18    1
34    1
5     1
35    1
36    1
37    1
38    1
39    1
2     1
13    1
3     1
7     1
40    1
41    1
42    1
11    1
1     1
15    1
43    1
44    1
45    1
9     1
46    1
47    1
48    1
10    1
4     1
Name: episode_num, dtype: object"
2026,4d70f9da-972d-4903-b9e5-d4d4aaa0a91d,Michaela Onyenwere,5c0d47fe-8539-47b0-9f36-d0b3609ca89b,61500e2a-18d1-4bb9-82ce-ab3010c4ce53,2026-05-08 23:30:00+00:00,2026-05-08,Inactive - Injury/Illness,Left Leg Injury Management,illness,illness|leg,False,,,,,2026-05-08 00:00:00+00:00,dnp_injury,"4d70f9da-972d-4903-b9e5-d4d4aaa0a91d_6     1
19    1
20    1
21    1
22    1
0     1
23    1
24    1
14    1
25    1
26    1
12    1
27    1
28    1
29    1
30    1
31    1
32    1
8     1
33    1
16    1
17    1
18    1
34    1
5     1
35    1
36    1
37    1
38    1
39    1
2     1
13    1
3     1
7     1
40    1
41    1
42    1
11    1
1     1
15    1
43    1
44    1
45    1
9     1
46    1
47    1
48    1
10    1
4     1
Name: episode_num, dtype: object"
2026,4d70f9da-972d-4903-b9e5-d4d4aaa0a91d,Michaela Onyenwere,5c0d47fe-8539-47b0-9f36-d0b3609ca89b,1ef40916-c578-4316-b5d3-6c626d6dd895,2026-05-10 19:00:00+00:00,2026-05-10,DNP – Injury/Illness,Left Knee Injury Management,illness,illness|knee,True,2026-05-09,6e6b5721-7b07-4835-84ed-054eedf1adc3,Leg,Out,2026-05-10 00:00:00+00:00,dnp_injury,"4d70f9da-972d-4903-b9e5-d4d4aaa0a91d_6     1
19    1
20    1
21    1
22    1
0     1
23    1
24    1
14    1
25    1
26    1
12    1
27    1
28    1
29    1
30    1
31    1
32    1
8     1
33    1
16    1
17    1
18    1
34    1
5     1
35    1
36    1
37    1
38    1
39    1
2     1
13    1
3     1
7     1
40    1
41    1
42    1
11    1
1     1
15    1
43    1
44    1
45    1
9     1
46    1
47    1
48    1
10    1
4     1
Name: episode_num, dtype: object"
2026,782a5034-334b-48e8-a7a8-931296f40c06,Shey Peddy,a015b02d-845c-40c1-8ef4-844984f47e4d,a01c0aa0-885e-4258-82c5-695c2ada9546,2026-05-08 23:30:00+00:00,2026-05-08,DND - Injury/Illness,L. Lower Leg,illness,illness|leg,False,,,,,2026-05-08 00:00:00+00:00,dnp_injury,"782a5034-334b-48e8-a7a8-931296f40c06_6     1
19    1
20    1
21    1
22    1
0     1
23    1
24    1
14    1
25    1
26    1
12    1
27    1
28    1
29    1
30    1
31    1
32    1
8     1
33    1
16    1
17    1
18    1
34    1
5     1
35    1
36    1
37    1
38    1
39    1
2     1
13    1
3     1
7     1
40    1
41    1
42    1
11    1
1     1
15    1
43    1
44    1
45    1
9     1
46    1
47    1
48    1
10    1
4     1
Name: episode_num, dtype: object"
2026,782a5034-334b-48e8-a7a8-931296f40c06,Shey Peddy,a015b02d-845c-40c1-8ef4-844984f47e4d,235de568-8156-4dd4-835a-b696ff560f45,2026-05-10 17:00:00+00:00,2026-05-10,DND - Injury/Illness,Left Leg,illness,illness|leg,False,,,,,2026-05-10 00:00:00+00:00,dnp_injury,"782a5034-334b-48e8-a7a8-931296f40c06_6     1
19    1
20    1
21    1
22    1
0     1
23    1
24    1
14    1
25    1
26    1
12    1
27    1
28    1
29    1
30    1
31    1
32    1
8     1
33    1
16    1
17    1
18    1
34    1
5     1
35    1
36    1
37    1
38    1
39    1
2     1
13    1
3     1
7     1
40    1
41    1
42    1
11    1
1     1
15    1
43    1
44    1
45    1
9     1
46    1
47    1
48    1
10    1
4     1
Name: episode_num, dtype: object"
2026,7aab70d6-2179-4389-a30e-e3da9c6a1713,Karlie Samuelson,d54283cc-c5ec-4dbd-bb61-166f217e3864,7def09d1-d666-4e08-a6d4-213059a7ffe9,2026-05-10 01:00:00+00:00,2026-05-10,Inactive - Injury/Illness,Left Foot,illness,foot|illness,False,,,,,2026-05-10 00:00:00+00:00,dnp_injury,"7aab70d6-2179-4389-a30e-e3da9c6a1713_6     1
19    1
20    1
21    1
22    1
0     1
23    1
24    1
14    1
25    1
26    1
12    1
27    1
28    1
29    1
30    1
31    1
32    1
8     1
33    1
16    1
17    1
18    1
34    1
5     1
35    1
36    1
37    1
38    1
39    1
2     1
13    1
3     1
7     1
40    1
41    1
42    1
11    1
1     1
15    1
43    1
44    1
45    1
9     1
46    1
47    1
48    1
10    1
4     1
Name: episode_num, dtype: object"
2026,7ff950fc-3872-4d7c-84ce-db06ebe42123,Ezi Magbegor,d6a012ed-84aa-48d3-8265-2d3f3ff2199a,8f658fb4-cc4e-4499-a66f-025474c73ba8,2026-05-09 02:00:00+00:00,2026-05-09,DND - Injury/Illness,Right Foot,illness,foot|illness,False,,,,,2026-05-09 00:00:00+00:00,dnp_injury,"7ff950fc-3872-4d7c-84ce-db06ebe42123_6     1
19    1
20    1
21    1
22    1
0     1
23    1
24    1
14    1
25    1
26    1
12    1
27    1
28    1
29    1
30    1
31    1
32    1
8     1
33    1
16    1
17    1
18    1
34    1
5     1
35    1
36    1
37    1
38    1
39    1
2     1
13    1
3     1
7     1
40    1
41    1
42    1
11    1
1     1
15    1
43    1
44    1
45    1
9     1
46    1
47    1
48    1
10    1
4     1
Name: episode_num, dtype: object"
2026,7ff950fc-3872-4d7c-84ce-db06ebe42123,Ezi Magbegor,d6a012ed-84aa-48d3-8265-2d3f3ff2199a,235de568-8156-4dd4-835a-b696ff560f45,2026-05-10 17:00:00+00:00,2026-05-10,DND - Injury/Illness,Right Foot,illness,foot|illness,False,,,,,2026-05-10 00:00:00+00:00,dnp_injury,"7ff950fc-3872-4d7c-84ce-db06ebe42123_6     1
19    1
20    1
21    1
22    1
0     1
23    1
24    1
14    1
25    1
26    1
12    1
27    1
28    1
29    1
30    1
31    1
32    1
8     1
33    1
16    1
17    1
18    1
34    1
5     1
35    1
36    1
37    1
38    1
39    1
2     1
13    1
3     1
7     1
40    1
41    1
42    1
11    1
1     1
15    1
43    1
44    1
45    1
9     1
46    1
47    1
48    1
10    1
4     1
Name: episode_num, dtype: object"
2026,96018564-39be-40b9-a4be-b1f187d9e85f,Janiah Barker,171b097d-01db-4ae8-9d56-035689402ec6,6c13be8a-ab72-42d8-88d0-17889606673e,2026-05-09 19:30:00+00:00,2026-05-09,Inactive - Injury/Illness,Concussion Protocol,illness,concussion|illness,False,,,,,2026-05-09 00:00:00+00:00,dnp_injury,"96018564-39be-40b9-a4be-b1f187d9e85f_6     1
19    1
20    1
21    1
22    1
0     1
23    1
24    1
14    1
25    1
26    1
12    1
27    1
28    1
29    1
30    1
31    1
32    1
8     1
33    1
16    1
17    1
18    1
34    1
5     1
35    1
36    1
37    1
38    1
39    1
2     1
13    1
3     1
7     1
40    1
41    1
42    1
11    1
1     1
15    1
43    1
44    1
45    1
9     1
46    1
47    1
48    1
10    1
4     1
Name: episode_num, dtype: object"
2026,96018564-39be-40b9-a4be-b1f187d9e85f,Janiah Barker,171b097d-01db-4ae8-9d56-035689402ec6,9de17155-e91b-435c-855e-11c202996f68,2026-05-10 22:00:00+00:00,2026-05-10,Inactive - Injury/Illness,Concussion,illness,concussion|illness,False,,,,,2026-05-10 00:00:00+00:00,dnp_injury,"96018564-39be-40b9-a4be-b1f187d9e85f_6     1
19    1
20    1
21    1
22    1
0     1
23    1
24    1
14    1
25    1
26    1
12    1
27    1
28    1
29    1
30    1
31    1
32    1
8     1
33    1
16    1
17    1
18    1
34    1
5     1
35    1
36    1
37    1
38    1
39    1
2     1
13    1
3     1
7     1
40    1
41    1
42    1
11    1
1     1
15    1
43    1
44    1
45    1
9     1
46    1
47    1
48    1
10    1
4     1
Name: episode_num, dtype: object"
2026,9848c81d-efc7-4927-bc18-98fd0e50c761,Rebecca Allen,08ed8274-e29f-4248-bc2e-83cc8ed18d75,a01c0aa0-885e-4258-82c5-695c2ada9546,2026-05-08 23:30:00+00:00,2026-05-08,DND - Injury/Illness,L. Leg,illness,illness|leg,False,,,,,2026-05-08 00:00:00+00:00,dnp_injury,"9848c81d-efc7-4927-bc18-98fd0e50c761_6     1
19    1
20    1
21    1
22    1
0     1
23    1
24    1
14    1
25    1
26    1
12    1
27    1
28    1
29    1
30    1
31    1
32    1
8     1
33    1
16    1
17    1
18    1
34    1
5     1
35    1
36    1
37    1
38    1
39    1
2     1
13    1
3     1
7     1
40    1
41    1
42    1
11    1
1     1
15    1
43    1
44    1
45    1
9     1
46    1
47    1
48    1
10    1
4     1
Name: episode_num, dtype: object"
2026,a4d323e8-eea6-49b4-91f2-7edd99b2fa68,Dorka Juhasz,6f017f37-be96-4bdc-b6d3-0a0429c72e89,f88e8fd5-d27c-4709-844b-e24b33649f45,2026-05-10 00:00:00+00:00,2026-05-10,DND - Injury/Illness,Right Foot,illness,foot|illness,True,2026-05-08,5ff47f2c-f746-46db-9e97-a0e328dbe1c6,Foot,Out,2026-05-10 00:00:00+00:00,dnp_injury,"a4d323e8-eea6-49b4-91f2-7edd99b2fa68_6     1
19    1
20    1
21    1
22    1
0     1
23    1
24    1
14    1
25    1
26    1
12    1
27    1
28    1
29    1
30    1
31    1
32    1
8     1
33    1
16    1
17    1
18    1
34    1
5     1
35    1
36    1
37    1
38    1
39    1
2     1
13    1
3     1
7     1
40    1
41    1
42    1
11    1
1     1
15    1
43    1
44    1
45    1
9     1
46    1
47    1
48    1
10    1
4     1
Name: episode_num, dtype: object"
2026,b61f397f-0cb5-49db-9e88-f91991757203,Courtney Vandersloot,3c409388-ab73-4c7f-953d-3a71062240f6,7def09d1-d666-4e08-a6d4-213059a7ffe9,2026-05-10 01:00:00+00:00,2026-05-10,Inactive - Injury/Illness,Right knee,illness,illness|knee,False,,,,,2026-05-10 00:00:00+00:00,dnp_injury,"b61f397f-0cb5-49db-9e88-f91991757203_6     1
19    1
20    1
21    1
22    1
0     1
23    1
24    1
14    1
25    1
26    1
12    1
27    1
28    1
29    1
30    1
31    1
32    1
8     1
33    1
16    1
17    1
18    1
34    1
5     1
35    1
36    1
37    1
38    1
39    1
2     1
13    1
3     1
7     1
40    1
41    1
42    1
11    1
1     1
15    1
43    1
44    1
45    1
9     1
46    1
47    1
48    1
10    1
4     1
Name: episode_num, dtype: object"
2026,d4c299a9-e271-4552-9ed2-2fc285c30362,DiJonai Carrington,3c409388-ab73-4c7f-953d-3a71062240f6,7def09d1-d666-4e08-a6d4-213059a7ffe9,2026-05-10 01:00:00+00:00,2026-05-10,Inactive - Injury/Illness,Left foot,illness,foot|illness,False,,,,,2026-05-10 00:00:00+00:00,dnp_injury,"d4c299a9-e271-4552-9ed2-2fc285c30362_6     1
19    1
20    1
21    1
22    1
0     1
23    1
24    1
14    1
25    1
26    1
12    1
27    1
28    1
29    1
30    1
31    1
32    1
8     1
33    1
16    1
17    1
18    1
34    1
5     1
35    1
36    1
37    1
38    1
39    1
2     1
13    1
3     1
7     1
40    1
41    1
42    1
11    1
1     1
15    1
43    1
44    1
45    1
9     1
46    1
47    1
48    1
10    1
4     1
Name: episode_num, dtype: object"
2026,de11f82d-035c-45c2-873a-eb1fad4abc1b,Brionna Jones,5d70a9af-8c2b-4aec-9e68-9acc6ddb93e4,f88e8fd5-d27c-4709-844b-e24b33649f45,2026-05-10 00:00:00+00:00,2026-05-10,DND - Injury/Illness,Right Knee,illness,illness|knee,False,,,,,2026-05-10 00:00:00+00:00,dnp_injury,"de11f82d-035c-45c2-873a-eb1fad4abc1b_6     1
19    1
20    1
21    1
22    1
0     1
23    1
24    1
14    1
25    1
26    1
12    1
27    1
28    1
29    1
30    1
31    1
32    1
8     1
33    1
16    1
17    1
18    1
34    1
5     1
35    1
36    1
37    1
38    1
39    1
2     1
13    1
3     1
7     1
40    1
41    1
42    1
11    1
1     1
15    1
43    1
44    1
45    1
9     1
46    1
47    1
48    1
10    1
4     1
Name: episode_num, dtype: object"
2026,dffaa225-77d7-4b0d-8cc0-a80543a14033,Marine Fauthoux,08ed8274-e29f-4248-bc2e-83cc8ed18d75,a01c0aa0-885e-4258-82c5-695c2ada9546,2026-05-08 23:30:00+00:00,2026-05-08,Inactive - Injury/Illness,L. Knee Rehabilitation,illness,illness|knee,False,,,,,2026-05-08 00:00:00+00:00,dnp_injury,"dffaa225-77d7-4b0d-8cc0-a80543a14033_6     1
19    1
20    1
21    1
22    1
0     1
23    1
24    1
14    1
25    1
26    1
12    1
27    1
28    1
29    1
30    1
31    1
32    1
8     1
33    1
16    1
17    1
18    1
34    1
5     1
35    1
36    1
37    1
38    1
39    1
2     1
13    1
3     1
7     1
40    1
41    1
42    1
11    1
1     1
15    1
43    1
44    1
45    1
9     1
46    1
47    1
48    1
10    1
4     1
Name: episode_num, dtype: object"
2026,f2c36797-b5c5-47a4-b073-43637c9794ef,Natasha Cloud,3c409388-ab73-4c7f-953d-3a71062240f6,7def09d1-d666-4e08-a6d4-213059a7ffe9,2026-05-10 01:00:00+00:00,2026-05-10,Inactive - Injury/Illness,"N/A, Illness",illness,illness,False,,,,,2026-05-10 00:00:00+00:00,dnp_injury,"f2c36797-b5c5-47a4-b073-43637c9794ef_6     1
19    1
20    1
21    1
22    1
0     1
23    1
24    1
14    1
25    1
26    1
12    1
27    1
28    1
29    1
30    1
31    1
32    1
8     1
33    1
16    1
17    1
18    1
34    1
5     1
35    1
36    1
37    1
38    1
39    1
2     1
13    1
3     1
7     1
40    1
41    1
42    1
11    1
1     1
15    1
43    1
44    1
45    1
9     1
46    1
47    1
48    1
10    1
4     1
Name: episode_num, dtype: object"
