asof_date,team_id,team_name,player_id,player_name,injury_id,desc,status,comment,start_date,update_date,bronze_file,event_date,issue_class,tokens
2026-05-04,08ed8274-e29f-4248-bc2e-83cc8ed18d75,New York Liberty,2199ae2c-7588-4610-9deb-a1b5e8025d43,Sabrina Ionescu,3e936673-1816-4b11-bbbd-492a6d6900d2,Ankle,Out,The Liberty said on Monday (May 4) that Ionescu will miss at least 2 weeks.,2026-05-04,2026-05-04,daily_injuries__2026-05-04__20260510T001545Z.json,2026-05-04,injury_medical,ankle|illness
2026-05-05,6f017f37-be96-4bdc-b6d3-0a0429c72e89,Minnesota Lynx,a4d323e8-eea6-49b4-91f2-7edd99b2fa68,Dorka Juhász,5ff47f2c-f746-46db-9e97-a0e328dbe1c6,Foot,Out,The Lynx said on Tuesday (May 5) that Juhasz will miss start of regular season and has no official timetable for return.,2026-05-05,2026-05-05,daily_injuries__2026-05-05__20260510T001547Z.json,2026-05-05,injury_medical,foot|illness
2026-05-05,a015b02d-845c-40c1-8ef4-844984f47e4d,Connecticut Sun,817be612-8b36-41b8-950f-1a675564323e,Leila Lacan,c5f01bae-2a6c-47c3-8fbd-d9e8fcc96ca9,Not Injury Related,Out,"The Sun said on Tuesday (May 5) that Lacan is expected to miss at least the first week of the regular season due to an overseas commitment, per Emily Adams of the Hartford Courant.",2026-05-05,2026-05-05,daily_injuries__2026-05-05__20260510T001547Z.json,2026-05-05,injury_medical,
2026-05-06,0699edf3-5993-4182-b9b4-ec935cbd4fcc,Phoenix Mercury,82661dca-4121-4f2c-9918-7960ae068b83,Sami Whitcomb,11e9a1e7-79f2-494f-9fc2-3f725df94564,Knee,Out,The Mercury said on Wednesday (May 6) that Whitcomb will miss at least 4-6 weeks.,2026-05-06,2026-05-06,daily_injuries__2026-05-06__20260510T001548Z.json,2026-05-06,injury_medical,illness|knee
2026-05-07,08ed8274-e29f-4248-bc2e-83cc8ed18d75,New York Liberty,fd9c6f75-0468-4b52-a3f7-6f70d1d658c6,Leonie Fiebich,15139a38-7cbc-4ea5-ac10-d248eed1f5dd,Not Injury Related,Out,The New York Liberty temporarily suspended F Leonie Fiebich's contract due to overseas commitment.,2026-05-07,2026-05-07,daily_injuries__2026-05-07__20260510T001550Z.json,2026-05-07,injury_medical,
2026-05-07,08ed8274-e29f-4248-bc2e-83cc8ed18d75,New York Liberty,6704d359-c9ed-4dfd-8521-51293042f0b8,Raquel Carrera,7b242b3b-0899-4d17-af0d-bdc4ae941b09,Not Injury Related,Out,The New York Liberty temporarily suspended C Raquel Carrera's contract due to overseas commitment.,2026-05-07,2026-05-07,daily_injuries__2026-05-07__20260510T001550Z.json,2026-05-07,injury_medical,
2026-05-07,0699edf3-5993-4182-b9b4-ec935cbd4fcc,Phoenix Mercury,150e2dfb-8a7c-46ef-b729-6311f7461b66,Valeriane Ayayi,60b5d459-a70e-43a2-8ad1-1bc007afe12a,Not Injury Related,Out,The Phoenix Mercury temporarily suspended F Valeriane Ayayi's contract due to FIBA clearance.,2026-05-07,2026-05-07,daily_injuries__2026-05-07__20260510T001550Z.json,2026-05-07,injury_medical,
2026-05-07,0699edf3-5993-4182-b9b4-ec935cbd4fcc,Phoenix Mercury,9158b902-df40-43d9-8692-327b6f6721dd,Monique Akoa Makani,e85291e9-d011-4776-a751-469a57e3c194,Not Injury Related,Out,The Mercury said on Thursday (May 7) that Akoa Makani's contract is temporarily suspended due to an overseas commitment.,2026-04-24,2026-05-07,daily_injuries__2026-05-07__20260510T001550Z.json,2026-05-07,injury_medical,
2026-05-07,d54283cc-c5ec-4dbd-bb61-166f217e3864,Portland Fire,463dfac9-ee01-4fa5-ad71-32e335982ef3,Teja Oblak,7456d403-5d43-4122-a853-9f9fcab487db,Quadriceps,Out,The Portland Fire temporarily suspended G Teja Oblak's contract due to a quadriceps injury.,2026-05-07,2026-05-07,daily_injuries__2026-05-07__20260510T001550Z.json,2026-05-07,injury_medical,quad
2026-05-07,d54283cc-c5ec-4dbd-bb61-166f217e3864,Portland Fire,d8df74ae-9911-43cb-9ae4-a6949093942a,Kamiah Smalls,7c0ec953-6f0d-40b3-bac2-8f8d687ca74e,Knee,Out,The Portland Fire temporarily suspended G Kamiah Smalls' contract due to a knee injury.,2026-05-07,2026-05-07,daily_injuries__2026-05-07__20260510T001550Z.json,2026-05-07,injury_medical,knee
2026-05-07,4f57ec40-0d35-4b59-bea0-9d040f0d2292,Golden State Valkyries,a6b11ee1-f2b5-4ef2-adc5-ce96c33a2bf2,Iliana Rupert,8791f404-09cb-4ff8-a143-e4da94e6aee5,Pregnancy,Out,The Valkyries said on Thursday (May 7) that Rupert is out indefinitely due to pregnancy.,2026-05-07,2026-05-07,daily_injuries__2026-05-07__20260510T001550Z.json,2026-05-07,unknown,
2026-05-07,4f57ec40-0d35-4b59-bea0-9d040f0d2292,Golden State Valkyries,fa77631a-be09-4fe7-8a82-447d73513e52,Justė Jocytė,f98aa281-043f-44ba-a7d2-6f6e23e10fe5,Not Injury Related ,Out,The Golden State Valkyries temporarily suspended G-F Just? Jocyt?'s contract due to overseas obligations.,2026-05-07,2026-05-07,daily_injuries__2026-05-07__20260510T001550Z.json,2026-05-07,injury_medical,
2026-05-07,d6a012ed-84aa-48d3-8265-2d3f3ff2199a,Seattle Storm,9889ae49-a1bc-400c-a4a7-1dd3509f41f9,Awa Fam,96f64c32-a031-496a-9380-5301d5b3b706,Not Injury Related,Out,The Seattle Storm temporarily suspended C Awa Fam's contract due to overseas commitment.,2026-04-28,2026-05-07,daily_injuries__2026-05-07__20260510T001550Z.json,2026-05-07,injury_medical,
2026-05-07,d6a012ed-84aa-48d3-8265-2d3f3ff2199a,Seattle Storm,29a8b1d2-db3b-4035-a635-9d559bc51a8a,Katie Lou Samuelson,f0a59897-c8ef-4d37-873d-0af8452b675b,Knee,Out,"The Storm said that Lou Samuelson has no timetable for a return to action, per Madisyn Cunningham of Winsidr.",2026-04-20,2026-05-07,daily_injuries__2026-05-07__20260510T001550Z.json,2026-05-07,injury_medical,knee
2026-05-07,4e4f726e-a015-4306-91a7-28e8576c7868,Toronto Tempo,7801938a-d54b-40ef-9ec5-aa1736a081db,Yvonne Ejim,c59fa46f-0f3e-49cb-90ba-a607ea90cda6,Personal,Out For Season,The Tempo said on Thursday (May 7) that Ejim is OUT for the season due to a personal decision.,2026-05-07,2026-05-07,daily_injuries__2026-05-07__20260510T001550Z.json,2026-05-07,personal,
2026-05-07,a015b02d-845c-40c1-8ef4-844984f47e4d,Connecticut Sun,817be612-8b36-41b8-950f-1a675564323e,Leila Lacan,c5f01bae-2a6c-47c3-8fbd-d9e8fcc96ca9,Not Injury Related,Out,The Sun said on Thursday (May 7) that G Leila Lacan's contract is temporarily suspended due to an overseas commitment.,2026-05-05,2026-05-07,daily_injuries__2026-05-07__20260510T001550Z.json,2026-05-07,injury_medical,
2026-05-07,5c0d47fe-8539-47b0-9f36-d0b3609ca89b,Washington Mystics,26c2f575-8b8d-44de-a3ca-ccbfac38b598,Cotie McMahon,f94c23fa-a76e-4b0f-817b-a911537e8c65,Elbow,Out,The Mystics said on Thursday (May 7) that McMahon will miss at least 1 week.,2026-05-07,2026-05-07,daily_injuries__2026-05-07__20260510T001550Z.json,2026-05-07,injury_medical,elbow|illness
2026-05-08,6f017f37-be96-4bdc-b6d3-0a0429c72e89,Minnesota Lynx,a4d323e8-eea6-49b4-91f2-7edd99b2fa68,Dorka Juhász,5ff47f2c-f746-46db-9e97-a0e328dbe1c6,Foot,Out,The Lynx announced that Juhasz has a mid-foot sprain and has no timetable for her return.,2026-05-05,2026-05-08,daily_injuries__2026-05-08__20260510T001552Z.json,2026-05-08,injury_medical,foot
2026-05-09,5c0d47fe-8539-47b0-9f36-d0b3609ca89b,Washington Mystics,4d70f9da-972d-4903-b9e5-d4d4aaa0a91d,Michaela Onyenwere,6e6b5721-7b07-4835-84ed-054eedf1adc3,Leg,Out,The Mystics said that Onyenwere is OUT for Sunday's (May 10) game versus the Liberty.,2026-05-09,2026-05-09,daily_injuries__2026-05-09__20260510T001554Z.json,2026-05-09,injury_medical,leg
2026-05-09,5c0d47fe-8539-47b0-9f36-d0b3609ca89b,Washington Mystics,757cdede-a858-4dfd-8089-a3d72ecd82c5,Alicia Florez Getino,7924ddb6-5feb-42d4-9de7-b56c000057ff,Personal,Out,The Mystics said that Florez Getino is OUT for Sunday's (May 10) game versus the Liberty.,2026-05-09,2026-05-09,daily_injuries__2026-05-09__20260510T001554Z.json,2026-05-09,personal,
2026-05-09,5c0d47fe-8539-47b0-9f36-d0b3609ca89b,Washington Mystics,4d70f9da-972d-4903-b9e5-d4d4aaa0a91d,Michaela Onyenwere,6e6b5721-7b07-4835-84ed-054eedf1adc3,Leg,Out,The Mystics said that Onyenwere is OUT for Sunday's (May 10) game versus the Liberty.,2026-05-09,2026-05-09,daily_injuries__2026-05-09__20260510T192629Z.json,2026-05-09,injury_medical,leg
2026-05-09,5c0d47fe-8539-47b0-9f36-d0b3609ca89b,Washington Mystics,757cdede-a858-4dfd-8089-a3d72ecd82c5,Alicia Florez Getino,7924ddb6-5feb-42d4-9de7-b56c000057ff,Personal,Out,The Mystics said that Florez Getino is OUT for Sunday's (May 10) game versus the Liberty.,2026-05-09,2026-05-09,daily_injuries__2026-05-09__20260510T192629Z.json,2026-05-09,personal,
2026-05-09,5c0d47fe-8539-47b0-9f36-d0b3609ca89b,Washington Mystics,4d70f9da-972d-4903-b9e5-d4d4aaa0a91d,Michaela Onyenwere,6e6b5721-7b07-4835-84ed-054eedf1adc3,Leg,Out,The Mystics said that Onyenwere is OUT for Sunday's (May 10) game versus the Liberty.,2026-05-09,2026-05-09,daily_injuries__2026-05-09__20260510T193918Z.json,2026-05-09,injury_medical,leg
2026-05-09,5c0d47fe-8539-47b0-9f36-d0b3609ca89b,Washington Mystics,757cdede-a858-4dfd-8089-a3d72ecd82c5,Alicia Florez Getino,7924ddb6-5feb-42d4-9de7-b56c000057ff,Personal,Out,The Mystics said that Florez Getino is OUT for Sunday's (May 10) game versus the Liberty.,2026-05-09,2026-05-09,daily_injuries__2026-05-09__20260510T193918Z.json,2026-05-09,personal,
