season_year,season_type,game_id,scheduled,team_id,opponent_id,is_home,player_id,player_name,played,active,starter,minutes,minutes_raw,points,rebounds,assists,steals,blocks,turnovers,fga,fgm,fta,ftm,eff,bronze_file
2026,REG,61500e2a-18d1-4bb9-82ce-ab3010c4ce53,2026-05-08 23:30:00+00:00,4e4f726e-a015-4306-91a7-28e8576c7868,5c0d47fe-8539-47b0-9f36-d0b3609ca89b,1,01f03e6b-1158-401e-8c72-73ee09c13651,Kiki Rice,True,True,,17.566666666666666,17:34,0,3,1,0,0,0,3,0,0,0,1,game_summary__61500e2a-18d1-4bb9-82ce-ab3010c4ce53__20260510T001532Z.json
2026,REG,61500e2a-18d1-4bb9-82ce-ab3010c4ce53,2026-05-08 23:30:00+00:00,4e4f726e-a015-4306-91a7-28e8576c7868,5c0d47fe-8539-47b0-9f36-d0b3609ca89b,1,06e3bb10-73ab-4d8e-8ad4-6850ea710b30,Brittney Sykes,True,True,True,27.75,27:45,14,3,2,3,0,2,18,4,9,6,3,game_summary__61500e2a-18d1-4bb9-82ce-ab3010c4ce53__20260510T001532Z.json
2026,REG,61500e2a-18d1-4bb9-82ce-ab3010c4ce53,2026-05-08 23:30:00+00:00,4e4f726e-a015-4306-91a7-28e8576c7868,5c0d47fe-8539-47b0-9f36-d0b3609ca89b,1,1359b409-f610-4d01-9867-58aca845b2da,Nyara Sabally,True,True,True,25.533333333333335,25:32,8,6,0,3,1,1,8,3,4,2,10,game_summary__61500e2a-18d1-4bb9-82ce-ab3010c4ce53__20260510T001532Z.json
2026,REG,61500e2a-18d1-4bb9-82ce-ab3010c4ce53,2026-05-08 23:30:00+00:00,4e4f726e-a015-4306-91a7-28e8576c7868,5c0d47fe-8539-47b0-9f36-d0b3609ca89b,1,184cc47d-af49-47fb-bcec-c0df1de4813f,Isabelle Harrison,,,,0.0,00:00,0,0,0,0,0,0,0,0,0,0,0,game_summary__61500e2a-18d1-4bb9-82ce-ab3010c4ce53__20260510T001532Z.json
2026,REG,61500e2a-18d1-4bb9-82ce-ab3010c4ce53,2026-05-08 23:30:00+00:00,4e4f726e-a015-4306-91a7-28e8576c7868,5c0d47fe-8539-47b0-9f36-d0b3609ca89b,1,25318651-8344-43b8-9842-79938e694b77,Julie Allemand,True,True,True,30.3,30:18,3,3,2,1,0,0,2,1,0,0,8,game_summary__61500e2a-18d1-4bb9-82ce-ab3010c4ce53__20260510T001532Z.json
2026,REG,61500e2a-18d1-4bb9-82ce-ab3010c4ce53,2026-05-08 23:30:00+00:00,4e4f726e-a015-4306-91a7-28e8576c7868,5c0d47fe-8539-47b0-9f36-d0b3609ca89b,1,36211055-b368-4e99-97f2-7080386db4d5,Marina Mabrey,True,True,True,29.95,29:57,27,7,2,1,0,4,18,6,14,12,19,game_summary__61500e2a-18d1-4bb9-82ce-ab3010c4ce53__20260510T001532Z.json
2026,REG,61500e2a-18d1-4bb9-82ce-ab3010c4ce53,2026-05-08 23:30:00+00:00,4e4f726e-a015-4306-91a7-28e8576c7868,5c0d47fe-8539-47b0-9f36-d0b3609ca89b,1,638aaa5d-b6a8-4f7e-bce6-26ea3867fd74,Teonni Key,True,True,,9.333333333333334,9:20,0,3,1,0,1,1,1,0,2,0,1,game_summary__61500e2a-18d1-4bb9-82ce-ab3010c4ce53__20260510T001532Z.json
2026,REG,61500e2a-18d1-4bb9-82ce-ab3010c4ce53,2026-05-08 23:30:00+00:00,4e4f726e-a015-4306-91a7-28e8576c7868,5c0d47fe-8539-47b0-9f36-d0b3609ca89b,1,6a32c622-278c-4c75-b83f-345bcd252ab4,Temi Fagbenle,True,True,True,15.633333333333333,15:38,2,1,1,1,0,4,2,0,2,2,-1,game_summary__61500e2a-18d1-4bb9-82ce-ab3010c4ce53__20260510T001532Z.json
2026,REG,61500e2a-18d1-4bb9-82ce-ab3010c4ce53,2026-05-08 23:30:00+00:00,4e4f726e-a015-4306-91a7-28e8576c7868,5c0d47fe-8539-47b0-9f36-d0b3609ca89b,1,76ddd9ea-0712-48bf-95aa-ca67a69e6b63,Laura Juskaite,True,True,,15.15,15:09,7,6,0,1,0,2,5,2,2,2,9,game_summary__61500e2a-18d1-4bb9-82ce-ab3010c4ce53__20260510T001532Z.json
2026,REG,61500e2a-18d1-4bb9-82ce-ab3010c4ce53,2026-05-08 23:30:00+00:00,4e4f726e-a015-4306-91a7-28e8576c7868,5c0d47fe-8539-47b0-9f36-d0b3609ca89b,1,7b59128c-b3e2-4406-a75a-3190ab9b9890,Maria Conde,True,True,,15.45,15:27,2,3,0,0,0,1,5,0,2,2,-1,game_summary__61500e2a-18d1-4bb9-82ce-ab3010c4ce53__20260510T001532Z.json
2026,REG,61500e2a-18d1-4bb9-82ce-ab3010c4ce53,2026-05-08 23:30:00+00:00,4e4f726e-a015-4306-91a7-28e8576c7868,5c0d47fe-8539-47b0-9f36-d0b3609ca89b,1,bb530f02-2c99-4c5b-924b-16221a1661ad,Mariella Fasoula,True,True,,1.3333333333333333,1:20,0,1,0,0,0,0,0,0,0,0,1,game_summary__61500e2a-18d1-4bb9-82ce-ab3010c4ce53__20260510T001532Z.json
2026,REG,61500e2a-18d1-4bb9-82ce-ab3010c4ce53,2026-05-08 23:30:00+00:00,4e4f726e-a015-4306-91a7-28e8576c7868,5c0d47fe-8539-47b0-9f36-d0b3609ca89b,1,c0d2573a-fc13-405d-bb9e-cc37552806ed,Kia Nurse,True,True,,10.05,10:03,2,1,1,0,0,1,1,1,0,0,3,game_summary__61500e2a-18d1-4bb9-82ce-ab3010c4ce53__20260510T001532Z.json
2026,REG,61500e2a-18d1-4bb9-82ce-ab3010c4ce53,2026-05-08 23:30:00+00:00,4e4f726e-a015-4306-91a7-28e8576c7868,5c0d47fe-8539-47b0-9f36-d0b3609ca89b,1,c474334a-58d4-4b80-85b7-f1947fa79bac,Lexi Held,True,True,,1.9666666666666668,1:58,0,0,0,0,0,0,0,0,0,0,0,game_summary__61500e2a-18d1-4bb9-82ce-ab3010c4ce53__20260510T001532Z.json
2026,REG,61500e2a-18d1-4bb9-82ce-ab3010c4ce53,2026-05-08 23:30:00+00:00,5c0d47fe-8539-47b0-9f36-d0b3609ca89b,4e4f726e-a015-4306-91a7-28e8576c7868,0,02cb88c5-7e72-4e85-a930-eb9da814db71,Angela Dugalic,True,True,,12.433333333333334,12:26,2,2,0,0,0,1,4,1,0,0,0,game_summary__61500e2a-18d1-4bb9-82ce-ab3010c4ce53__20260510T001532Z.json
2026,REG,61500e2a-18d1-4bb9-82ce-ab3010c4ce53,2026-05-08 23:30:00+00:00,5c0d47fe-8539-47b0-9f36-d0b3609ca89b,4e4f726e-a015-4306-91a7-28e8576c7868,0,058cc518-ed77-4c82-9680-9e64bba2f626,Lauren Betts,True,True,,12.05,12:03,0,5,1,0,0,0,4,0,0,0,2,game_summary__61500e2a-18d1-4bb9-82ce-ab3010c4ce53__20260510T001532Z.json
2026,REG,61500e2a-18d1-4bb9-82ce-ab3010c4ce53,2026-05-08 23:30:00+00:00,5c0d47fe-8539-47b0-9f36-d0b3609ca89b,4e4f726e-a015-4306-91a7-28e8576c7868,0,15b29fa3-09c7-4a75-83d2-ee2232745392,Cassandre Prosper,True,True,True,18.616666666666667,18:37,2,1,2,1,0,1,5,1,0,0,1,game_summary__61500e2a-18d1-4bb9-82ce-ab3010c4ce53__20260510T001532Z.json
2026,REG,61500e2a-18d1-4bb9-82ce-ab3010c4ce53,2026-05-08 23:30:00+00:00,5c0d47fe-8539-47b0-9f36-d0b3609ca89b,4e4f726e-a015-4306-91a7-28e8576c7868,0,18d3a6ec-6865-47c0-a4b3-b5a8687ad49e,Alex Wilson,True,True,,17.166666666666668,17:10,2,2,1,0,0,0,3,1,0,0,3,game_summary__61500e2a-18d1-4bb9-82ce-ab3010c4ce53__20260510T001532Z.json
2026,REG,61500e2a-18d1-4bb9-82ce-ab3010c4ce53,2026-05-08 23:30:00+00:00,5c0d47fe-8539-47b0-9f36-d0b3609ca89b,4e4f726e-a015-4306-91a7-28e8576c7868,0,26c2f575-8b8d-44de-a3ca-ccbfac38b598,Cotie McMahon,,,,0.0,00:00,0,0,0,0,0,0,0,0,0,0,0,game_summary__61500e2a-18d1-4bb9-82ce-ab3010c4ce53__20260510T001532Z.json
2026,REG,61500e2a-18d1-4bb9-82ce-ab3010c4ce53,2026-05-08 23:30:00+00:00,5c0d47fe-8539-47b0-9f36-d0b3609ca89b,4e4f726e-a015-4306-91a7-28e8576c7868,0,4945c3b5-f536-470c-8f2b-76568b59fe52,Kiki Iriafen,True,True,True,27.566666666666666,27:34,12,16,2,0,1,2,9,5,4,2,23,game_summary__61500e2a-18d1-4bb9-82ce-ab3010c4ce53__20260510T001532Z.json
2026,REG,61500e2a-18d1-4bb9-82ce-ab3010c4ce53,2026-05-08 23:30:00+00:00,5c0d47fe-8539-47b0-9f36-d0b3609ca89b,4e4f726e-a015-4306-91a7-28e8576c7868,0,4d70f9da-972d-4903-b9e5-d4d4aaa0a91d,Michaela Onyenwere,,,,0.0,00:00,0,0,0,0,0,0,0,0,0,0,0,game_summary__61500e2a-18d1-4bb9-82ce-ab3010c4ce53__20260510T001532Z.json
2026,REG,61500e2a-18d1-4bb9-82ce-ab3010c4ce53,2026-05-08 23:30:00+00:00,5c0d47fe-8539-47b0-9f36-d0b3609ca89b,4e4f726e-a015-4306-91a7-28e8576c7868,0,4e5370b1-4813-4e01-914e-e7f4a00ba565,Sonia Citron,True,True,True,34.28333333333333,34:17,26,2,0,2,2,2,12,9,8,5,24,game_summary__61500e2a-18d1-4bb9-82ce-ab3010c4ce53__20260510T001532Z.json
2026,REG,61500e2a-18d1-4bb9-82ce-ab3010c4ce53,2026-05-08 23:30:00+00:00,5c0d47fe-8539-47b0-9f36-d0b3609ca89b,4e4f726e-a015-4306-91a7-28e8576c7868,0,54e15980-ce12-4c08-893f-f19a8c57be49,Lucy Olsen,True,True,,9.933333333333334,9:56,0,0,1,0,0,2,3,0,0,0,-4,game_summary__61500e2a-18d1-4bb9-82ce-ab3010c4ce53__20260510T001532Z.json
2026,REG,61500e2a-18d1-4bb9-82ce-ab3010c4ce53,2026-05-08 23:30:00+00:00,5c0d47fe-8539-47b0-9f36-d0b3609ca89b,4e4f726e-a015-4306-91a7-28e8576c7868,0,58456ac4-0f93-4ffd-a6b4-52495df0a69f,Rori Harmon,True,True,,19.566666666666666,19:34,0,2,2,3,0,3,2,0,0,0,2,game_summary__61500e2a-18d1-4bb9-82ce-ab3010c4ce53__20260510T001532Z.json
2026,REG,61500e2a-18d1-4bb9-82ce-ab3010c4ce53,2026-05-08 23:30:00+00:00,5c0d47fe-8539-47b0-9f36-d0b3609ca89b,4e4f726e-a015-4306-91a7-28e8576c7868,0,757cdede-a858-4dfd-8089-a3d72ecd82c5,Alicia Florez Getino,,,,0.0,00:00,0,0,0,0,0,0,0,0,0,0,0,game_summary__61500e2a-18d1-4bb9-82ce-ab3010c4ce53__20260510T001532Z.json
2026,REG,61500e2a-18d1-4bb9-82ce-ab3010c4ce53,2026-05-08 23:30:00+00:00,5c0d47fe-8539-47b0-9f36-d0b3609ca89b,4e4f726e-a015-4306-91a7-28e8576c7868,0,7709c3e4-3fcb-4483-95b5-ba433eab864a,Georgia Amoore,True,True,True,20.433333333333334,20:26,6,3,3,2,0,5,9,2,0,0,2,game_summary__61500e2a-18d1-4bb9-82ce-ab3010c4ce53__20260510T001532Z.json
2026,REG,61500e2a-18d1-4bb9-82ce-ab3010c4ce53,2026-05-08 23:30:00+00:00,5c0d47fe-8539-47b0-9f36-d0b3609ca89b,4e4f726e-a015-4306-91a7-28e8576c7868,0,a8e64df8-bd27-4c28-94c9-7c1c370960dc,Shakira Austin,True,True,True,27.95,27:57,18,11,2,2,2,2,13,6,10,6,22,game_summary__61500e2a-18d1-4bb9-82ce-ab3010c4ce53__20260510T001532Z.json
2026,REG,61500e2a-18d1-4bb9-82ce-ab3010c4ce53,2026-05-08 23:30:00+00:00,5c0d47fe-8539-47b0-9f36-d0b3609ca89b,4e4f726e-a015-4306-91a7-28e8576c7868,0,ec5e3e73-1818-4cf2-a5d4-f9ea7ca6fb32,Darianna Littlepage-Buggs,,,,0.0,00:00,0,0,0,0,0,0,0,0,0,0,0,game_summary__61500e2a-18d1-4bb9-82ce-ab3010c4ce53__20260510T001532Z.json
2026,REG,a01c0aa0-885e-4258-82c5-695c2ada9546,2026-05-08 23:30:00+00:00,08ed8274-e29f-4248-bc2e-83cc8ed18d75,a015b02d-845c-40c1-8ef4-844984f47e4d,1,15f0b384-7c91-463e-9ae8-fa73d549f23a,Julie Vanloo,True,True,,22.016666666666666,22:01,12,7,11,1,0,3,4,3,4,4,27,game_summary__a01c0aa0-885e-4258-82c5-695c2ada9546__20260510T001533Z.json
2026,REG,a01c0aa0-885e-4258-82c5-695c2ada9546,2026-05-08 23:30:00+00:00,08ed8274-e29f-4248-bc2e-83cc8ed18d75,a015b02d-845c-40c1-8ef4-844984f47e4d,1,2199ae2c-7588-4610-9deb-a1b5e8025d43,Sabrina Ionescu,,True,,0.0,00:00,0,0,0,0,0,0,0,0,0,0,0,game_summary__a01c0aa0-885e-4258-82c5-695c2ada9546__20260510T001533Z.json
2026,REG,a01c0aa0-885e-4258-82c5-695c2ada9546,2026-05-08 23:30:00+00:00,08ed8274-e29f-4248-bc2e-83cc8ed18d75,a015b02d-845c-40c1-8ef4-844984f47e4d,1,357ea521-789b-4d23-a7ad-f4f539c0d824,Satou Sabally,,True,,0.0,00:00,0,0,0,0,0,0,0,0,0,0,0,game_summary__a01c0aa0-885e-4258-82c5-695c2ada9546__20260510T001533Z.json
2026,REG,a01c0aa0-885e-4258-82c5-695c2ada9546,2026-05-08 23:30:00+00:00,08ed8274-e29f-4248-bc2e-83cc8ed18d75,a015b02d-845c-40c1-8ef4-844984f47e4d,1,3d0a61e8-8f8f-48a8-bfa3-d9c3171c819f,Betnijah Laney-Hamilton,True,True,True,28.483333333333334,28:29,12,2,4,0,0,2,7,4,4,4,13,game_summary__a01c0aa0-885e-4258-82c5-695c2ada9546__20260510T001533Z.json
2026,REG,a01c0aa0-885e-4258-82c5-695c2ada9546,2026-05-08 23:30:00+00:00,08ed8274-e29f-4248-bc2e-83cc8ed18d75,a015b02d-845c-40c1-8ef4-844984f47e4d,1,6fa763e6-846f-4f9d-a4ce-256d8b328424,Breanna Stewart,True,True,True,28.35,28:21,31,10,2,1,3,4,17,10,12,11,35,game_summary__a01c0aa0-885e-4258-82c5-695c2ada9546__20260510T001533Z.json
2026,REG,a01c0aa0-885e-4258-82c5-695c2ada9546,2026-05-08 23:30:00+00:00,08ed8274-e29f-4248-bc2e-83cc8ed18d75,a015b02d-845c-40c1-8ef4-844984f47e4d,1,89e9800d-9af2-4b27-b6b6-835816bc2d3d,Marine Johannes,True,True,True,28.0,28:00,17,5,3,3,0,1,13,6,0,0,20,game_summary__a01c0aa0-885e-4258-82c5-695c2ada9546__20260510T001533Z.json
2026,REG,a01c0aa0-885e-4258-82c5-695c2ada9546,2026-05-08 23:30:00+00:00,08ed8274-e29f-4248-bc2e-83cc8ed18d75,a015b02d-845c-40c1-8ef4-844984f47e4d,1,8a438358-fbe0-4797-921f-add82eddf789,Jonquel Jones,True,True,True,24.966666666666665,24:58,10,5,1,2,1,2,7,3,4,3,12,game_summary__a01c0aa0-885e-4258-82c5-695c2ada9546__20260510T001533Z.json
2026,REG,a01c0aa0-885e-4258-82c5-695c2ada9546,2026-05-08 23:30:00+00:00,08ed8274-e29f-4248-bc2e-83cc8ed18d75,a015b02d-845c-40c1-8ef4-844984f47e4d,1,9848c81d-efc7-4927-bc18-98fd0e50c761,Rebecca Allen,,True,,0.0,00:00,0,0,0,0,0,0,0,0,0,0,0,game_summary__a01c0aa0-885e-4258-82c5-695c2ada9546__20260510T001533Z.json
2026,REG,a01c0aa0-885e-4258-82c5-695c2ada9546,2026-05-08 23:30:00+00:00,08ed8274-e29f-4248-bc2e-83cc8ed18d75,a015b02d-845c-40c1-8ef4-844984f47e4d,1,98768736-66ba-4dc9-b3f7-611a62d51106,Aubrey Griffin,True,True,,5.166666666666667,5:10,2,0,0,0,0,1,1,1,0,0,1,game_summary__a01c0aa0-885e-4258-82c5-695c2ada9546__20260510T001533Z.json
2026,REG,a01c0aa0-885e-4258-82c5-695c2ada9546,2026-05-08 23:30:00+00:00,08ed8274-e29f-4248-bc2e-83cc8ed18d75,a015b02d-845c-40c1-8ef4-844984f47e4d,1,98fff88c-a6ac-48fd-a586-46fa33c7c25e,Pauline Astier,True,True,True,19.733333333333334,19:44,5,2,4,1,0,0,4,2,3,1,8,game_summary__a01c0aa0-885e-4258-82c5-695c2ada9546__20260510T001533Z.json
2026,REG,a01c0aa0-885e-4258-82c5-695c2ada9546,2026-05-08 23:30:00+00:00,08ed8274-e29f-4248-bc2e-83cc8ed18d75,a015b02d-845c-40c1-8ef4-844984f47e4d,1,c18a5bbc-64df-4171-b4fd-c4413dd10651,Rebekah Gardner,True,True,,21.766666666666666,21:46,9,4,0,1,0,2,6,3,4,3,8,game_summary__a01c0aa0-885e-4258-82c5-695c2ada9546__20260510T001533Z.json
2026,REG,a01c0aa0-885e-4258-82c5-695c2ada9546,2026-05-08 23:30:00+00:00,08ed8274-e29f-4248-bc2e-83cc8ed18d75,a015b02d-845c-40c1-8ef4-844984f47e4d,1,dffaa225-77d7-4b0d-8cc0-a80543a14033,Marine Fauthoux,,,,0.0,00:00,0,0,0,0,0,0,0,0,0,0,0,game_summary__a01c0aa0-885e-4258-82c5-695c2ada9546__20260510T001533Z.json
2026,REG,a01c0aa0-885e-4258-82c5-695c2ada9546,2026-05-08 23:30:00+00:00,08ed8274-e29f-4248-bc2e-83cc8ed18d75,a015b02d-845c-40c1-8ef4-844984f47e4d,1,edd9c4c3-c8d4-4513-aeca-c70df44bd6ee,Han Xu,True,True,,21.516666666666666,21:31,8,2,1,0,1,1,8,3,0,0,6,game_summary__a01c0aa0-885e-4258-82c5-695c2ada9546__20260510T001533Z.json
2026,REG,a01c0aa0-885e-4258-82c5-695c2ada9546,2026-05-08 23:30:00+00:00,a015b02d-845c-40c1-8ef4-844984f47e4d,08ed8274-e29f-4248-bc2e-83cc8ed18d75,0,0003bc97-5b5c-48dd-b622-5b898b2ead4f,Saniya Rivers,True,True,True,25.716666666666665,25:43,5,2,6,0,1,4,6,2,2,1,5,game_summary__a01c0aa0-885e-4258-82c5-695c2ada9546__20260510T001533Z.json
2026,REG,a01c0aa0-885e-4258-82c5-695c2ada9546,2026-05-08 23:30:00+00:00,a015b02d-845c-40c1-8ef4-844984f47e4d,08ed8274-e29f-4248-bc2e-83cc8ed18d75,0,03e541cb-d11c-4975-b656-f6e7febcda7d,Brittney Griner,True,True,True,27.183333333333334,27:11,13,6,2,0,0,2,11,6,1,1,14,game_summary__a01c0aa0-885e-4258-82c5-695c2ada9546__20260510T001533Z.json
2026,REG,a01c0aa0-885e-4258-82c5-695c2ada9546,2026-05-08 23:30:00+00:00,a015b02d-845c-40c1-8ef4-844984f47e4d,08ed8274-e29f-4248-bc2e-83cc8ed18d75,0,066514fe-5d28-45e4-9e9c-5071dfe23583,Charlisse Leger-Walker,True,True,,20.733333333333334,20:44,4,2,1,0,0,1,9,2,1,0,-2,game_summary__a01c0aa0-885e-4258-82c5-695c2ada9546__20260510T001533Z.json
2026,REG,a01c0aa0-885e-4258-82c5-695c2ada9546,2026-05-08 23:30:00+00:00,a015b02d-845c-40c1-8ef4-844984f47e4d,08ed8274-e29f-4248-bc2e-83cc8ed18d75,0,06e88c3f-715d-41b2-9aee-6a013a37565f,Kennedy Burke,True,True,True,24.483333333333334,24:29,4,3,3,0,1,0,8,2,0,0,5,game_summary__a01c0aa0-885e-4258-82c5-695c2ada9546__20260510T001533Z.json
2026,REG,a01c0aa0-885e-4258-82c5-695c2ada9546,2026-05-08 23:30:00+00:00,a015b02d-845c-40c1-8ef4-844984f47e4d,08ed8274-e29f-4248-bc2e-83cc8ed18d75,0,2044241a-66b0-4ae0-a7cb-d36b9fb15a65,Ashlon Jackson,,True,,0.0,00:00,0,0,0,0,0,0,0,0,0,0,0,game_summary__a01c0aa0-885e-4258-82c5-695c2ada9546__20260510T001533Z.json
2026,REG,a01c0aa0-885e-4258-82c5-695c2ada9546,2026-05-08 23:30:00+00:00,a015b02d-845c-40c1-8ef4-844984f47e4d,08ed8274-e29f-4248-bc2e-83cc8ed18d75,0,2f1df065-07de-478f-9b37-76546561d8c2,Aaliyah Edwards,,True,,0.0,00:00,0,0,0,0,0,0,0,0,0,0,0,game_summary__a01c0aa0-885e-4258-82c5-695c2ada9546__20260510T001533Z.json
2026,REG,a01c0aa0-885e-4258-82c5-695c2ada9546,2026-05-08 23:30:00+00:00,a015b02d-845c-40c1-8ef4-844984f47e4d,08ed8274-e29f-4248-bc2e-83cc8ed18d75,0,426e2359-cd19-458b-8591-874c47a7f6ec,Hailey Van Lith,True,True,,13.8,13:48,9,1,4,1,0,2,7,4,0,0,10,game_summary__a01c0aa0-885e-4258-82c5-695c2ada9546__20260510T001533Z.json
2026,REG,a01c0aa0-885e-4258-82c5-695c2ada9546,2026-05-08 23:30:00+00:00,a015b02d-845c-40c1-8ef4-844984f47e4d,08ed8274-e29f-4248-bc2e-83cc8ed18d75,0,4e06c8c0-311c-4c8f-a6ef-3ef78200c823,Aneesah Morrow,True,True,True,24.3,24:18,15,6,0,1,0,5,15,7,0,0,9,game_summary__a01c0aa0-885e-4258-82c5-695c2ada9546__20260510T001533Z.json
2026,REG,a01c0aa0-885e-4258-82c5-695c2ada9546,2026-05-08 23:30:00+00:00,a015b02d-845c-40c1-8ef4-844984f47e4d,08ed8274-e29f-4248-bc2e-83cc8ed18d75,0,782a5034-334b-48e8-a7a8-931296f40c06,Shey Peddy,,True,,0.0,00:00,0,0,0,0,0,0,0,0,0,0,0,game_summary__a01c0aa0-885e-4258-82c5-695c2ada9546__20260510T001533Z.json
2026,REG,a01c0aa0-885e-4258-82c5-695c2ada9546,2026-05-08 23:30:00+00:00,a015b02d-845c-40c1-8ef4-844984f47e4d,08ed8274-e29f-4248-bc2e-83cc8ed18d75,0,95b09658-91ce-423b-b4c9-3c90dfb3a73a,Raegan Beers,True,True,,11.216666666666667,11:13,1,2,0,0,0,0,1,0,4,1,-1,game_summary__a01c0aa0-885e-4258-82c5-695c2ada9546__20260510T001533Z.json
2026,REG,a01c0aa0-885e-4258-82c5-695c2ada9546,2026-05-08 23:30:00+00:00,a015b02d-845c-40c1-8ef4-844984f47e4d,08ed8274-e29f-4248-bc2e-83cc8ed18d75,0,a4610f86-6674-4893-9a2a-bcbcf77d5650,Olivia Nelson-Ododa,True,True,,14.983333333333333,14:59,1,2,3,1,0,0,2,0,2,1,4,game_summary__a01c0aa0-885e-4258-82c5-695c2ada9546__20260510T001533Z.json
2026,REG,a01c0aa0-885e-4258-82c5-695c2ada9546,2026-05-08 23:30:00+00:00,a015b02d-845c-40c1-8ef4-844984f47e4d,08ed8274-e29f-4248-bc2e-83cc8ed18d75,0,af29f820-e5c3-494b-baf3-9a8ee2ea1d53,Gianna Kneepkens,True,True,,12.783333333333333,12:47,7,5,1,0,0,0,8,3,0,0,8,game_summary__a01c0aa0-885e-4258-82c5-695c2ada9546__20260510T001533Z.json
2026,REG,a01c0aa0-885e-4258-82c5-695c2ada9546,2026-05-08 23:30:00+00:00,a015b02d-845c-40c1-8ef4-844984f47e4d,08ed8274-e29f-4248-bc2e-83cc8ed18d75,0,d851048b-0415-4678-9f9a-f49cc03ae802,Diamond Miller,True,True,True,24.816666666666666,24:49,16,3,1,2,0,2,16,6,5,3,8,game_summary__a01c0aa0-885e-4258-82c5-695c2ada9546__20260510T001533Z.json
2026,REG,8f658fb4-cc4e-4499-a66f-025474c73ba8,2026-05-09 02:00:00+00:00,4f57ec40-0d35-4b59-bea0-9d040f0d2292,d6a012ed-84aa-48d3-8265-2d3f3ff2199a,0,4009ca08-3b81-4190-9b13-c08ddb8090a5,Veronica Burton,True,True,True,30.833333333333332,30:50,16,2,6,2,0,1,13,5,5,4,16,game_summary__8f658fb4-cc4e-4499-a66f-025474c73ba8__20260510T001534Z.json
2026,REG,8f658fb4-cc4e-4499-a66f-025474c73ba8,2026-05-09 02:00:00+00:00,4f57ec40-0d35-4b59-bea0-9d040f0d2292,d6a012ed-84aa-48d3-8265-2d3f3ff2199a,0,4d3205f8-4ffe-46d8-87f4-6c01bf670bca,Kaitlyn Chen,True,True,,16.233333333333334,16:14,14,1,2,0,0,0,10,5,2,2,12,game_summary__8f658fb4-cc4e-4499-a66f-025474c73ba8__20260510T001534Z.json
2026,REG,8f658fb4-cc4e-4499-a66f-025474c73ba8,2026-05-09 02:00:00+00:00,4f57ec40-0d35-4b59-bea0-9d040f0d2292,d6a012ed-84aa-48d3-8265-2d3f3ff2199a,0,55cd7443-47da-4835-a946-d4a2338750ba,Gabby Williams,True,True,True,23.95,23:57,7,6,4,1,0,2,9,2,3,2,8,game_summary__8f658fb4-cc4e-4499-a66f-025474c73ba8__20260510T001534Z.json
2026,REG,8f658fb4-cc4e-4499-a66f-025474c73ba8,2026-05-09 02:00:00+00:00,4f57ec40-0d35-4b59-bea0-9d040f0d2292,d6a012ed-84aa-48d3-8265-2d3f3ff2199a,0,7a46f116-94ed-4d89-b585-fa41cf41862c,Kayla Thornton,True,True,True,29.95,29:57,13,8,1,0,0,2,9,4,2,2,15,game_summary__8f658fb4-cc4e-4499-a66f-025474c73ba8__20260510T001534Z.json
2026,REG,8f658fb4-cc4e-4499-a66f-025474c73ba8,2026-05-09 02:00:00+00:00,4f57ec40-0d35-4b59-bea0-9d040f0d2292,d6a012ed-84aa-48d3-8265-2d3f3ff2199a,0,80690c1a-dac9-4a9e-9873-471540551389,Ndjakalenga Mwenentanda,True,True,,1.0166666666666666,1:01,0,0,0,0,0,0,0,0,0,0,0,game_summary__8f658fb4-cc4e-4499-a66f-025474c73ba8__20260510T001534Z.json
2026,REG,8f658fb4-cc4e-4499-a66f-025474c73ba8,2026-05-09 02:00:00+00:00,4f57ec40-0d35-4b59-bea0-9d040f0d2292,d6a012ed-84aa-48d3-8265-2d3f3ff2199a,0,92b50919-8c76-4fcf-ab2e-9497f135f27c,Cecilia Zandalasini,True,True,,6.6,6:36,8,2,1,1,0,0,5,3,2,1,9,game_summary__8f658fb4-cc4e-4499-a66f-025474c73ba8__20260510T001534Z.json
2026,REG,8f658fb4-cc4e-4499-a66f-025474c73ba8,2026-05-09 02:00:00+00:00,4f57ec40-0d35-4b59-bea0-9d040f0d2292,d6a012ed-84aa-48d3-8265-2d3f3ff2199a,0,a8253b50-9712-4562-8f54-e36dac6299cd,Laeticia Amihere,True,True,,15.916666666666666,15:55,3,4,1,0,0,1,3,1,3,1,3,game_summary__8f658fb4-cc4e-4499-a66f-025474c73ba8__20260510T001534Z.json
2026,REG,8f658fb4-cc4e-4499-a66f-025474c73ba8,2026-05-09 02:00:00+00:00,4f57ec40-0d35-4b59-bea0-9d040f0d2292,d6a012ed-84aa-48d3-8265-2d3f3ff2199a,0,b07e1abd-5eea-4883-bc95-6a72e80c75c4,Kaila Charles,True,True,,17.083333333333332,17:05,3,6,2,0,1,2,2,1,0,0,9,game_summary__8f658fb4-cc4e-4499-a66f-025474c73ba8__20260510T001534Z.json
2026,REG,8f658fb4-cc4e-4499-a66f-025474c73ba8,2026-05-09 02:00:00+00:00,4f57ec40-0d35-4b59-bea0-9d040f0d2292,d6a012ed-84aa-48d3-8265-2d3f3ff2199a,0,d12ed996-e27a-4a93-bbd7-116c516efeab,Janelle Salaun,True,True,,27.366666666666667,27:22,20,2,1,0,1,1,16,7,3,1,12,game_summary__8f658fb4-cc4e-4499-a66f-025474c73ba8__20260510T001534Z.json
2026,REG,8f658fb4-cc4e-4499-a66f-025474c73ba8,2026-05-09 02:00:00+00:00,4f57ec40-0d35-4b59-bea0-9d040f0d2292,d6a012ed-84aa-48d3-8265-2d3f3ff2199a,0,d3e817a8-9e72-44c2-a422-9d44a0b214d0,Kiah Stokes,True,True,True,24.083333333333332,24:05,6,4,3,1,3,0,5,3,0,0,15,game_summary__8f658fb4-cc4e-4499-a66f-025474c73ba8__20260510T001534Z.json
2026,REG,8f658fb4-cc4e-4499-a66f-025474c73ba8,2026-05-09 02:00:00+00:00,4f57ec40-0d35-4b59-bea0-9d040f0d2292,d6a012ed-84aa-48d3-8265-2d3f3ff2199a,0,f24ac568-77f4-4344-84a7-7fde145dda84,Tiffany Hayes,True,True,True,4.35,4:21,1,0,1,0,0,0,1,0,2,1,0,game_summary__8f658fb4-cc4e-4499-a66f-025474c73ba8__20260510T001534Z.json
2026,REG,8f658fb4-cc4e-4499-a66f-025474c73ba8,2026-05-09 02:00:00+00:00,4f57ec40-0d35-4b59-bea0-9d040f0d2292,d6a012ed-84aa-48d3-8265-2d3f3ff2199a,0,f496c982-68b4-4bdf-a96b-e1f696090be5,Miela Sowah,True,True,,2.6166666666666667,2:37,0,0,0,0,0,0,1,0,0,0,-1,game_summary__8f658fb4-cc4e-4499-a66f-025474c73ba8__20260510T001534Z.json
2026,REG,8f658fb4-cc4e-4499-a66f-025474c73ba8,2026-05-09 02:00:00+00:00,d6a012ed-84aa-48d3-8265-2d3f3ff2199a,4f57ec40-0d35-4b59-bea0-9d040f0d2292,1,0add970b-86eb-4149-aac2-5a03664938bc,Zia Cooke,True,True,,22.5,22:30,15,7,2,1,0,1,12,5,5,3,15,game_summary__8f658fb4-cc4e-4499-a66f-025474c73ba8__20260510T001534Z.json
2026,REG,8f658fb4-cc4e-4499-a66f-025474c73ba8,2026-05-09 02:00:00+00:00,d6a012ed-84aa-48d3-8265-2d3f3ff2199a,4f57ec40-0d35-4b59-bea0-9d040f0d2292,1,155215e8-3e76-49cd-b00a-e0d9a124ec7f,Lexie Brown,True,True,,22.333333333333332,22:20,0,2,3,0,0,4,2,0,0,0,-1,game_summary__8f658fb4-cc4e-4499-a66f-025474c73ba8__20260510T001534Z.json
2026,REG,8f658fb4-cc4e-4499-a66f-025474c73ba8,2026-05-09 02:00:00+00:00,d6a012ed-84aa-48d3-8265-2d3f3ff2199a,4f57ec40-0d35-4b59-bea0-9d040f0d2292,1,1ca0768c-fd19-41ec-b047-0df6312376c6,Grace Vanslooten,True,True,,7.3,7:18,5,0,0,0,0,0,2,1,2,2,4,game_summary__8f658fb4-cc4e-4499-a66f-025474c73ba8__20260510T001534Z.json
2026,REG,8f658fb4-cc4e-4499-a66f-025474c73ba8,2026-05-09 02:00:00+00:00,d6a012ed-84aa-48d3-8265-2d3f3ff2199a,4f57ec40-0d35-4b59-bea0-9d040f0d2292,1,29a8b1d2-db3b-4035-a635-9d559bc51a8a,Katie Lou Samuelson,,True,,0.0,00:00,0,0,0,0,0,0,0,0,0,0,0,game_summary__8f658fb4-cc4e-4499-a66f-025474c73ba8__20260510T001534Z.json
2026,REG,8f658fb4-cc4e-4499-a66f-025474c73ba8,2026-05-09 02:00:00+00:00,d6a012ed-84aa-48d3-8265-2d3f3ff2199a,4f57ec40-0d35-4b59-bea0-9d040f0d2292,1,3f194c01-8933-4160-928b-93c416002d6f,Jade Melbourne,True,True,,17.466666666666665,17:28,13,2,3,1,0,0,5,4,3,3,18,game_summary__8f658fb4-cc4e-4499-a66f-025474c73ba8__20260510T001534Z.json
2026,REG,8f658fb4-cc4e-4499-a66f-025474c73ba8,2026-05-09 02:00:00+00:00,d6a012ed-84aa-48d3-8265-2d3f3ff2199a,4f57ec40-0d35-4b59-bea0-9d040f0d2292,1,43135c04-f4c8-490d-ad59-0eb2e9f2f6cf,Natisha Hiedeman,True,True,True,22.533333333333335,22:32,6,5,3,1,0,1,7,2,3,2,8,game_summary__8f658fb4-cc4e-4499-a66f-025474c73ba8__20260510T001534Z.json
2026,REG,8f658fb4-cc4e-4499-a66f-025474c73ba8,2026-05-09 02:00:00+00:00,d6a012ed-84aa-48d3-8265-2d3f3ff2199a,4f57ec40-0d35-4b59-bea0-9d040f0d2292,1,5a356464-d9e8-454a-9d3b-7c8825266243,Mackenzie Holmes,True,True,,11.15,11:09,2,6,0,0,0,0,1,1,0,0,8,game_summary__8f658fb4-cc4e-4499-a66f-025474c73ba8__20260510T001534Z.json
2026,REG,8f658fb4-cc4e-4499-a66f-025474c73ba8,2026-05-09 02:00:00+00:00,d6a012ed-84aa-48d3-8265-2d3f3ff2199a,4f57ec40-0d35-4b59-bea0-9d040f0d2292,1,776e2238-8340-4425-ab90-ba69e1bc7441,Stefanie Dolson,True,True,True,27.0,27:00,6,5,3,0,2,2,3,2,2,1,12,game_summary__8f658fb4-cc4e-4499-a66f-025474c73ba8__20260510T001534Z.json
2026,REG,8f658fb4-cc4e-4499-a66f-025474c73ba8,2026-05-09 02:00:00+00:00,d6a012ed-84aa-48d3-8265-2d3f3ff2199a,4f57ec40-0d35-4b59-bea0-9d040f0d2292,1,7ff950fc-3872-4d7c-84ce-db06ebe42123,Ezi Magbegor,,True,,0.0,00:00,0,0,0,0,0,0,0,0,0,0,0,game_summary__8f658fb4-cc4e-4499-a66f-025474c73ba8__20260510T001534Z.json
2026,REG,8f658fb4-cc4e-4499-a66f-025474c73ba8,2026-05-09 02:00:00+00:00,d6a012ed-84aa-48d3-8265-2d3f3ff2199a,4f57ec40-0d35-4b59-bea0-9d040f0d2292,1,a27cebb1-287d-49b0-b023-179e2c37843f,Dominique Malonga,True,True,True,28.616666666666667,28:37,21,8,0,0,2,3,15,8,9,5,17,game_summary__8f658fb4-cc4e-4499-a66f-025474c73ba8__20260510T001534Z.json
2026,REG,8f658fb4-cc4e-4499-a66f-025474c73ba8,2026-05-09 02:00:00+00:00,d6a012ed-84aa-48d3-8265-2d3f3ff2199a,4f57ec40-0d35-4b59-bea0-9d040f0d2292,1,c68b8f7d-ba79-4e56-bb0f-fc44688e722c,Taina Mair,,True,,0.0,00:00,0,0,0,0,0,0,0,0,0,0,0,game_summary__8f658fb4-cc4e-4499-a66f-025474c73ba8__20260510T001534Z.json
2026,REG,8f658fb4-cc4e-4499-a66f-025474c73ba8,2026-05-09 02:00:00+00:00,d6a012ed-84aa-48d3-8265-2d3f3ff2199a,4f57ec40-0d35-4b59-bea0-9d040f0d2292,1,e6959e8f-c586-4eae-bbc9-edd761e78321,Jordan Horston,True,True,True,15.366666666666667,15:22,0,4,0,0,1,1,4,0,0,0,0,game_summary__8f658fb4-cc4e-4499-a66f-025474c73ba8__20260510T001534Z.json
2026,REG,8f658fb4-cc4e-4499-a66f-025474c73ba8,2026-05-09 02:00:00+00:00,d6a012ed-84aa-48d3-8265-2d3f3ff2199a,4f57ec40-0d35-4b59-bea0-9d040f0d2292,1,fa9a0ec0-608d-497c-bb66-864691e4f5d0,Flau'jae Johnson,True,True,True,25.733333333333334,25:44,12,2,2,1,0,2,12,3,3,3,6,game_summary__8f658fb4-cc4e-4499-a66f-025474c73ba8__20260510T001534Z.json
2026,REG,1e37cd3d-41a4-417d-bd13-500d9267312e,2026-05-09 17:00:00+00:00,5f0b5caf-708b-4300-92f2-53b51d83ec06,f073a15f-0486-4179-b0a3-dfd0294eb595,0,07bea9c1-80ca-47e0-9b19-26f1bbe8168f,Awak Kuier,True,True,,2.183333333333333,2:11,0,1,1,1,0,0,0,0,0,0,3,game_summary__1e37cd3d-41a4-417d-bd13-500d9267312e__20260510T001536Z.json
2026,REG,1e37cd3d-41a4-417d-bd13-500d9267312e,2026-05-09 17:00:00+00:00,5f0b5caf-708b-4300-92f2-53b51d83ec06,f073a15f-0486-4179-b0a3-dfd0294eb595,0,20b2fe63-ee47-4afb-bd2c-ec5abd646b7d,Aziaha James,True,True,,15.616666666666667,15:37,10,2,2,0,1,2,5,3,1,1,11,game_summary__1e37cd3d-41a4-417d-bd13-500d9267312e__20260510T001536Z.json
2026,REG,1e37cd3d-41a4-417d-bd13-500d9267312e,2026-05-09 17:00:00+00:00,5f0b5caf-708b-4300-92f2-53b51d83ec06,f073a15f-0486-4179-b0a3-dfd0294eb595,0,444bce18-54b4-4e5b-80f1-96f7ba6fe296,Jessica Shepard,True,True,True,32.083333333333336,32:05,13,9,9,2,0,2,8,5,5,3,26,game_summary__1e37cd3d-41a4-417d-bd13-500d9267312e__20260510T001536Z.json
2026,REG,1e37cd3d-41a4-417d-bd13-500d9267312e,2026-05-09 17:00:00+00:00,5f0b5caf-708b-4300-92f2-53b51d83ec06,f073a15f-0486-4179-b0a3-dfd0294eb595,0,50eab91c-a616-4b89-832e-e17ac12708a8,Odyssey Sims,True,True,True,25.85,25:51,20,2,2,2,0,4,11,8,3,2,18,game_summary__1e37cd3d-41a4-417d-bd13-500d9267312e__20260510T001536Z.json
2026,REG,1e37cd3d-41a4-417d-bd13-500d9267312e,2026-05-09 17:00:00+00:00,5f0b5caf-708b-4300-92f2-53b51d83ec06,f073a15f-0486-4179-b0a3-dfd0294eb595,0,6c1a6518-c745-45f4-b582-8d0d5d55fa11,Costanza Verona,,,,0.0,00:00,0,0,0,0,0,0,0,0,0,0,0,game_summary__1e37cd3d-41a4-417d-bd13-500d9267312e__20260510T001536Z.json
2026,REG,1e37cd3d-41a4-417d-bd13-500d9267312e,2026-05-09 17:00:00+00:00,5f0b5caf-708b-4300-92f2-53b51d83ec06,f073a15f-0486-4179-b0a3-dfd0294eb595,0,80c92207-2597-4132-a34c-3b467a1a81e1,Paige Bueckers,True,True,True,32.46666666666667,32:28,20,3,4,1,0,1,10,8,6,3,22,game_summary__1e37cd3d-41a4-417d-bd13-500d9267312e__20260510T001536Z.json
2026,REG,1e37cd3d-41a4-417d-bd13-500d9267312e,2026-05-09 17:00:00+00:00,5f0b5caf-708b-4300-92f2-53b51d83ec06,f073a15f-0486-4179-b0a3-dfd0294eb595,0,8366e375-3316-44e9-b160-201a5de295b5,Dulcy Fankam Mendjiadeu,,True,,0.0,00:00,0,0,0,0,0,0,0,0,0,0,0,game_summary__1e37cd3d-41a4-417d-bd13-500d9267312e__20260510T001536Z.json
2026,REG,1e37cd3d-41a4-417d-bd13-500d9267312e,2026-05-09 17:00:00+00:00,5f0b5caf-708b-4300-92f2-53b51d83ec06,f073a15f-0486-4179-b0a3-dfd0294eb595,0,88429de7-5dc4-471a-98cd-bc13b057db36,Maddy Siegrist,True,True,,17.733333333333334,17:44,7,3,1,0,0,0,7,3,0,0,7,game_summary__1e37cd3d-41a4-417d-bd13-500d9267312e__20260510T001536Z.json
2026,REG,1e37cd3d-41a4-417d-bd13-500d9267312e,2026-05-09 17:00:00+00:00,5f0b5caf-708b-4300-92f2-53b51d83ec06,f073a15f-0486-4179-b0a3-dfd0294eb595,0,96ebdfad-3ffa-4a02-9990-75977d7c94a1,Alanna Smith,True,True,True,19.766666666666666,19:46,6,3,2,2,1,2,6,2,2,2,8,game_summary__1e37cd3d-41a4-417d-bd13-500d9267312e__20260510T001536Z.json
2026,REG,1e37cd3d-41a4-417d-bd13-500d9267312e,2026-05-09 17:00:00+00:00,5f0b5caf-708b-4300-92f2-53b51d83ec06,f073a15f-0486-4179-b0a3-dfd0294eb595,0,9b155e10-fbf5-4e3d-bc35-a9929bf1a494,JJ Quinerly,,True,,0.0,00:00,0,0,0,0,0,0,0,0,0,0,0,game_summary__1e37cd3d-41a4-417d-bd13-500d9267312e__20260510T001536Z.json
2026,REG,1e37cd3d-41a4-417d-bd13-500d9267312e,2026-05-09 17:00:00+00:00,5f0b5caf-708b-4300-92f2-53b51d83ec06,f073a15f-0486-4179-b0a3-dfd0294eb595,0,b478ebc6-8b1f-4d39-9707-048d24a88c26,Alysha Clark,True,True,,4.183333333333334,4:11,3,1,0,0,0,1,1,1,0,0,3,game_summary__1e37cd3d-41a4-417d-bd13-500d9267312e__20260510T001536Z.json
2026,REG,1e37cd3d-41a4-417d-bd13-500d9267312e,2026-05-09 17:00:00+00:00,5f0b5caf-708b-4300-92f2-53b51d83ec06,f073a15f-0486-4179-b0a3-dfd0294eb595,0,b84a83b9-07b1-4115-b2ad-8cb69a96ef08,Arike Ogunbowale,True,True,True,28.55,28:33,22,1,5,0,0,3,15,8,3,3,18,game_summary__1e37cd3d-41a4-417d-bd13-500d9267312e__20260510T001536Z.json
2026,REG,1e37cd3d-41a4-417d-bd13-500d9267312e,2026-05-09 17:00:00+00:00,5f0b5caf-708b-4300-92f2-53b51d83ec06,f073a15f-0486-4179-b0a3-dfd0294eb595,0,bfe1fd30-eac0-4881-a23a-902c706e9ad1,Li Yueru,True,True,,4.05,4:03,3,1,0,0,0,0,1,0,4,3,2,game_summary__1e37cd3d-41a4-417d-bd13-500d9267312e__20260510T001536Z.json
2026,REG,1e37cd3d-41a4-417d-bd13-500d9267312e,2026-05-09 17:00:00+00:00,5f0b5caf-708b-4300-92f2-53b51d83ec06,f073a15f-0486-4179-b0a3-dfd0294eb595,0,f83b907a-387d-4fe1-b7d7-4d53d5da147c,Azzi Fudd,True,True,,17.516666666666666,17:31,3,1,0,1,0,0,2,1,0,0,4,game_summary__1e37cd3d-41a4-417d-bd13-500d9267312e__20260510T001536Z.json
2026,REG,1e37cd3d-41a4-417d-bd13-500d9267312e,2026-05-09 17:00:00+00:00,f073a15f-0486-4179-b0a3-dfd0294eb595,5f0b5caf-708b-4300-92f2-53b51d83ec06,1,02ffb4ab-3daf-45e2-b937-eda2c07e5f02,Raven Johnson,True,True,,11.633333333333333,11:38,4,2,2,1,0,1,1,1,2,2,8,game_summary__1e37cd3d-41a4-417d-bd13-500d9267312e__20260510T001536Z.json
2026,REG,1e37cd3d-41a4-417d-bd13-500d9267312e,2026-05-09 17:00:00+00:00,f073a15f-0486-4179-b0a3-dfd0294eb595,5f0b5caf-708b-4300-92f2-53b51d83ec06,1,206872ae-560b-4199-94f4-a44106b0baff,Monique Billings,,True,,0.0,00:00,0,0,0,0,0,0,0,0,0,0,0,game_summary__1e37cd3d-41a4-417d-bd13-500d9267312e__20260510T001536Z.json
2026,REG,1e37cd3d-41a4-417d-bd13-500d9267312e,2026-05-09 17:00:00+00:00,f073a15f-0486-4179-b0a3-dfd0294eb595,5f0b5caf-708b-4300-92f2-53b51d83ec06,1,2d21f497-2795-432d-b254-5ae9fbbd0096,Caitlin Clark,True,True,True,30.8,30:48,20,5,7,0,0,5,18,7,4,4,16,game_summary__1e37cd3d-41a4-417d-bd13-500d9267312e__20260510T001536Z.json
2026,REG,1e37cd3d-41a4-417d-bd13-500d9267312e,2026-05-09 17:00:00+00:00,f073a15f-0486-4179-b0a3-dfd0294eb595,5f0b5caf-708b-4300-92f2-53b51d83ec06,1,3762be5d-d392-4e3b-aea3-9c5e356c7486,Shatori Walker-Kimbrough,,True,,0.0,00:00,0,0,0,0,0,0,0,0,0,0,0,game_summary__1e37cd3d-41a4-417d-bd13-500d9267312e__20260510T001536Z.json
2026,REG,1e37cd3d-41a4-417d-bd13-500d9267312e,2026-05-09 17:00:00+00:00,f073a15f-0486-4179-b0a3-dfd0294eb595,5f0b5caf-708b-4300-92f2-53b51d83ec06,1,5219e39b-9341-4dfb-a43c-793723729162,Kelsey Mitchell,True,True,True,33.11666666666667,33:07,30,3,4,0,0,2,22,11,7,6,23,game_summary__1e37cd3d-41a4-417d-bd13-500d9267312e__20260510T001536Z.json
2026,REG,1e37cd3d-41a4-417d-bd13-500d9267312e,2026-05-09 17:00:00+00:00,f073a15f-0486-4179-b0a3-dfd0294eb595,5f0b5caf-708b-4300-92f2-53b51d83ec06,1,63dde7d8-0af8-4adb-a556-01e0d2395420,Aliyah Boston,True,True,True,26.15,26:09,23,4,3,3,1,1,14,9,6,4,26,game_summary__1e37cd3d-41a4-417d-bd13-500d9267312e__20260510T001536Z.json
2026,REG,1e37cd3d-41a4-417d-bd13-500d9267312e,2026-05-09 17:00:00+00:00,f073a15f-0486-4179-b0a3-dfd0294eb595,5f0b5caf-708b-4300-92f2-53b51d83ec06,1,6f20a6c1-04f6-4be2-b7a2-511ebe314525,Sophie Cunningham,True,True,True,25.5,25:30,3,4,3,0,0,0,2,1,0,0,9,game_summary__1e37cd3d-41a4-417d-bd13-500d9267312e__20260510T001536Z.json
2026,REG,1e37cd3d-41a4-417d-bd13-500d9267312e,2026-05-09 17:00:00+00:00,f073a15f-0486-4179-b0a3-dfd0294eb595,5f0b5caf-708b-4300-92f2-53b51d83ec06,1,8302ef7b-466b-42f0-bdae-d87d8d56154a,Myisha Hines-Allen,True,True,True,21.233333333333334,21:14,6,6,2,0,0,2,7,3,0,0,8,game_summary__1e37cd3d-41a4-417d-bd13-500d9267312e__20260510T001536Z.json
2026,REG,1e37cd3d-41a4-417d-bd13-500d9267312e,2026-05-09 17:00:00+00:00,f073a15f-0486-4179-b0a3-dfd0294eb595,5f0b5caf-708b-4300-92f2-53b51d83ec06,1,96f429a5-5b23-4edf-90b1-642d7f036118,Tyasha Harris,True,True,,4.45,4:27,0,0,0,0,0,0,1,0,0,0,-1,game_summary__1e37cd3d-41a4-417d-bd13-500d9267312e__20260510T001536Z.json
2026,REG,1e37cd3d-41a4-417d-bd13-500d9267312e,2026-05-09 17:00:00+00:00,f073a15f-0486-4179-b0a3-dfd0294eb595,5f0b5caf-708b-4300-92f2-53b51d83ec06,1,a0cdf85a-daf1-4ba7-959c-b925de9d194f,Justine Pissott,,,,0.0,00:00,0,0,0,0,0,0,0,0,0,0,0,game_summary__1e37cd3d-41a4-417d-bd13-500d9267312e__20260510T001536Z.json
2026,REG,1e37cd3d-41a4-417d-bd13-500d9267312e,2026-05-09 17:00:00+00:00,f073a15f-0486-4179-b0a3-dfd0294eb595,5f0b5caf-708b-4300-92f2-53b51d83ec06,1,dc34b957-189f-4eb4-b7fc-0da87e271275,Lexie Hull,True,True,,14.916666666666666,14:55,0,1,0,0,0,1,2,0,0,0,-2,game_summary__1e37cd3d-41a4-417d-bd13-500d9267312e__20260510T001536Z.json
2026,REG,1e37cd3d-41a4-417d-bd13-500d9267312e,2026-05-09 17:00:00+00:00,f073a15f-0486-4179-b0a3-dfd0294eb595,5f0b5caf-708b-4300-92f2-53b51d83ec06,1,e040354c-4d44-405c-a7ac-d4d2cf9062e8,Damiris Dantas,True,True,,13.166666666666666,13:10,7,1,1,0,1,2,4,3,0,0,7,game_summary__1e37cd3d-41a4-417d-bd13-500d9267312e__20260510T001536Z.json
2026,REG,1e37cd3d-41a4-417d-bd13-500d9267312e,2026-05-09 17:00:00+00:00,f073a15f-0486-4179-b0a3-dfd0294eb595,5f0b5caf-708b-4300-92f2-53b51d83ec06,1,ee3aab89-0042-4d41-b870-06a924e38c3e,Makayla Timpson,True,True,,19.033333333333335,19:02,11,2,1,0,0,0,6,5,2,1,12,game_summary__1e37cd3d-41a4-417d-bd13-500d9267312e__20260510T001536Z.json
2026,REG,6c13be8a-ab72-42d8-88d0-17889606673e,2026-05-09 19:30:00+00:00,0699edf3-5993-4182-b9b4-ec935cbd4fcc,171b097d-01db-4ae8-9d56-035689402ec6,0,2af57be3-fd5d-4375-bad1-89e30e6109ae,Marta Suarez,,,,0.0,00:00,0,0,0,0,0,0,0,0,0,0,0,game_summary__6c13be8a-ab72-42d8-88d0-17889606673e__20260510T001537Z.json
2026,REG,6c13be8a-ab72-42d8-88d0-17889606673e,2026-05-09 19:30:00+00:00,0699edf3-5993-4182-b9b4-ec935cbd4fcc,171b097d-01db-4ae8-9d56-035689402ec6,0,2d7cb487-2113-4eb6-b261-a9fbc45e88ad,Shay Ciezki,,,,0.0,00:00,0,0,0,0,0,0,0,0,0,0,0,game_summary__6c13be8a-ab72-42d8-88d0-17889606673e__20260510T001537Z.json
2026,REG,6c13be8a-ab72-42d8-88d0-17889606673e,2026-05-09 19:30:00+00:00,0699edf3-5993-4182-b9b4-ec935cbd4fcc,171b097d-01db-4ae8-9d56-035689402ec6,0,485e8571-a199-418e-a0aa-ad0afb37bd95,Kyara Linskens,True,True,,14.283333333333333,14:17,2,2,1,2,0,0,4,1,0,0,4,game_summary__6c13be8a-ab72-42d8-88d0-17889606673e__20260510T001537Z.json
2026,REG,6c13be8a-ab72-42d8-88d0-17889606673e,2026-05-09 19:30:00+00:00,0699edf3-5993-4182-b9b4-ec935cbd4fcc,171b097d-01db-4ae8-9d56-035689402ec6,0,4e1ddd46-60f7-4307-a548-508c1ed6c136,Natasha Mack,True,True,True,25.283333333333335,25:17,10,15,1,1,1,0,5,4,2,2,27,game_summary__6c13be8a-ab72-42d8-88d0-17889606673e__20260510T001537Z.json
2026,REG,6c13be8a-ab72-42d8-88d0-17889606673e,2026-05-09 19:30:00+00:00,0699edf3-5993-4182-b9b4-ec935cbd4fcc,171b097d-01db-4ae8-9d56-035689402ec6,0,6434f048-1c61-4a79-a990-73f51f46245e,Kahleah Copper,True,True,True,28.133333333333333,28:08,13,0,2,0,0,4,16,6,1,1,1,game_summary__6c13be8a-ab72-42d8-88d0-17889606673e__20260510T001537Z.json
2026,REG,6c13be8a-ab72-42d8-88d0-17889606673e,2026-05-09 19:30:00+00:00,0699edf3-5993-4182-b9b4-ec935cbd4fcc,171b097d-01db-4ae8-9d56-035689402ec6,0,682d8e9d-7251-4f0c-b93d-f0e20f812eb4,Peyton Williams,True,True,,5.766666666666667,5:46,0,0,2,0,1,0,1,0,0,0,2,game_summary__6c13be8a-ab72-42d8-88d0-17889606673e__20260510T001537Z.json
2026,REG,6c13be8a-ab72-42d8-88d0-17889606673e,2026-05-09 19:30:00+00:00,0699edf3-5993-4182-b9b4-ec935cbd4fcc,171b097d-01db-4ae8-9d56-035689402ec6,0,6901f47b-4a2f-4ee2-bb99-8b1ad5637198,Quionche Carter,True,True,,12.3,12:18,2,1,1,0,0,0,2,1,0,0,3,game_summary__6c13be8a-ab72-42d8-88d0-17889606673e__20260510T001537Z.json
2026,REG,6c13be8a-ab72-42d8-88d0-17889606673e,2026-05-09 19:30:00+00:00,0699edf3-5993-4182-b9b4-ec935cbd4fcc,171b097d-01db-4ae8-9d56-035689402ec6,0,750b9212-d2d0-414d-929e-1c658dc13999,Kiana Williams,True,True,,20.85,20:51,11,1,1,2,0,1,9,4,0,0,9,game_summary__6c13be8a-ab72-42d8-88d0-17889606673e__20260510T001537Z.json
2026,REG,6c13be8a-ab72-42d8-88d0-17889606673e,2026-05-09 19:30:00+00:00,0699edf3-5993-4182-b9b4-ec935cbd4fcc,171b097d-01db-4ae8-9d56-035689402ec6,0,82661dca-4121-4f2c-9918-7960ae068b83,Sami Whitcomb,,,,0.0,00:00,0,0,0,0,0,0,0,0,0,0,0,game_summary__6c13be8a-ab72-42d8-88d0-17889606673e__20260510T001537Z.json
2026,REG,6c13be8a-ab72-42d8-88d0-17889606673e,2026-05-09 19:30:00+00:00,0699edf3-5993-4182-b9b4-ec935cbd4fcc,171b097d-01db-4ae8-9d56-035689402ec6,0,87a32879-a19b-4603-86ce-1c8b0e4484ad,Alyssa Thomas,True,True,True,26.35,26:21,20,6,9,3,0,1,17,9,4,2,27,game_summary__6c13be8a-ab72-42d8-88d0-17889606673e__20260510T001537Z.json
2026,REG,6c13be8a-ab72-42d8-88d0-17889606673e,2026-05-09 19:30:00+00:00,0699edf3-5993-4182-b9b4-ec935cbd4fcc,171b097d-01db-4ae8-9d56-035689402ec6,0,b262f7f1-1c78-406c-86aa-7ad15122931f,DeWanna Bonner,True,True,True,21.733333333333334,21:44,13,7,2,1,2,0,7,5,0,0,23,game_summary__6c13be8a-ab72-42d8-88d0-17889606673e__20260510T001537Z.json
2026,REG,6c13be8a-ab72-42d8-88d0-17889606673e,2026-05-09 19:30:00+00:00,0699edf3-5993-4182-b9b4-ec935cbd4fcc,171b097d-01db-4ae8-9d56-035689402ec6,0,b32a710e-06e9-4f21-b0f1-9a7190b630f7,Jovana Nogic,True,True,True,21.066666666666666,21:04,19,0,4,2,0,1,8,5,5,5,21,game_summary__6c13be8a-ab72-42d8-88d0-17889606673e__20260510T001537Z.json
2026,REG,6c13be8a-ab72-42d8-88d0-17889606673e,2026-05-09 19:30:00+00:00,0699edf3-5993-4182-b9b4-ec935cbd4fcc,171b097d-01db-4ae8-9d56-035689402ec6,0,c5a8b4e2-06c3-423a-90c2-eacf2df7a605,Anneli Maley,True,True,,5.766666666666667,5:46,1,2,0,0,0,0,2,0,2,1,0,game_summary__6c13be8a-ab72-42d8-88d0-17889606673e__20260510T001537Z.json
2026,REG,6c13be8a-ab72-42d8-88d0-17889606673e,2026-05-09 19:30:00+00:00,0699edf3-5993-4182-b9b4-ec935cbd4fcc,171b097d-01db-4ae8-9d56-035689402ec6,0,dca4f975-daf6-46b9-b8e1-29f36388248b,Noemie Brochant,True,True,,18.466666666666665,18:28,8,3,0,0,0,0,6,3,1,1,8,game_summary__6c13be8a-ab72-42d8-88d0-17889606673e__20260510T001537Z.json
2026,REG,6c13be8a-ab72-42d8-88d0-17889606673e,2026-05-09 19:30:00+00:00,171b097d-01db-4ae8-9d56-035689402ec6,0699edf3-5993-4182-b9b4-ec935cbd4fcc,1,0825c65d-b903-4dd3-8206-e5f7d31bb2b8,Jewell Loyd,True,True,,23.983333333333334,23:59,6,1,2,0,1,1,7,3,0,0,5,game_summary__6c13be8a-ab72-42d8-88d0-17889606673e__20260510T001537Z.json
2026,REG,6c13be8a-ab72-42d8-88d0-17889606673e,2026-05-09 19:30:00+00:00,171b097d-01db-4ae8-9d56-035689402ec6,0699edf3-5993-4182-b9b4-ec935cbd4fcc,1,3112ab66-5995-4ed1-b460-2b0e5abc2dd1,Kierstan Bell,True,True,,19.0,19:00,0,6,1,1,0,2,4,0,0,0,2,game_summary__6c13be8a-ab72-42d8-88d0-17889606673e__20260510T001537Z.json
2026,REG,6c13be8a-ab72-42d8-88d0-17889606673e,2026-05-09 19:30:00+00:00,171b097d-01db-4ae8-9d56-035689402ec6,0699edf3-5993-4182-b9b4-ec935cbd4fcc,1,3c606b9a-c914-4e6f-ac4f-81b2600f7755,Dana Evans,,,,0.0,00:00,0,0,0,0,0,0,0,0,0,0,0,game_summary__6c13be8a-ab72-42d8-88d0-17889606673e__20260510T001537Z.json
2026,REG,6c13be8a-ab72-42d8-88d0-17889606673e,2026-05-09 19:30:00+00:00,171b097d-01db-4ae8-9d56-035689402ec6,0699edf3-5993-4182-b9b4-ec935cbd4fcc,1,433a5b0e-6b9c-448c-a8f7-33c5849bb6f1,Brianna Turner,True,True,,13.55,13:33,0,3,0,0,1,1,0,0,0,0,3,game_summary__6c13be8a-ab72-42d8-88d0-17889606673e__20260510T001537Z.json
2026,REG,6c13be8a-ab72-42d8-88d0-17889606673e,2026-05-09 19:30:00+00:00,171b097d-01db-4ae8-9d56-035689402ec6,0699edf3-5993-4182-b9b4-ec935cbd4fcc,1,4a97e708-71e5-4d58-b1e8-883adf027925,Cheyenne Parker-Tyus,True,True,,12.266666666666667,12:16,2,4,0,0,0,2,3,1,0,0,2,game_summary__6c13be8a-ab72-42d8-88d0-17889606673e__20260510T001537Z.json
2026,REG,6c13be8a-ab72-42d8-88d0-17889606673e,2026-05-09 19:30:00+00:00,171b097d-01db-4ae8-9d56-035689402ec6,0699edf3-5993-4182-b9b4-ec935cbd4fcc,1,4fa92d21-9f96-4bab-a9f8-f530a69287ee,Jackie Young,True,True,True,25.266666666666666,25:16,12,6,3,0,0,2,15,5,0,0,9,game_summary__6c13be8a-ab72-42d8-88d0-17889606673e__20260510T001537Z.json
2026,REG,6c13be8a-ab72-42d8-88d0-17889606673e,2026-05-09 19:30:00+00:00,171b097d-01db-4ae8-9d56-035689402ec6,0699edf3-5993-4182-b9b4-ec935cbd4fcc,1,6340b055-3c1b-427e-88d6-6f9cdd1fc925,A'ja Wilson,True,True,True,23.6,23:36,19,4,4,2,2,2,15,8,2,1,21,game_summary__6c13be8a-ab72-42d8-88d0-17889606673e__20260510T001537Z.json
2026,REG,6c13be8a-ab72-42d8-88d0-17889606673e,2026-05-09 19:30:00+00:00,171b097d-01db-4ae8-9d56-035689402ec6,0699edf3-5993-4182-b9b4-ec935cbd4fcc,1,63b305c4-1d47-4e3e-91ac-9a529fd4c851,Chennedy Carter,True,True,,19.366666666666667,19:22,10,2,2,2,0,3,8,5,0,0,10,game_summary__6c13be8a-ab72-42d8-88d0-17889606673e__20260510T001537Z.json
2026,REG,6c13be8a-ab72-42d8-88d0-17889606673e,2026-05-09 19:30:00+00:00,171b097d-01db-4ae8-9d56-035689402ec6,0699edf3-5993-4182-b9b4-ec935cbd4fcc,1,732bf79f-1bfa-450c-ad04-015f7624765a,NaLyssa Smith,True,True,True,21.05,21:03,11,6,1,0,2,0,7,4,6,3,14,game_summary__6c13be8a-ab72-42d8-88d0-17889606673e__20260510T001537Z.json
2026,REG,6c13be8a-ab72-42d8-88d0-17889606673e,2026-05-09 19:30:00+00:00,171b097d-01db-4ae8-9d56-035689402ec6,0699edf3-5993-4182-b9b4-ec935cbd4fcc,1,779cd8d9-133e-4e68-8bfb-16a437a34686,Stephanie Talbot,True,True,True,19.466666666666665,19:28,2,2,0,0,0,1,6,1,0,0,-2,game_summary__6c13be8a-ab72-42d8-88d0-17889606673e__20260510T001537Z.json
2026,REG,6c13be8a-ab72-42d8-88d0-17889606673e,2026-05-09 19:30:00+00:00,171b097d-01db-4ae8-9d56-035689402ec6,0699edf3-5993-4182-b9b4-ec935cbd4fcc,1,96018564-39be-40b9-a4be-b1f187d9e85f,Janiah Barker,,,,0.0,00:00,0,0,0,0,0,0,0,0,0,0,0,game_summary__6c13be8a-ab72-42d8-88d0-17889606673e__20260510T001537Z.json
2026,REG,6c13be8a-ab72-42d8-88d0-17889606673e,2026-05-09 19:30:00+00:00,171b097d-01db-4ae8-9d56-035689402ec6,0699edf3-5993-4182-b9b4-ec935cbd4fcc,1,ca6b54e3-612d-4523-9582-b88e675f58de,Chelsea Gray,True,True,True,22.45,22:27,4,1,6,0,2,3,6,2,0,0,6,game_summary__6c13be8a-ab72-42d8-88d0-17889606673e__20260510T001537Z.json
2026,REG,f88e8fd5-d27c-4709-844b-e24b33649f45,2026-05-10 00:00:00+00:00,5d70a9af-8c2b-4aec-9e68-9acc6ddb93e4,6f017f37-be96-4bdc-b6d3-0a0429c72e89,0,17ba31ce-0f0f-40d1-bd9a-58f51668186e,Sika Kone,True,True,,3.066666666666667,3:04,0,0,0,0,0,0,1,0,0,0,-1,game_summary__f88e8fd5-d27c-4709-844b-e24b33649f45__20260510T191511Z.json
2026,REG,f88e8fd5-d27c-4709-844b-e24b33649f45,2026-05-10 00:00:00+00:00,5d70a9af-8c2b-4aec-9e68-9acc6ddb93e4,6f017f37-be96-4bdc-b6d3-0a0429c72e89,0,1dc2c9fa-9841-411e-9261-5ae712e6c48a,Madina Okot,True,True,,9.833333333333334,9:50,8,4,0,1,0,1,6,3,2,2,9,game_summary__f88e8fd5-d27c-4709-844b-e24b33649f45__20260510T191511Z.json
2026,REG,f88e8fd5-d27c-4709-844b-e24b33649f45,2026-05-10 00:00:00+00:00,5d70a9af-8c2b-4aec-9e68-9acc6ddb93e4,6f017f37-be96-4bdc-b6d3-0a0429c72e89,0,26211daa-54a2-4ce8-a02e-c04c9192586b,Aaliyah Nye,,True,,0.0,00:00,0,0,0,0,0,0,0,0,0,0,0,game_summary__f88e8fd5-d27c-4709-844b-e24b33649f45__20260510T191511Z.json
2026,REG,f88e8fd5-d27c-4709-844b-e24b33649f45,2026-05-10 00:00:00+00:00,5d70a9af-8c2b-4aec-9e68-9acc6ddb93e4,6f017f37-be96-4bdc-b6d3-0a0429c72e89,0,293b5925-fd31-4640-8ada-bf6451a2c488,Allisha Gray,True,True,True,32.516666666666666,32:31,24,8,3,2,1,4,18,7,11,9,21,game_summary__f88e8fd5-d27c-4709-844b-e24b33649f45__20260510T191511Z.json
2026,REG,f88e8fd5-d27c-4709-844b-e24b33649f45,2026-05-10 00:00:00+00:00,5d70a9af-8c2b-4aec-9e68-9acc6ddb93e4,6f017f37-be96-4bdc-b6d3-0a0429c72e89,0,43e2f045-e419-4b6e-bf2c-45e45f4720cc,Jordin Canada,True,True,True,26.633333333333333,26:38,12,2,6,0,0,4,7,4,4,3,12,game_summary__f88e8fd5-d27c-4709-844b-e24b33649f45__20260510T191511Z.json
2026,REG,f88e8fd5-d27c-4709-844b-e24b33649f45,2026-05-10 00:00:00+00:00,5d70a9af-8c2b-4aec-9e68-9acc6ddb93e4,6f017f37-be96-4bdc-b6d3-0a0429c72e89,0,4fcc19db-1149-4081-9313-e3c2b24ae170,Angel Reese,True,True,True,32.38333333333333,32:23,11,14,2,2,3,5,11,4,6,3,17,game_summary__f88e8fd5-d27c-4709-844b-e24b33649f45__20260510T191511Z.json
2026,REG,f88e8fd5-d27c-4709-844b-e24b33649f45,2026-05-10 00:00:00+00:00,5d70a9af-8c2b-4aec-9e68-9acc6ddb93e4,6f017f37-be96-4bdc-b6d3-0a0429c72e89,0,ab39141d-852e-4308-8b5d-8d06441ffbbd,Rhyne Howard,True,True,True,37.85,37:51,15,6,5,3,1,3,10,4,5,4,20,game_summary__f88e8fd5-d27c-4709-844b-e24b33649f45__20260510T191511Z.json
2026,REG,f88e8fd5-d27c-4709-844b-e24b33649f45,2026-05-10 00:00:00+00:00,5d70a9af-8c2b-4aec-9e68-9acc6ddb93e4,6f017f37-be96-4bdc-b6d3-0a0429c72e89,0,b2bb37a6-6879-4c1f-ae20-5f6492bef87a,Naz Hillmon,True,True,True,33.45,33:27,15,7,2,1,0,0,10,6,2,1,20,game_summary__f88e8fd5-d27c-4709-844b-e24b33649f45__20260510T191511Z.json
2026,REG,f88e8fd5-d27c-4709-844b-e24b33649f45,2026-05-10 00:00:00+00:00,5d70a9af-8c2b-4aec-9e68-9acc6ddb93e4,6f017f37-be96-4bdc-b6d3-0a0429c72e89,0,c79f05c7-904e-4aec-b161-9d841092a194,Indya Nivar,,True,,0.0,00:00,0,0,0,0,0,0,0,0,0,0,0,game_summary__f88e8fd5-d27c-4709-844b-e24b33649f45__20260510T191511Z.json
2026,REG,f88e8fd5-d27c-4709-844b-e24b33649f45,2026-05-10 00:00:00+00:00,5d70a9af-8c2b-4aec-9e68-9acc6ddb93e4,6f017f37-be96-4bdc-b6d3-0a0429c72e89,0,c8b2f823-27fb-4793-b7e9-690de18cc2a3,Isobel Borlase,True,True,,3.2,3:12,0,0,0,0,0,0,0,0,0,0,0,game_summary__f88e8fd5-d27c-4709-844b-e24b33649f45__20260510T191511Z.json
2026,REG,f88e8fd5-d27c-4709-844b-e24b33649f45,2026-05-10 00:00:00+00:00,5d70a9af-8c2b-4aec-9e68-9acc6ddb93e4,6f017f37-be96-4bdc-b6d3-0a0429c72e89,0,de11f82d-035c-45c2-873a-eb1fad4abc1b,Brionna Jones,,True,,0.0,00:00,0,0,0,0,0,0,0,0,0,0,0,game_summary__f88e8fd5-d27c-4709-844b-e24b33649f45__20260510T191511Z.json
2026,REG,f88e8fd5-d27c-4709-844b-e24b33649f45,2026-05-10 00:00:00+00:00,5d70a9af-8c2b-4aec-9e68-9acc6ddb93e4,6f017f37-be96-4bdc-b6d3-0a0429c72e89,0,e7fb06e6-823e-4f60-955c-639a49bc860d,Te-Hina Paopao,True,True,,21.066666666666666,21:04,6,5,4,0,1,3,10,3,0,0,6,game_summary__f88e8fd5-d27c-4709-844b-e24b33649f45__20260510T191511Z.json
2026,REG,f88e8fd5-d27c-4709-844b-e24b33649f45,2026-05-10 00:00:00+00:00,5d70a9af-8c2b-4aec-9e68-9acc6ddb93e4,6f017f37-be96-4bdc-b6d3-0a0429c72e89,0,fd230821-bfd6-46f2-9dfe-ef4770a8fa4a,Holly Winterburn,,True,,0.0,00:00,0,0,0,0,0,0,0,0,0,0,0,game_summary__f88e8fd5-d27c-4709-844b-e24b33649f45__20260510T191511Z.json
2026,REG,f88e8fd5-d27c-4709-844b-e24b33649f45,2026-05-10 00:00:00+00:00,6f017f37-be96-4bdc-b6d3-0a0429c72e89,5d70a9af-8c2b-4aec-9e68-9acc6ddb93e4,1,10530e0b-a55e-4f1e-9bc3-79e485b87ca1,Antonia Delaere,True,True,,13.516666666666667,13:31,2,0,1,1,0,1,2,1,0,0,2,game_summary__f88e8fd5-d27c-4709-844b-e24b33649f45__20260510T191511Z.json
2026,REG,f88e8fd5-d27c-4709-844b-e24b33649f45,2026-05-10 00:00:00+00:00,6f017f37-be96-4bdc-b6d3-0a0429c72e89,5d70a9af-8c2b-4aec-9e68-9acc6ddb93e4,1,21f994d2-1cc9-4d83-b278-abc3aaf4f63d,Napheesa Collier,,True,,0.0,00:00,0,0,0,0,0,0,0,0,0,0,0,game_summary__f88e8fd5-d27c-4709-844b-e24b33649f45__20260510T191511Z.json
2026,REG,f88e8fd5-d27c-4709-844b-e24b33649f45,2026-05-10 00:00:00+00:00,6f017f37-be96-4bdc-b6d3-0a0429c72e89,5d70a9af-8c2b-4aec-9e68-9acc6ddb93e4,1,315d7cfa-1a16-4337-b55f-1dc7c65711c9,Emma Cechova,True,True,,19.05,19:03,12,3,0,0,1,2,5,5,4,2,12,game_summary__f88e8fd5-d27c-4709-844b-e24b33649f45__20260510T191511Z.json
2026,REG,f88e8fd5-d27c-4709-844b-e24b33649f45,2026-05-10 00:00:00+00:00,6f017f37-be96-4bdc-b6d3-0a0429c72e89,5d70a9af-8c2b-4aec-9e68-9acc6ddb93e4,1,45e35318-295a-4e1c-bfc6-c7b295ed5066,Courtney Williams,True,True,True,31.816666666666666,31:49,14,6,6,3,0,2,18,7,0,0,16,game_summary__f88e8fd5-d27c-4709-844b-e24b33649f45__20260510T191511Z.json
2026,REG,f88e8fd5-d27c-4709-844b-e24b33649f45,2026-05-10 00:00:00+00:00,6f017f37-be96-4bdc-b6d3-0a0429c72e89,5d70a9af-8c2b-4aec-9e68-9acc6ddb93e4,1,46479ac7-5745-40d2-abc8-7c660ea759e4,Natasha Howard,True,True,True,19.616666666666667,19:37,6,5,2,1,0,5,6,3,4,0,2,game_summary__f88e8fd5-d27c-4709-844b-e24b33649f45__20260510T191511Z.json
2026,REG,f88e8fd5-d27c-4709-844b-e24b33649f45,2026-05-10 00:00:00+00:00,6f017f37-be96-4bdc-b6d3-0a0429c72e89,5d70a9af-8c2b-4aec-9e68-9acc6ddb93e4,1,4adc34e9-cc74-4442-9a54-d31d6623e75a,Olivia Miles,True,True,True,33.78333333333333,33:47,21,3,8,2,2,3,14,6,8,8,25,game_summary__f88e8fd5-d27c-4709-844b-e24b33649f45__20260510T191511Z.json
2026,REG,f88e8fd5-d27c-4709-844b-e24b33649f45,2026-05-10 00:00:00+00:00,6f017f37-be96-4bdc-b6d3-0a0429c72e89,5d70a9af-8c2b-4aec-9e68-9acc6ddb93e4,1,58c646ba-6e6f-409a-a1cf-83e253991797,Nia Coffey,True,True,True,31.05,31:03,3,3,1,1,3,0,4,1,0,0,8,game_summary__f88e8fd5-d27c-4709-844b-e24b33649f45__20260510T191511Z.json
2026,REG,f88e8fd5-d27c-4709-844b-e24b33649f45,2026-05-10 00:00:00+00:00,6f017f37-be96-4bdc-b6d3-0a0429c72e89,5d70a9af-8c2b-4aec-9e68-9acc6ddb93e4,1,8aee996c-a7a5-434b-a5d2-48594ad8aefc,Eliska Hamzova,,True,,0.0,00:00,0,0,0,0,0,0,0,0,0,0,0,game_summary__f88e8fd5-d27c-4709-844b-e24b33649f45__20260510T191511Z.json
2026,REG,f88e8fd5-d27c-4709-844b-e24b33649f45,2026-05-10 00:00:00+00:00,6f017f37-be96-4bdc-b6d3-0a0429c72e89,5d70a9af-8c2b-4aec-9e68-9acc6ddb93e4,1,9be4b9f9-76d7-4540-87a4-fd78eb60d301,Liatu King,,,,0.0,00:00,0,0,0,0,0,0,0,0,0,0,0,game_summary__f88e8fd5-d27c-4709-844b-e24b33649f45__20260510T191511Z.json
2026,REG,f88e8fd5-d27c-4709-844b-e24b33649f45,2026-05-10 00:00:00+00:00,6f017f37-be96-4bdc-b6d3-0a0429c72e89,5d70a9af-8c2b-4aec-9e68-9acc6ddb93e4,1,a3b7b84f-cfa9-42cc-8534-f11d2e90e8de,Anastasiia Olairi Kosu,True,True,,6.15,6:09,4,1,0,1,1,0,4,2,0,0,5,game_summary__f88e8fd5-d27c-4709-844b-e24b33649f45__20260510T191511Z.json
2026,REG,f88e8fd5-d27c-4709-844b-e24b33649f45,2026-05-10 00:00:00+00:00,6f017f37-be96-4bdc-b6d3-0a0429c72e89,5d70a9af-8c2b-4aec-9e68-9acc6ddb93e4,1,a4d323e8-eea6-49b4-91f2-7edd99b2fa68,Dorka Juhasz,,True,,0.0,00:00,0,0,0,0,0,0,0,0,0,0,0,game_summary__f88e8fd5-d27c-4709-844b-e24b33649f45__20260510T191511Z.json
2026,REG,f88e8fd5-d27c-4709-844b-e24b33649f45,2026-05-10 00:00:00+00:00,6f017f37-be96-4bdc-b6d3-0a0429c72e89,5d70a9af-8c2b-4aec-9e68-9acc6ddb93e4,1,b404562d-a1fd-446f-bcd0-6b545dfde9c6,Kayla McBride,True,True,True,32.56666666666667,32:34,20,2,2,1,0,1,13,7,5,4,17,game_summary__f88e8fd5-d27c-4709-844b-e24b33649f45__20260510T191511Z.json
2026,REG,f88e8fd5-d27c-4709-844b-e24b33649f45,2026-05-10 00:00:00+00:00,6f017f37-be96-4bdc-b6d3-0a0429c72e89,5d70a9af-8c2b-4aec-9e68-9acc6ddb93e4,1,dfa4c170-3fd7-42a5-997b-a4e9b9b98f0e,Emese Hof,True,True,,4.133333333333334,4:08,2,0,0,0,0,0,2,1,0,0,1,game_summary__f88e8fd5-d27c-4709-844b-e24b33649f45__20260510T191511Z.json
2026,REG,f88e8fd5-d27c-4709-844b-e24b33649f45,2026-05-10 00:00:00+00:00,6f017f37-be96-4bdc-b6d3-0a0429c72e89,5d70a9af-8c2b-4aec-9e68-9acc6ddb93e4,1,f473955f-a823-4328-92ea-6b06b68b2118,Maya Caldwell,True,True,,8.316666666666666,8:19,6,2,0,0,0,1,2,2,1,1,7,game_summary__f88e8fd5-d27c-4709-844b-e24b33649f45__20260510T191511Z.json
2026,REG,7def09d1-d666-4e08-a6d4-213059a7ffe9,2026-05-10 01:00:00+00:00,3c409388-ab73-4c7f-953d-3a71062240f6,d54283cc-c5ec-4dbd-bb61-166f217e3864,0,0c6ce2db-d4e6-49cc-8490-78a6842026f2,Jacy Sheldon,True,True,True,34.31666666666667,34:19,13,4,4,1,3,0,7,4,4,4,22,game_summary__7def09d1-d666-4e08-a6d4-213059a7ffe9__20260510T191513Z.json
2026,REG,7def09d1-d666-4e08-a6d4-213059a7ffe9,2026-05-10 01:00:00+00:00,3c409388-ab73-4c7f-953d-3a71062240f6,d54283cc-c5ec-4dbd-bb61-166f217e3864,0,1ed5a0c9-ad93-4996-acca-94c7e301bb79,Azura Stevens,,,,0.0,00:00,0,0,0,0,0,0,0,0,0,0,0,game_summary__7def09d1-d666-4e08-a6d4-213059a7ffe9__20260510T191513Z.json
2026,REG,7def09d1-d666-4e08-a6d4-213059a7ffe9,2026-05-10 01:00:00+00:00,3c409388-ab73-4c7f-953d-3a71062240f6,d54283cc-c5ec-4dbd-bb61-166f217e3864,0,30d46238-d1eb-476d-a526-4e2203474106,Rachel Banham,True,True,,14.916666666666666,14:55,3,0,2,0,0,2,3,1,0,0,1,game_summary__7def09d1-d666-4e08-a6d4-213059a7ffe9__20260510T191513Z.json
2026,REG,7def09d1-d666-4e08-a6d4-213059a7ffe9,2026-05-10 01:00:00+00:00,3c409388-ab73-4c7f-953d-3a71062240f6,d54283cc-c5ec-4dbd-bb61-166f217e3864,0,5370ad82-3e6c-41f8-8d43-e6a41e317b91,Maddy Westbeld,,,,0.0,00:00,0,0,0,0,0,0,0,0,0,0,0,game_summary__7def09d1-d666-4e08-a6d4-213059a7ffe9__20260510T191513Z.json
2026,REG,7def09d1-d666-4e08-a6d4-213059a7ffe9,2026-05-10 01:00:00+00:00,3c409388-ab73-4c7f-953d-3a71062240f6,d54283cc-c5ec-4dbd-bb61-166f217e3864,0,567a56a2-5497-42cf-9f3e-7f36745d0aa8,Aicha Coulibaly,True,True,,6.216666666666667,6:13,0,2,1,0,0,0,3,0,0,0,0,game_summary__7def09d1-d666-4e08-a6d4-213059a7ffe9__20260510T191513Z.json
2026,REG,7def09d1-d666-4e08-a6d4-213059a7ffe9,2026-05-10 01:00:00+00:00,3c409388-ab73-4c7f-953d-3a71062240f6,d54283cc-c5ec-4dbd-bb61-166f217e3864,0,6bfa50d6-6833-4c5f-b8fa-96c0a19397b0,Gabriela Jaquez,True,True,True,32.0,32:00,10,7,2,2,0,0,7,3,4,3,16,game_summary__7def09d1-d666-4e08-a6d4-213059a7ffe9__20260510T191513Z.json
2026,REG,7def09d1-d666-4e08-a6d4-213059a7ffe9,2026-05-10 01:00:00+00:00,3c409388-ab73-4c7f-953d-3a71062240f6,d54283cc-c5ec-4dbd-bb61-166f217e3864,0,7c9b7ef1-edd2-4f69-a627-f321d662365d,Skylar Diggins,True,True,True,32.78333333333333,32:47,21,11,7,1,2,2,12,8,5,3,34,game_summary__7def09d1-d666-4e08-a6d4-213059a7ffe9__20260510T191513Z.json
2026,REG,7def09d1-d666-4e08-a6d4-213059a7ffe9,2026-05-10 01:00:00+00:00,3c409388-ab73-4c7f-953d-3a71062240f6,d54283cc-c5ec-4dbd-bb61-166f217e3864,0,a1372723-dc8c-45c9-a160-890f80b985ab,Kamilla Cardoso,True,True,True,24.666666666666668,24:40,22,14,1,0,1,2,15,8,8,6,27,game_summary__7def09d1-d666-4e08-a6d4-213059a7ffe9__20260510T191513Z.json
2026,REG,7def09d1-d666-4e08-a6d4-213059a7ffe9,2026-05-10 01:00:00+00:00,3c409388-ab73-4c7f-953d-3a71062240f6,d54283cc-c5ec-4dbd-bb61-166f217e3864,0,ad6ab80c-ed57-44ed-aceb-4628b2b28ecf,Sydney Taylor,True,True,,4.033333333333333,4:02,0,0,0,0,0,0,3,0,0,0,-3,game_summary__7def09d1-d666-4e08-a6d4-213059a7ffe9__20260510T191513Z.json
2026,REG,7def09d1-d666-4e08-a6d4-213059a7ffe9,2026-05-10 01:00:00+00:00,3c409388-ab73-4c7f-953d-3a71062240f6,d54283cc-c5ec-4dbd-bb61-166f217e3864,0,b61f397f-0cb5-49db-9e88-f91991757203,Courtney Vandersloot,,,,0.0,00:00,0,0,0,0,0,0,0,0,0,0,0,game_summary__7def09d1-d666-4e08-a6d4-213059a7ffe9__20260510T191513Z.json
2026,REG,7def09d1-d666-4e08-a6d4-213059a7ffe9,2026-05-10 01:00:00+00:00,3c409388-ab73-4c7f-953d-3a71062240f6,d54283cc-c5ec-4dbd-bb61-166f217e3864,0,ba416583-7ac2-4156-b708-253712fcefe5,Rickea Jackson,True,True,True,35.733333333333334,35:44,19,7,3,0,1,3,14,5,10,8,16,game_summary__7def09d1-d666-4e08-a6d4-213059a7ffe9__20260510T191513Z.json
2026,REG,7def09d1-d666-4e08-a6d4-213059a7ffe9,2026-05-10 01:00:00+00:00,3c409388-ab73-4c7f-953d-3a71062240f6,d54283cc-c5ec-4dbd-bb61-166f217e3864,0,c8672dba-0deb-4cf1-8304-82365865edaa,Elizabeth Williams,True,True,,15.333333333333334,15:20,10,1,2,0,1,0,5,4,3,2,12,game_summary__7def09d1-d666-4e08-a6d4-213059a7ffe9__20260510T191513Z.json
2026,REG,7def09d1-d666-4e08-a6d4-213059a7ffe9,2026-05-10 01:00:00+00:00,3c409388-ab73-4c7f-953d-3a71062240f6,d54283cc-c5ec-4dbd-bb61-166f217e3864,0,d4c299a9-e271-4552-9ed2-2fc285c30362,DiJonai Carrington,,,,0.0,00:00,0,0,0,0,0,0,0,0,0,0,0,game_summary__7def09d1-d666-4e08-a6d4-213059a7ffe9__20260510T191513Z.json
2026,REG,7def09d1-d666-4e08-a6d4-213059a7ffe9,2026-05-10 01:00:00+00:00,3c409388-ab73-4c7f-953d-3a71062240f6,d54283cc-c5ec-4dbd-bb61-166f217e3864,0,f2c36797-b5c5-47a4-b073-43637c9794ef,Natasha Cloud,,,,0.0,00:00,0,0,0,0,0,0,0,0,0,0,0,game_summary__7def09d1-d666-4e08-a6d4-213059a7ffe9__20260510T191513Z.json
2026,REG,7def09d1-d666-4e08-a6d4-213059a7ffe9,2026-05-10 01:00:00+00:00,d54283cc-c5ec-4dbd-bb61-166f217e3864,3c409388-ab73-4c7f-953d-3a71062240f6,1,20bc3af4-52f9-4d5e-8247-2a62d77c143b,Sug Sutton,,,,0.0,00:00,0,0,0,0,0,0,0,0,0,0,0,game_summary__7def09d1-d666-4e08-a6d4-213059a7ffe9__20260510T191513Z.json
2026,REG,7def09d1-d666-4e08-a6d4-213059a7ffe9,2026-05-10 01:00:00+00:00,d54283cc-c5ec-4dbd-bb61-166f217e3864,3c409388-ab73-4c7f-953d-3a71062240f6,1,463dfac9-ee01-4fa5-ad71-32e335982ef3,Teja Oblak,,,,0.0,00:00,0,0,0,0,0,0,0,0,0,0,0,game_summary__7def09d1-d666-4e08-a6d4-213059a7ffe9__20260510T191513Z.json
2026,REG,7def09d1-d666-4e08-a6d4-213059a7ffe9,2026-05-10 01:00:00+00:00,d54283cc-c5ec-4dbd-bb61-166f217e3864,3c409388-ab73-4c7f-953d-3a71062240f6,1,51691b01-7acc-4673-ad60-64e8726a1b38,Carla Leite,True,True,True,28.516666666666666,28:31,18,3,3,0,0,1,11,3,12,11,14,game_summary__7def09d1-d666-4e08-a6d4-213059a7ffe9__20260510T191513Z.json
2026,REG,7def09d1-d666-4e08-a6d4-213059a7ffe9,2026-05-10 01:00:00+00:00,d54283cc-c5ec-4dbd-bb61-166f217e3864,3c409388-ab73-4c7f-953d-3a71062240f6,1,7aab70d6-2179-4389-a30e-e3da9c6a1713,Karlie Samuelson,,,,0.0,00:00,0,0,0,0,0,0,0,0,0,0,0,game_summary__7def09d1-d666-4e08-a6d4-213059a7ffe9__20260510T191513Z.json
2026,REG,7def09d1-d666-4e08-a6d4-213059a7ffe9,2026-05-10 01:00:00+00:00,d54283cc-c5ec-4dbd-bb61-166f217e3864,3c409388-ab73-4c7f-953d-3a71062240f6,1,7c76cfae-0b68-4449-9a96-73d271fbc32e,Emily Engstler,True,True,True,23.316666666666666,23:19,4,2,2,1,3,3,6,2,0,0,5,game_summary__7def09d1-d666-4e08-a6d4-213059a7ffe9__20260510T191513Z.json
2026,REG,7def09d1-d666-4e08-a6d4-213059a7ffe9,2026-05-10 01:00:00+00:00,d54283cc-c5ec-4dbd-bb61-166f217e3864,3c409388-ab73-4c7f-953d-3a71062240f6,1,7c97d5bc-1718-4284-9d85-87f2f1b23eec,Haley Jones,True,True,,6.5,6:30,4,0,0,0,0,0,3,2,0,0,3,game_summary__7def09d1-d666-4e08-a6d4-213059a7ffe9__20260510T191513Z.json
2026,REG,7def09d1-d666-4e08-a6d4-213059a7ffe9,2026-05-10 01:00:00+00:00,d54283cc-c5ec-4dbd-bb61-166f217e3864,3c409388-ab73-4c7f-953d-3a71062240f6,1,8c94ae8d-4431-4e6b-98c6-dcd812ba76c8,Megan Gustafson,True,True,,13.616666666666667,13:37,10,1,1,0,0,1,6,4,2,0,7,game_summary__7def09d1-d666-4e08-a6d4-213059a7ffe9__20260510T191513Z.json
2026,REG,7def09d1-d666-4e08-a6d4-213059a7ffe9,2026-05-10 01:00:00+00:00,d54283cc-c5ec-4dbd-bb61-166f217e3864,3c409388-ab73-4c7f-953d-3a71062240f6,1,96790d35-becb-4099-b2e1-3912feb1881e,Luisa Geiselsoder,True,True,True,25.066666666666666,25:04,8,7,3,0,2,0,10,2,3,3,12,game_summary__7def09d1-d666-4e08-a6d4-213059a7ffe9__20260510T191513Z.json
2026,REG,7def09d1-d666-4e08-a6d4-213059a7ffe9,2026-05-10 01:00:00+00:00,d54283cc-c5ec-4dbd-bb61-166f217e3864,3c409388-ab73-4c7f-953d-3a71062240f6,1,aafd4205-4c8c-43ad-b216-d6ea01b9e566,Jordan Harrison,True,True,,11.483333333333333,11:29,4,0,4,0,0,2,6,2,0,0,2,game_summary__7def09d1-d666-4e08-a6d4-213059a7ffe9__20260510T191513Z.json
2026,REG,7def09d1-d666-4e08-a6d4-213059a7ffe9,2026-05-10 01:00:00+00:00,d54283cc-c5ec-4dbd-bb61-166f217e3864,3c409388-ab73-4c7f-953d-3a71062240f6,1,ad94ac04-5ef4-4460-9d1b-a2385d58c1b2,Frieda Buhner,True,True,,12.833333333333334,12:50,4,3,0,0,0,0,4,2,0,0,5,game_summary__7def09d1-d666-4e08-a6d4-213059a7ffe9__20260510T191513Z.json
2026,REG,7def09d1-d666-4e08-a6d4-213059a7ffe9,2026-05-10 01:00:00+00:00,d54283cc-c5ec-4dbd-bb61-166f217e3864,3c409388-ab73-4c7f-953d-3a71062240f6,1,d8df74ae-9911-43cb-9ae4-a6949093942a,Kamiah Smalls,,,,0.0,00:00,0,0,0,0,0,0,0,0,0,0,0,game_summary__7def09d1-d666-4e08-a6d4-213059a7ffe9__20260510T191513Z.json
2026,REG,7def09d1-d666-4e08-a6d4-213059a7ffe9,2026-05-10 01:00:00+00:00,d54283cc-c5ec-4dbd-bb61-166f217e3864,3c409388-ab73-4c7f-953d-3a71062240f6,1,e5e663cc-e8a5-4393-8072-2931cb8f0d52,Sarah Ashlee Barker,True,True,,23.566666666666666,23:34,13,4,0,1,1,1,9,6,0,0,15,game_summary__7def09d1-d666-4e08-a6d4-213059a7ffe9__20260510T191513Z.json
2026,REG,7def09d1-d666-4e08-a6d4-213059a7ffe9,2026-05-10 01:00:00+00:00,d54283cc-c5ec-4dbd-bb61-166f217e3864,3c409388-ab73-4c7f-953d-3a71062240f6,1,f41354b6-c59e-4f29-abf3-f3cff87ed231,Bridget Carleton,True,True,True,30.383333333333333,30:23,13,1,4,1,1,0,10,4,3,2,13,game_summary__7def09d1-d666-4e08-a6d4-213059a7ffe9__20260510T191513Z.json
2026,REG,7def09d1-d666-4e08-a6d4-213059a7ffe9,2026-05-10 01:00:00+00:00,d54283cc-c5ec-4dbd-bb61-166f217e3864,3c409388-ab73-4c7f-953d-3a71062240f6,1,f5316afb-9d4e-4bf6-bf83-92cedcfc57f0,Serah Williams,True,True,,7.983333333333333,7:59,0,2,1,0,0,0,3,0,0,0,0,game_summary__7def09d1-d666-4e08-a6d4-213059a7ffe9__20260510T191513Z.json
2026,REG,7def09d1-d666-4e08-a6d4-213059a7ffe9,2026-05-10 01:00:00+00:00,d54283cc-c5ec-4dbd-bb61-166f217e3864,3c409388-ab73-4c7f-953d-3a71062240f6,1,f7faa479-7be2-4164-8db9-68ab603c1ae0,Nyadiew Puoch,True,True,True,16.75,16:45,5,1,2,3,0,0,3,2,0,0,10,game_summary__7def09d1-d666-4e08-a6d4-213059a7ffe9__20260510T191513Z.json
2026,REG,235de568-8156-4dd4-835a-b696ff560f45,2026-05-10 17:00:00+00:00,a015b02d-845c-40c1-8ef4-844984f47e4d,d6a012ed-84aa-48d3-8265-2d3f3ff2199a,1,0003bc97-5b5c-48dd-b622-5b898b2ead4f,Saniya Rivers,True,True,True,19.75,19:45,2,1,3,0,0,2,8,1,0,0,-3,game_summary__235de568-8156-4dd4-835a-b696ff560f45__20260510T193916Z.json
2026,REG,235de568-8156-4dd4-835a-b696ff560f45,2026-05-10 17:00:00+00:00,a015b02d-845c-40c1-8ef4-844984f47e4d,d6a012ed-84aa-48d3-8265-2d3f3ff2199a,1,03e541cb-d11c-4975-b656-f6e7febcda7d,Brittney Griner,True,True,True,27.883333333333333,27:53,16,6,0,2,0,2,11,6,4,4,17,game_summary__235de568-8156-4dd4-835a-b696ff560f45__20260510T193916Z.json
2026,REG,235de568-8156-4dd4-835a-b696ff560f45,2026-05-10 17:00:00+00:00,a015b02d-845c-40c1-8ef4-844984f47e4d,d6a012ed-84aa-48d3-8265-2d3f3ff2199a,1,066514fe-5d28-45e4-9e9c-5071dfe23583,Charlisse Leger-Walker,True,True,True,20.383333333333333,20:23,6,2,2,1,0,1,6,2,2,2,6,game_summary__235de568-8156-4dd4-835a-b696ff560f45__20260510T193916Z.json
2026,REG,235de568-8156-4dd4-835a-b696ff560f45,2026-05-10 17:00:00+00:00,a015b02d-845c-40c1-8ef4-844984f47e4d,d6a012ed-84aa-48d3-8265-2d3f3ff2199a,1,06e88c3f-715d-41b2-9aee-6a013a37565f,Kennedy Burke,True,True,True,33.56666666666667,33:34,12,6,5,0,2,5,11,3,6,4,10,game_summary__235de568-8156-4dd4-835a-b696ff560f45__20260510T193916Z.json
2026,REG,235de568-8156-4dd4-835a-b696ff560f45,2026-05-10 17:00:00+00:00,a015b02d-845c-40c1-8ef4-844984f47e4d,d6a012ed-84aa-48d3-8265-2d3f3ff2199a,1,2044241a-66b0-4ae0-a7cb-d36b9fb15a65,Ashlon Jackson,,True,,0.0,00:00,0,0,0,0,0,0,0,0,0,0,0,game_summary__235de568-8156-4dd4-835a-b696ff560f45__20260510T193916Z.json
2026,REG,235de568-8156-4dd4-835a-b696ff560f45,2026-05-10 17:00:00+00:00,a015b02d-845c-40c1-8ef4-844984f47e4d,d6a012ed-84aa-48d3-8265-2d3f3ff2199a,1,2f1df065-07de-478f-9b37-76546561d8c2,Aaliyah Edwards,,True,,0.0,00:00,0,0,0,0,0,0,0,0,0,0,0,game_summary__235de568-8156-4dd4-835a-b696ff560f45__20260510T193916Z.json
2026,REG,235de568-8156-4dd4-835a-b696ff560f45,2026-05-10 17:00:00+00:00,a015b02d-845c-40c1-8ef4-844984f47e4d,d6a012ed-84aa-48d3-8265-2d3f3ff2199a,1,426e2359-cd19-458b-8591-874c47a7f6ec,Hailey Van Lith,True,True,,20.233333333333334,20:14,9,3,4,1,0,1,8,4,0,0,12,game_summary__235de568-8156-4dd4-835a-b696ff560f45__20260510T193916Z.json
2026,REG,235de568-8156-4dd4-835a-b696ff560f45,2026-05-10 17:00:00+00:00,a015b02d-845c-40c1-8ef4-844984f47e4d,d6a012ed-84aa-48d3-8265-2d3f3ff2199a,1,4e06c8c0-311c-4c8f-a6ef-3ef78200c823,Aneesah Morrow,True,True,,31.4,31:24,17,16,1,1,0,2,15,7,2,0,23,game_summary__235de568-8156-4dd4-835a-b696ff560f45__20260510T193916Z.json
2026,REG,235de568-8156-4dd4-835a-b696ff560f45,2026-05-10 17:00:00+00:00,a015b02d-845c-40c1-8ef4-844984f47e4d,d6a012ed-84aa-48d3-8265-2d3f3ff2199a,1,782a5034-334b-48e8-a7a8-931296f40c06,Shey Peddy,,True,,0.0,00:00,0,0,0,0,0,0,0,0,0,0,0,game_summary__235de568-8156-4dd4-835a-b696ff560f45__20260510T193916Z.json
2026,REG,235de568-8156-4dd4-835a-b696ff560f45,2026-05-10 17:00:00+00:00,a015b02d-845c-40c1-8ef4-844984f47e4d,d6a012ed-84aa-48d3-8265-2d3f3ff2199a,1,95b09658-91ce-423b-b4c9-3c90dfb3a73a,Raegan Beers,,True,,0.0,00:00,0,0,0,0,0,0,0,0,0,0,0,game_summary__235de568-8156-4dd4-835a-b696ff560f45__20260510T193916Z.json
2026,REG,235de568-8156-4dd4-835a-b696ff560f45,2026-05-10 17:00:00+00:00,a015b02d-845c-40c1-8ef4-844984f47e4d,d6a012ed-84aa-48d3-8265-2d3f3ff2199a,1,a4610f86-6674-4893-9a2a-bcbcf77d5650,Olivia Nelson-Ododa,True,True,,12.133333333333333,12:08,5,1,1,1,1,1,2,2,2,1,7,game_summary__235de568-8156-4dd4-835a-b696ff560f45__20260510T193916Z.json
2026,REG,235de568-8156-4dd4-835a-b696ff560f45,2026-05-10 17:00:00+00:00,a015b02d-845c-40c1-8ef4-844984f47e4d,d6a012ed-84aa-48d3-8265-2d3f3ff2199a,1,af29f820-e5c3-494b-baf3-9a8ee2ea1d53,Gianna Kneepkens,True,True,,7.966666666666667,7:58,2,1,1,0,0,0,2,1,0,0,3,game_summary__235de568-8156-4dd4-835a-b696ff560f45__20260510T193916Z.json
2026,REG,235de568-8156-4dd4-835a-b696ff560f45,2026-05-10 17:00:00+00:00,a015b02d-845c-40c1-8ef4-844984f47e4d,d6a012ed-84aa-48d3-8265-2d3f3ff2199a,1,d851048b-0415-4678-9f9a-f49cc03ae802,Diamond Miller,True,True,True,26.7,26:42,13,5,1,1,0,2,10,3,6,5,10,game_summary__235de568-8156-4dd4-835a-b696ff560f45__20260510T193916Z.json
2026,REG,235de568-8156-4dd4-835a-b696ff560f45,2026-05-10 17:00:00+00:00,d6a012ed-84aa-48d3-8265-2d3f3ff2199a,a015b02d-845c-40c1-8ef4-844984f47e4d,0,0add970b-86eb-4149-aac2-5a03664938bc,Zia Cooke,True,True,,12.15,12:09,4,1,0,1,0,1,6,1,2,1,-1,game_summary__235de568-8156-4dd4-835a-b696ff560f45__20260510T193916Z.json
2026,REG,235de568-8156-4dd4-835a-b696ff560f45,2026-05-10 17:00:00+00:00,d6a012ed-84aa-48d3-8265-2d3f3ff2199a,a015b02d-845c-40c1-8ef4-844984f47e4d,0,155215e8-3e76-49cd-b00a-e0d9a124ec7f,Lexie Brown,True,True,,21.066666666666666,21:04,17,0,1,0,1,0,7,6,0,0,18,game_summary__235de568-8156-4dd4-835a-b696ff560f45__20260510T193916Z.json
2026,REG,235de568-8156-4dd4-835a-b696ff560f45,2026-05-10 17:00:00+00:00,d6a012ed-84aa-48d3-8265-2d3f3ff2199a,a015b02d-845c-40c1-8ef4-844984f47e4d,0,1ca0768c-fd19-41ec-b047-0df6312376c6,Grace Vanslooten,True,True,,10.0,10:00,5,2,0,1,0,0,2,2,0,0,8,game_summary__235de568-8156-4dd4-835a-b696ff560f45__20260510T193916Z.json
2026,REG,235de568-8156-4dd4-835a-b696ff560f45,2026-05-10 17:00:00+00:00,d6a012ed-84aa-48d3-8265-2d3f3ff2199a,a015b02d-845c-40c1-8ef4-844984f47e4d,0,29a8b1d2-db3b-4035-a635-9d559bc51a8a,Katie Lou Samuelson,,True,,0.0,00:00,0,0,0,0,0,0,0,0,0,0,0,game_summary__235de568-8156-4dd4-835a-b696ff560f45__20260510T193916Z.json
2026,REG,235de568-8156-4dd4-835a-b696ff560f45,2026-05-10 17:00:00+00:00,d6a012ed-84aa-48d3-8265-2d3f3ff2199a,a015b02d-845c-40c1-8ef4-844984f47e4d,0,3f194c01-8933-4160-928b-93c416002d6f,Jade Melbourne,True,True,,23.166666666666668,23:10,15,1,6,1,1,1,7,4,11,6,15,game_summary__235de568-8156-4dd4-835a-b696ff560f45__20260510T193916Z.json
2026,REG,235de568-8156-4dd4-835a-b696ff560f45,2026-05-10 17:00:00+00:00,d6a012ed-84aa-48d3-8265-2d3f3ff2199a,a015b02d-845c-40c1-8ef4-844984f47e4d,0,43135c04-f4c8-490d-ad59-0eb2e9f2f6cf,Natisha Hiedeman,True,True,True,25.5,25:30,11,2,3,1,0,4,10,5,2,1,7,game_summary__235de568-8156-4dd4-835a-b696ff560f45__20260510T193916Z.json
2026,REG,235de568-8156-4dd4-835a-b696ff560f45,2026-05-10 17:00:00+00:00,d6a012ed-84aa-48d3-8265-2d3f3ff2199a,a015b02d-845c-40c1-8ef4-844984f47e4d,0,5a356464-d9e8-454a-9d3b-7c8825266243,Mackenzie Holmes,True,True,,22.633333333333333,22:38,5,6,2,0,1,1,6,2,0,0,9,game_summary__235de568-8156-4dd4-835a-b696ff560f45__20260510T193916Z.json
2026,REG,235de568-8156-4dd4-835a-b696ff560f45,2026-05-10 17:00:00+00:00,d6a012ed-84aa-48d3-8265-2d3f3ff2199a,a015b02d-845c-40c1-8ef4-844984f47e4d,0,776e2238-8340-4425-ab90-ba69e1bc7441,Stefanie Dolson,True,True,True,20.883333333333333,20:53,6,4,0,0,0,1,3,1,4,4,7,game_summary__235de568-8156-4dd4-835a-b696ff560f45__20260510T193916Z.json
2026,REG,235de568-8156-4dd4-835a-b696ff560f45,2026-05-10 17:00:00+00:00,d6a012ed-84aa-48d3-8265-2d3f3ff2199a,a015b02d-845c-40c1-8ef4-844984f47e4d,0,7ff950fc-3872-4d7c-84ce-db06ebe42123,Ezi Magbegor,,True,,0.0,00:00,0,0,0,0,0,0,0,0,0,0,0,game_summary__235de568-8156-4dd4-835a-b696ff560f45__20260510T193916Z.json
2026,REG,235de568-8156-4dd4-835a-b696ff560f45,2026-05-10 17:00:00+00:00,d6a012ed-84aa-48d3-8265-2d3f3ff2199a,a015b02d-845c-40c1-8ef4-844984f47e4d,0,a27cebb1-287d-49b0-b023-179e2c37843f,Dominique Malonga,True,True,True,19.6,19:36,6,7,0,2,3,2,6,2,2,2,12,game_summary__235de568-8156-4dd4-835a-b696ff560f45__20260510T193916Z.json
2026,REG,235de568-8156-4dd4-835a-b696ff560f45,2026-05-10 17:00:00+00:00,d6a012ed-84aa-48d3-8265-2d3f3ff2199a,a015b02d-845c-40c1-8ef4-844984f47e4d,0,c68b8f7d-ba79-4e56-bb0f-fc44688e722c,Taina Mair,,True,,0.0,00:00,0,0,0,0,0,0,0,0,0,0,0,game_summary__235de568-8156-4dd4-835a-b696ff560f45__20260510T193916Z.json
2026,REG,235de568-8156-4dd4-835a-b696ff560f45,2026-05-10 17:00:00+00:00,d6a012ed-84aa-48d3-8265-2d3f3ff2199a,a015b02d-845c-40c1-8ef4-844984f47e4d,0,e6959e8f-c586-4eae-bbc9-edd761e78321,Jordan Horston,True,True,True,15.283333333333333,15:17,4,3,1,1,1,3,4,1,2,2,4,game_summary__235de568-8156-4dd4-835a-b696ff560f45__20260510T193916Z.json
2026,REG,235de568-8156-4dd4-835a-b696ff560f45,2026-05-10 17:00:00+00:00,d6a012ed-84aa-48d3-8265-2d3f3ff2199a,a015b02d-845c-40c1-8ef4-844984f47e4d,0,fa9a0ec0-608d-497c-bb66-864691e4f5d0,Flau'jae Johnson,True,True,True,29.716666666666665,29:43,16,6,1,3,1,1,10,3,10,9,18,game_summary__235de568-8156-4dd4-835a-b696ff560f45__20260510T193916Z.json
2026,REG,1ef40916-c578-4316-b5d3-6c626d6dd895,2026-05-10 19:00:00+00:00,08ed8274-e29f-4248-bc2e-83cc8ed18d75,5c0d47fe-8539-47b0-9f36-d0b3609ca89b,0,15f0b384-7c91-463e-9ae8-fa73d549f23a,Julie Vanloo,True,True,,13.333333333333334,13:20,3,1,2,0,0,2,3,1,0,0,2,game_summary__1ef40916-c578-4316-b5d3-6c626d6dd895__20260511T015058Z.json
2026,REG,1ef40916-c578-4316-b5d3-6c626d6dd895,2026-05-10 19:00:00+00:00,08ed8274-e29f-4248-bc2e-83cc8ed18d75,5c0d47fe-8539-47b0-9f36-d0b3609ca89b,0,2199ae2c-7588-4610-9deb-a1b5e8025d43,Sabrina Ionescu,,True,,0.0,00:00,0,0,0,0,0,0,0,0,0,0,0,game_summary__1ef40916-c578-4316-b5d3-6c626d6dd895__20260511T015058Z.json
2026,REG,1ef40916-c578-4316-b5d3-6c626d6dd895,2026-05-10 19:00:00+00:00,08ed8274-e29f-4248-bc2e-83cc8ed18d75,5c0d47fe-8539-47b0-9f36-d0b3609ca89b,0,357ea521-789b-4d23-a7ad-f4f539c0d824,Satou Sabally,,True,,0.0,00:00,0,0,0,0,0,0,0,0,0,0,0,game_summary__1ef40916-c578-4316-b5d3-6c626d6dd895__20260511T015058Z.json
2026,REG,1ef40916-c578-4316-b5d3-6c626d6dd895,2026-05-10 19:00:00+00:00,08ed8274-e29f-4248-bc2e-83cc8ed18d75,5c0d47fe-8539-47b0-9f36-d0b3609ca89b,0,3d0a61e8-8f8f-48a8-bfa3-d9c3171c819f,Betnijah Laney-Hamilton,True,True,True,25.233333333333334,25:14,3,2,0,0,1,0,0,0,4,3,5,game_summary__1ef40916-c578-4316-b5d3-6c626d6dd895__20260511T015058Z.json
2026,REG,1ef40916-c578-4316-b5d3-6c626d6dd895,2026-05-10 19:00:00+00:00,08ed8274-e29f-4248-bc2e-83cc8ed18d75,5c0d47fe-8539-47b0-9f36-d0b3609ca89b,0,6fa763e6-846f-4f9d-a4ce-256d8b328424,Breanna Stewart,True,True,True,38.666666666666664,38:40,23,9,4,2,2,4,23,9,4,4,22,game_summary__1ef40916-c578-4316-b5d3-6c626d6dd895__20260511T015058Z.json
2026,REG,1ef40916-c578-4316-b5d3-6c626d6dd895,2026-05-10 19:00:00+00:00,08ed8274-e29f-4248-bc2e-83cc8ed18d75,5c0d47fe-8539-47b0-9f36-d0b3609ca89b,0,89e9800d-9af2-4b27-b6b6-835816bc2d3d,Marine Johannes,True,True,True,37.38333333333333,37:23,25,1,2,2,0,3,15,8,5,3,18,game_summary__1ef40916-c578-4316-b5d3-6c626d6dd895__20260511T015058Z.json
2026,REG,1ef40916-c578-4316-b5d3-6c626d6dd895,2026-05-10 19:00:00+00:00,08ed8274-e29f-4248-bc2e-83cc8ed18d75,5c0d47fe-8539-47b0-9f36-d0b3609ca89b,0,8a438358-fbe0-4797-921f-add82eddf789,Jonquel Jones,True,True,True,24.2,24:12,13,8,2,0,1,3,8,3,7,6,15,game_summary__1ef40916-c578-4316-b5d3-6c626d6dd895__20260511T015058Z.json
2026,REG,1ef40916-c578-4316-b5d3-6c626d6dd895,2026-05-10 19:00:00+00:00,08ed8274-e29f-4248-bc2e-83cc8ed18d75,5c0d47fe-8539-47b0-9f36-d0b3609ca89b,0,9848c81d-efc7-4927-bc18-98fd0e50c761,Rebecca Allen,,True,,0.0,00:00,0,0,0,0,0,0,0,0,0,0,0,game_summary__1ef40916-c578-4316-b5d3-6c626d6dd895__20260511T015058Z.json
2026,REG,1ef40916-c578-4316-b5d3-6c626d6dd895,2026-05-10 19:00:00+00:00,08ed8274-e29f-4248-bc2e-83cc8ed18d75,5c0d47fe-8539-47b0-9f36-d0b3609ca89b,0,98768736-66ba-4dc9-b3f7-611a62d51106,Aubrey Griffin,True,True,,0.25,00:15,0,0,0,0,0,0,0,0,0,0,0,game_summary__1ef40916-c578-4316-b5d3-6c626d6dd895__20260511T015058Z.json
2026,REG,1ef40916-c578-4316-b5d3-6c626d6dd895,2026-05-10 19:00:00+00:00,08ed8274-e29f-4248-bc2e-83cc8ed18d75,5c0d47fe-8539-47b0-9f36-d0b3609ca89b,0,98fff88c-a6ac-48fd-a586-46fa33c7c25e,Pauline Astier,True,True,True,34.983333333333334,34:59,18,5,7,2,0,2,10,6,7,6,25,game_summary__1ef40916-c578-4316-b5d3-6c626d6dd895__20260511T015058Z.json
2026,REG,1ef40916-c578-4316-b5d3-6c626d6dd895,2026-05-10 19:00:00+00:00,08ed8274-e29f-4248-bc2e-83cc8ed18d75,5c0d47fe-8539-47b0-9f36-d0b3609ca89b,0,c18a5bbc-64df-4171-b4fd-c4413dd10651,Rebekah Gardner,True,True,,25.433333333333334,25:26,9,3,2,0,0,1,5,4,1,1,12,game_summary__1ef40916-c578-4316-b5d3-6c626d6dd895__20260511T015058Z.json
2026,REG,1ef40916-c578-4316-b5d3-6c626d6dd895,2026-05-10 19:00:00+00:00,08ed8274-e29f-4248-bc2e-83cc8ed18d75,5c0d47fe-8539-47b0-9f36-d0b3609ca89b,0,dffaa225-77d7-4b0d-8cc0-a80543a14033,Marine Fauthoux,,True,,0.0,00:00,0,0,0,0,0,0,0,0,0,0,0,game_summary__1ef40916-c578-4316-b5d3-6c626d6dd895__20260511T015058Z.json
2026,REG,1ef40916-c578-4316-b5d3-6c626d6dd895,2026-05-10 19:00:00+00:00,08ed8274-e29f-4248-bc2e-83cc8ed18d75,5c0d47fe-8539-47b0-9f36-d0b3609ca89b,0,edd9c4c3-c8d4-4513-aeca-c70df44bd6ee,Han Xu,True,True,,25.516666666666666,25:31,4,5,0,1,1,0,5,2,0,0,8,game_summary__1ef40916-c578-4316-b5d3-6c626d6dd895__20260511T015058Z.json
2026,REG,1ef40916-c578-4316-b5d3-6c626d6dd895,2026-05-10 19:00:00+00:00,5c0d47fe-8539-47b0-9f36-d0b3609ca89b,08ed8274-e29f-4248-bc2e-83cc8ed18d75,1,02cb88c5-7e72-4e85-a930-eb9da814db71,Angela Dugalic,True,True,,10.416666666666666,10:25,5,2,0,1,0,0,4,2,2,0,4,game_summary__1ef40916-c578-4316-b5d3-6c626d6dd895__20260511T015058Z.json
2026,REG,1ef40916-c578-4316-b5d3-6c626d6dd895,2026-05-10 19:00:00+00:00,5c0d47fe-8539-47b0-9f36-d0b3609ca89b,08ed8274-e29f-4248-bc2e-83cc8ed18d75,1,058cc518-ed77-4c82-9680-9e64bba2f626,Lauren Betts,True,True,,18.4,18:24,7,2,1,0,1,0,7,3,2,1,6,game_summary__1ef40916-c578-4316-b5d3-6c626d6dd895__20260511T015058Z.json
2026,REG,1ef40916-c578-4316-b5d3-6c626d6dd895,2026-05-10 19:00:00+00:00,5c0d47fe-8539-47b0-9f36-d0b3609ca89b,08ed8274-e29f-4248-bc2e-83cc8ed18d75,1,15b29fa3-09c7-4a75-83d2-ee2232745392,Cassandre Prosper,True,True,True,27.5,27:30,8,3,0,1,0,0,9,4,0,0,7,game_summary__1ef40916-c578-4316-b5d3-6c626d6dd895__20260511T015058Z.json
2026,REG,1ef40916-c578-4316-b5d3-6c626d6dd895,2026-05-10 19:00:00+00:00,5c0d47fe-8539-47b0-9f36-d0b3609ca89b,08ed8274-e29f-4248-bc2e-83cc8ed18d75,1,18d3a6ec-6865-47c0-a4b3-b5a8687ad49e,Alex Wilson,True,True,,23.766666666666666,23:46,5,4,2,0,0,2,9,2,0,0,2,game_summary__1ef40916-c578-4316-b5d3-6c626d6dd895__20260511T015058Z.json
2026,REG,1ef40916-c578-4316-b5d3-6c626d6dd895,2026-05-10 19:00:00+00:00,5c0d47fe-8539-47b0-9f36-d0b3609ca89b,08ed8274-e29f-4248-bc2e-83cc8ed18d75,1,26c2f575-8b8d-44de-a3ca-ccbfac38b598,Cotie McMahon,,True,,0.0,00:00,0,0,0,0,0,0,0,0,0,0,0,game_summary__1ef40916-c578-4316-b5d3-6c626d6dd895__20260511T015058Z.json
2026,REG,1ef40916-c578-4316-b5d3-6c626d6dd895,2026-05-10 19:00:00+00:00,5c0d47fe-8539-47b0-9f36-d0b3609ca89b,08ed8274-e29f-4248-bc2e-83cc8ed18d75,1,4945c3b5-f536-470c-8f2b-76568b59fe52,Kiki Iriafen,True,True,True,27.8,27:48,20,12,3,1,0,2,13,7,7,6,27,game_summary__1ef40916-c578-4316-b5d3-6c626d6dd895__20260511T015058Z.json
2026,REG,1ef40916-c578-4316-b5d3-6c626d6dd895,2026-05-10 19:00:00+00:00,5c0d47fe-8539-47b0-9f36-d0b3609ca89b,08ed8274-e29f-4248-bc2e-83cc8ed18d75,1,4d70f9da-972d-4903-b9e5-d4d4aaa0a91d,Michaela Onyenwere,,True,,0.0,00:00,0,0,0,0,0,0,0,0,0,0,0,game_summary__1ef40916-c578-4316-b5d3-6c626d6dd895__20260511T015058Z.json
2026,REG,1ef40916-c578-4316-b5d3-6c626d6dd895,2026-05-10 19:00:00+00:00,5c0d47fe-8539-47b0-9f36-d0b3609ca89b,08ed8274-e29f-4248-bc2e-83cc8ed18d75,1,4e5370b1-4813-4e01-914e-e7f4a00ba565,Sonia Citron,True,True,True,35.93333333333333,35:56,17,5,2,2,0,2,12,4,10,9,15,game_summary__1ef40916-c578-4316-b5d3-6c626d6dd895__20260511T015058Z.json
2026,REG,1ef40916-c578-4316-b5d3-6c626d6dd895,2026-05-10 19:00:00+00:00,5c0d47fe-8539-47b0-9f36-d0b3609ca89b,08ed8274-e29f-4248-bc2e-83cc8ed18d75,1,54e15980-ce12-4c08-893f-f19a8c57be49,Lucy Olsen,True,True,,4.75,4:45,5,0,1,0,0,0,2,2,0,0,6,game_summary__1ef40916-c578-4316-b5d3-6c626d6dd895__20260511T015058Z.json
2026,REG,1ef40916-c578-4316-b5d3-6c626d6dd895,2026-05-10 19:00:00+00:00,5c0d47fe-8539-47b0-9f36-d0b3609ca89b,08ed8274-e29f-4248-bc2e-83cc8ed18d75,1,58456ac4-0f93-4ffd-a6b4-52495df0a69f,Rori Harmon,True,True,,21.7,21:42,3,3,4,1,0,5,3,1,0,0,4,game_summary__1ef40916-c578-4316-b5d3-6c626d6dd895__20260511T015058Z.json
2026,REG,1ef40916-c578-4316-b5d3-6c626d6dd895,2026-05-10 19:00:00+00:00,5c0d47fe-8539-47b0-9f36-d0b3609ca89b,08ed8274-e29f-4248-bc2e-83cc8ed18d75,1,757cdede-a858-4dfd-8089-a3d72ecd82c5,Alicia Florez Getino,,True,,0.0,00:00,0,0,0,0,0,0,0,0,0,0,0,game_summary__1ef40916-c578-4316-b5d3-6c626d6dd895__20260511T015058Z.json
2026,REG,1ef40916-c578-4316-b5d3-6c626d6dd895,2026-05-10 19:00:00+00:00,5c0d47fe-8539-47b0-9f36-d0b3609ca89b,08ed8274-e29f-4248-bc2e-83cc8ed18d75,1,7709c3e4-3fcb-4483-95b5-ba433eab864a,Georgia Amoore,True,True,True,21.366666666666667,21:22,7,1,7,1,0,1,8,3,0,0,10,game_summary__1ef40916-c578-4316-b5d3-6c626d6dd895__20260511T015058Z.json
2026,REG,1ef40916-c578-4316-b5d3-6c626d6dd895,2026-05-10 19:00:00+00:00,5c0d47fe-8539-47b0-9f36-d0b3609ca89b,08ed8274-e29f-4248-bc2e-83cc8ed18d75,1,a8e64df8-bd27-4c28-94c9-7c1c370960dc,Shakira Austin,True,True,True,33.38333333333333,33:23,16,10,4,0,0,1,13,6,8,4,18,game_summary__1ef40916-c578-4316-b5d3-6c626d6dd895__20260511T015058Z.json
2026,REG,1ef40916-c578-4316-b5d3-6c626d6dd895,2026-05-10 19:00:00+00:00,5c0d47fe-8539-47b0-9f36-d0b3609ca89b,08ed8274-e29f-4248-bc2e-83cc8ed18d75,1,ec5e3e73-1818-4cf2-a5d4-f9ea7ca6fb32,Darianna Littlepage-Buggs,,True,,0.0,00:00,0,0,0,0,0,0,0,0,0,0,0,game_summary__1ef40916-c578-4316-b5d3-6c626d6dd895__20260511T015058Z.json
2026,REG,9de17155-e91b-435c-855e-11c202996f68,2026-05-10 22:00:00+00:00,0a5ad38d-2fe3-43ba-894b-1ba3d5042ea9,171b097d-01db-4ae8-9d56-035689402ec6,1,01c9d25e-20dd-4a11-8571-cbdff67d4608,Sania Feagin,True,True,,2.9833333333333334,2:59,0,0,0,0,0,0,0,0,0,0,0,game_summary__9de17155-e91b-435c-855e-11c202996f68__20260511T015100Z.json
2026,REG,9de17155-e91b-435c-855e-11c202996f68,2026-05-10 22:00:00+00:00,0a5ad38d-2fe3-43ba-894b-1ba3d5042ea9,171b097d-01db-4ae8-9d56-035689402ec6,1,074ec352-4d5a-49ac-80ba-e17d29f4995a,Ta'Niya Latson,True,True,,4.7,4:42,2,1,0,0,0,1,1,1,0,0,2,game_summary__9de17155-e91b-435c-855e-11c202996f68__20260511T015100Z.json
2026,REG,9de17155-e91b-435c-855e-11c202996f68,2026-05-10 22:00:00+00:00,0a5ad38d-2fe3-43ba-894b-1ba3d5042ea9,171b097d-01db-4ae8-9d56-035689402ec6,1,17346063-d768-4dbc-8e6e-a1123f76d87c,Chance Gray,True,True,,7.966666666666667,7:58,0,1,1,0,0,0,2,0,0,0,0,game_summary__9de17155-e91b-435c-855e-11c202996f68__20260511T015100Z.json
2026,REG,9de17155-e91b-435c-855e-11c202996f68,2026-05-10 22:00:00+00:00,0a5ad38d-2fe3-43ba-894b-1ba3d5042ea9,171b097d-01db-4ae8-9d56-035689402ec6,1,1cca5ba9-8ddb-4029-969a-a5768993a0dd,Emma Cannon,True,True,,1.8666666666666667,1:52,3,0,0,0,0,2,1,1,0,0,1,game_summary__9de17155-e91b-435c-855e-11c202996f68__20260511T015100Z.json
2026,REG,9de17155-e91b-435c-855e-11c202996f68,2026-05-10 22:00:00+00:00,0a5ad38d-2fe3-43ba-894b-1ba3d5042ea9,171b097d-01db-4ae8-9d56-035689402ec6,1,1e3a3b1c-7ddb-47bc-896d-536ca782d90d,Jihyun Park,True,True,,1.8666666666666667,1:52,0,0,0,0,0,0,1,0,0,0,-1,game_summary__9de17155-e91b-435c-855e-11c202996f68__20260511T015100Z.json
2026,REG,9de17155-e91b-435c-855e-11c202996f68,2026-05-10 22:00:00+00:00,0a5ad38d-2fe3-43ba-894b-1ba3d5042ea9,171b097d-01db-4ae8-9d56-035689402ec6,1,28361fd5-c935-4025-a709-2c488f53ed8c,Erica Wheeler,True,True,,18.0,18:00,2,1,1,3,0,0,11,1,0,0,-3,game_summary__9de17155-e91b-435c-855e-11c202996f68__20260511T015100Z.json
2026,REG,9de17155-e91b-435c-855e-11c202996f68,2026-05-10 22:00:00+00:00,0a5ad38d-2fe3-43ba-894b-1ba3d5042ea9,171b097d-01db-4ae8-9d56-035689402ec6,1,2861dedc-439b-4fbb-bc50-1873b498dc52,Ariel Atkins,True,True,True,31.75,31:45,8,4,3,3,0,3,12,3,2,2,6,game_summary__9de17155-e91b-435c-855e-11c202996f68__20260511T015100Z.json
2026,REG,9de17155-e91b-435c-855e-11c202996f68,2026-05-10 22:00:00+00:00,0a5ad38d-2fe3-43ba-894b-1ba3d5042ea9,171b097d-01db-4ae8-9d56-035689402ec6,1,2950ae7e-044f-4580-9c18-1593aa3ff48e,Rae Burrell,True,True,True,28.0,28:00,5,3,1,1,0,2,6,2,0,0,4,game_summary__9de17155-e91b-435c-855e-11c202996f68__20260511T015100Z.json
2026,REG,9de17155-e91b-435c-855e-11c202996f68,2026-05-10 22:00:00+00:00,0a5ad38d-2fe3-43ba-894b-1ba3d5042ea9,171b097d-01db-4ae8-9d56-035689402ec6,1,4daa0bba-2317-4504-a94c-969ccdf7d5d6,Kelsey Plum,True,True,True,34.81666666666667,34:49,27,4,2,0,0,3,18,10,4,3,21,game_summary__9de17155-e91b-435c-855e-11c202996f68__20260511T015100Z.json
2026,REG,9de17155-e91b-435c-855e-11c202996f68,2026-05-10 22:00:00+00:00,0a5ad38d-2fe3-43ba-894b-1ba3d5042ea9,171b097d-01db-4ae8-9d56-035689402ec6,1,55cbf5b3-3dfb-447b-b661-d9ccbf601066,Cameron Brink,True,True,,8.05,8:03,0,3,0,0,0,3,0,0,0,0,0,game_summary__9de17155-e91b-435c-855e-11c202996f68__20260511T015100Z.json
2026,REG,9de17155-e91b-435c-855e-11c202996f68,2026-05-10 22:00:00+00:00,0a5ad38d-2fe3-43ba-894b-1ba3d5042ea9,171b097d-01db-4ae8-9d56-035689402ec6,1,693b6941-8999-40bb-a3a2-b77c34f1dc78,Dearica Hamby,True,True,True,27.2,27:12,12,5,1,0,0,3,11,4,8,4,4,game_summary__9de17155-e91b-435c-855e-11c202996f68__20260511T015100Z.json
2026,REG,9de17155-e91b-435c-855e-11c202996f68,2026-05-10 22:00:00+00:00,0a5ad38d-2fe3-43ba-894b-1ba3d5042ea9,171b097d-01db-4ae8-9d56-035689402ec6,1,e0a21f37-4dec-43db-aec9-381d39616de6,Laura Ziegler,,,,0.0,00:00,0,0,0,0,0,0,0,0,0,0,0,game_summary__9de17155-e91b-435c-855e-11c202996f68__20260511T015100Z.json
2026,REG,9de17155-e91b-435c-855e-11c202996f68,2026-05-10 22:00:00+00:00,0a5ad38d-2fe3-43ba-894b-1ba3d5042ea9,171b097d-01db-4ae8-9d56-035689402ec6,1,e49da6d1-dd65-44f9-9a5f-d60010d8c384,Nneka Ogwumike,True,True,True,32.8,32:48,19,10,2,1,0,2,15,7,2,2,22,game_summary__9de17155-e91b-435c-855e-11c202996f68__20260511T015100Z.json
2026,REG,9de17155-e91b-435c-855e-11c202996f68,2026-05-10 22:00:00+00:00,0a5ad38d-2fe3-43ba-894b-1ba3d5042ea9,171b097d-01db-4ae8-9d56-035689402ec6,1,ea77addf-9b42-4d57-8669-c022f61ce2d9,Kate Martin,,,,0.0,00:00,0,0,0,0,0,0,0,0,0,0,0,game_summary__9de17155-e91b-435c-855e-11c202996f68__20260511T015100Z.json
2026,REG,9de17155-e91b-435c-855e-11c202996f68,2026-05-10 22:00:00+00:00,171b097d-01db-4ae8-9d56-035689402ec6,0a5ad38d-2fe3-43ba-894b-1ba3d5042ea9,0,0825c65d-b903-4dd3-8206-e5f7d31bb2b8,Jewell Loyd,True,True,,26.133333333333333,26:08,2,4,3,1,1,1,5,1,0,0,6,game_summary__9de17155-e91b-435c-855e-11c202996f68__20260511T015100Z.json
2026,REG,9de17155-e91b-435c-855e-11c202996f68,2026-05-10 22:00:00+00:00,171b097d-01db-4ae8-9d56-035689402ec6,0a5ad38d-2fe3-43ba-894b-1ba3d5042ea9,0,3112ab66-5995-4ed1-b460-2b0e5abc2dd1,Kierstan Bell,True,True,,7.85,7:51,0,0,1,0,1,0,1,0,0,0,1,game_summary__9de17155-e91b-435c-855e-11c202996f68__20260511T015100Z.json
2026,REG,9de17155-e91b-435c-855e-11c202996f68,2026-05-10 22:00:00+00:00,171b097d-01db-4ae8-9d56-035689402ec6,0a5ad38d-2fe3-43ba-894b-1ba3d5042ea9,0,3c606b9a-c914-4e6f-ac4f-81b2600f7755,Dana Evans,,,,0.0,00:00,0,0,0,0,0,0,0,0,0,0,0,game_summary__9de17155-e91b-435c-855e-11c202996f68__20260511T015100Z.json
2026,REG,9de17155-e91b-435c-855e-11c202996f68,2026-05-10 22:00:00+00:00,171b097d-01db-4ae8-9d56-035689402ec6,0a5ad38d-2fe3-43ba-894b-1ba3d5042ea9,0,433a5b0e-6b9c-448c-a8f7-33c5849bb6f1,Brianna Turner,True,True,,16.25,16:15,4,6,1,2,2,0,3,2,0,0,14,game_summary__9de17155-e91b-435c-855e-11c202996f68__20260511T015100Z.json
2026,REG,9de17155-e91b-435c-855e-11c202996f68,2026-05-10 22:00:00+00:00,171b097d-01db-4ae8-9d56-035689402ec6,0a5ad38d-2fe3-43ba-894b-1ba3d5042ea9,0,4a97e708-71e5-4d58-b1e8-883adf027925,Cheyenne Parker-Tyus,True,True,,2.9833333333333334,2:59,2,0,1,1,1,0,1,1,0,0,5,game_summary__9de17155-e91b-435c-855e-11c202996f68__20260511T015100Z.json
2026,REG,9de17155-e91b-435c-855e-11c202996f68,2026-05-10 22:00:00+00:00,171b097d-01db-4ae8-9d56-035689402ec6,0a5ad38d-2fe3-43ba-894b-1ba3d5042ea9,0,4fa92d21-9f96-4bab-a9f8-f530a69287ee,Jackie Young,True,True,True,30.916666666666668,30:55,20,5,9,1,1,1,12,8,2,2,31,game_summary__9de17155-e91b-435c-855e-11c202996f68__20260511T015100Z.json
2026,REG,9de17155-e91b-435c-855e-11c202996f68,2026-05-10 22:00:00+00:00,171b097d-01db-4ae8-9d56-035689402ec6,0a5ad38d-2fe3-43ba-894b-1ba3d5042ea9,0,6340b055-3c1b-427e-88d6-6f9cdd1fc925,A'ja Wilson,True,True,True,30.016666666666666,30:01,19,4,3,1,2,3,14,7,6,5,18,game_summary__9de17155-e91b-435c-855e-11c202996f68__20260511T015100Z.json
2026,REG,9de17155-e91b-435c-855e-11c202996f68,2026-05-10 22:00:00+00:00,171b097d-01db-4ae8-9d56-035689402ec6,0a5ad38d-2fe3-43ba-894b-1ba3d5042ea9,0,63b305c4-1d47-4e3e-91ac-9a529fd4c851,Chennedy Carter,True,True,,19.5,19:30,22,1,0,2,0,2,13,9,5,3,17,game_summary__9de17155-e91b-435c-855e-11c202996f68__20260511T015100Z.json
2026,REG,9de17155-e91b-435c-855e-11c202996f68,2026-05-10 22:00:00+00:00,171b097d-01db-4ae8-9d56-035689402ec6,0a5ad38d-2fe3-43ba-894b-1ba3d5042ea9,0,732bf79f-1bfa-450c-ad04-015f7624765a,NaLyssa Smith,True,True,True,15.966666666666667,15:58,12,6,2,0,2,0,5,5,4,2,20,game_summary__9de17155-e91b-435c-855e-11c202996f68__20260511T015100Z.json
2026,REG,9de17155-e91b-435c-855e-11c202996f68,2026-05-10 22:00:00+00:00,171b097d-01db-4ae8-9d56-035689402ec6,0a5ad38d-2fe3-43ba-894b-1ba3d5042ea9,0,779cd8d9-133e-4e68-8bfb-16a437a34686,Stephanie Talbot,True,True,True,18.433333333333334,18:26,8,2,3,3,0,1,5,4,0,0,14,game_summary__9de17155-e91b-435c-855e-11c202996f68__20260511T015100Z.json
2026,REG,9de17155-e91b-435c-855e-11c202996f68,2026-05-10 22:00:00+00:00,171b097d-01db-4ae8-9d56-035689402ec6,0a5ad38d-2fe3-43ba-894b-1ba3d5042ea9,0,96018564-39be-40b9-a4be-b1f187d9e85f,Janiah Barker,,,,0.0,00:00,0,0,0,0,0,0,0,0,0,0,0,game_summary__9de17155-e91b-435c-855e-11c202996f68__20260511T015100Z.json
2026,REG,9de17155-e91b-435c-855e-11c202996f68,2026-05-10 22:00:00+00:00,171b097d-01db-4ae8-9d56-035689402ec6,0a5ad38d-2fe3-43ba-894b-1ba3d5042ea9,0,ca6b54e3-612d-4523-9582-b88e675f58de,Chelsea Gray,True,True,True,31.95,31:57,16,3,5,0,0,6,10,6,0,0,14,game_summary__9de17155-e91b-435c-855e-11c202996f68__20260511T015100Z.json
