game_id,game_ts_static,entry_ts_static,side_static,edge_static,entry_px_static,p_side_static,wager_static,n_contracts_static,entry_px_actual_static,won_static,pnl_static,wager_dynamic,n_contracts_dynamic,entry_px_actual_dynamic,won_dynamic,pnl_dynamic,n_pause_events_dynamic,n_resume_events_dynamic,fill_ratio_vs_qmax_dynamic
01384c8c-e038-4abe-b80a-901c44d112ce,2025-07-03 23:00:00+00:00,2025-07-03 05:45:00+00:00,YES,0.14452980518341063,0.39,0.5345298051834106,930.6091053224371,2658.8831580641063,0.35,1,1685.9240527416691,1096.458445873221,2871.0795864299653,0.3818976147702714,1.0,1727.1711405567441,341.0,1.0,1.2236106419422668
02291b17-b5ee-4973-b184-51149f2c1817,2025-06-28 02:00:00+00:00,2025-06-27 14:00:00+00:00,NO,0.14177390813827517,0.47,0.6117739081382751,843.4030729938066,1834.2458108561011,0.459809185880143,0,-875.3030729938066,809.5075267513994,1725.6177207417145,0.46911173721805105,0.0,-839.5975267513994,33.0,2.0,1.0735876554698378
042c5181-7425-497a-8593-922c0cccfc16,2025-08-08 02:00:00+00:00,2025-08-07 07:00:00+00:00,NO,0.10052478075027471,0.18999999999999995,0.29052478075027466,962.0698783751435,5403.8882131952405,0.17803289787267557,0,-1017.4298783751435,1022.0670981515783,5702.128106580055,0.17924309644536904,0.0,-1080.7970981515782,10.0,3.0,1.2402844683747476
0934f4d6-98dc-4543-b6bd-c04adfa95bf2,2025-08-08 02:00:00+00:00,2025-08-07 07:00:00+00:00,NO,0.14108287811279296,0.38,0.521082878112793,2014.4599999999998,5500.0,0.3662654545454545,0,-2103.83,1929.5738521436353,5272.172573361176,0.36599216457618183,0.0,-2015.2138521436354,4.0,0.0,1.0942180829020436
0962940f-0261-4fce-b716-3a16393d43b7,2025-08-24 20:00:00+00:00,2025-08-24 05:45:00+00:00,NO,0.17109873175621026,0.5700000000000001,0.7410987317562103,6028.200000000002,11290.0,0.5339415411868912,1,5065.129999999998,5718.620000000001,10736.0,0.5326583457526082,1.0,4830.299999999999,0.0,0.0,0.5047782059142643
10582ee6-a493-4e18-9878-6203b5e8065d,2025-05-24 02:00:00+00:00,2025-05-23 12:30:00+00:00,NO,0.08664486169815067,0.33999999999999997,0.42664486169815063,302.59336958641353,1009.0108696335919,0.2998910900695213,0,-317.4233695864135,409.64,1344.0,0.3047916666666667,0.0,-429.58,3.0,1.0,1.4904646612613612
17812353-7592-47dc-9fe1-36f6bb0d8b9d,2025-07-24 02:00:00+00:00,2025-07-23 07:00:00+00:00,NO,0.17903590440750117,0.31000000000000005,0.4890359044075012,914.7519445664857,3568.507479101868,0.2563402066335904,1,2606.1355345353822,1007.0743348623454,3832.684502246355,0.2627595186277645,1.0,2773.6301673840094,105.0,0.0,1.449152426080099
185c1d82-80ca-427a-bb34-b717e2127e2e,2025-07-30 23:00:00+00:00,2025-07-30 05:30:00+00:00,YES,0.15933475494384763,0.4,0.5593347549438477,273.47,685.0,0.3992262773722628,1,400.02,273.47,685.0,0.3992262773722628,1.0,400.02,0.0,0.0,0.20239500495718674
1c528f37-bdd0-449a-99b5-7a8d174e4243,2025-06-26 02:00:00+00:00,2025-06-25 15:45:00+00:00,YES,0.0853763997554779,0.2,0.2853763997554779,280.5624919461159,1405.5624597305796,0.1996086975742754,0,-296.28249194611595,238.86188582571657,1197.059429128583,0.1995405407729837,0.0,-252.25188582571656,22.0,2.0,1.0481586146895756
1d299098-034f-480d-af99-bcebd640859e,2025-05-30 23:30:00+00:00,2025-05-30 12:15:00+00:00,NO,0.07657644748687742,0.15000000000000002,0.22657644748687744,100.6318548400553,781.8604218465792,0.1287082093276769,1,675.0885670065239,107.70496127270604,836.2689328669695,0.12879225454838145,1.0,721.9939715942634,4.0,0.0,1.4350835877438262
1dc8a33e-b81b-4a0d-91bf-0109943d729e,2025-07-13 22:00:00+00:00,2025-07-13 06:00:00+00:00,NO,0.2283735346794128,0.18000000000000005,0.40837353467941284,2019.7541110945847,13012.463194341153,0.15521689329142027,0,-2139.1941110945845,2334.986931058514,13609.448633460985,0.1715710161334221,0.0,-2470.396931058514,34.0,4.0,1.1755413096650047
1dffe97b-d132-4697-af9f-8b08902da90d,2025-08-03 22:00:00+00:00,2025-08-03 06:00:00+00:00,YES,0.05085827469825738,0.14,0.1908582746982574,503.2420995102681,3965.246919309753,0.1269131808815249,0,-534.0020995102681,660.7253399246605,4997.857286438062,0.13220172206949007,0.0,-700.8653399246605,48.0,2.0,1.4419016967300242
1f15d85b-41ea-4e16-b597-b0e14ee9ba73,2025-07-16 23:30:00+00:00,2025-07-16 07:00:00+00:00,NO,0.10651913166046145,0.21999999999999997,0.3265191316604614,602.6642840320044,3013.321420160022,0.19999999999999998,0,-636.4142840320044,580.1174781296521,2771.7711583259033,0.2092948677913338,0.0,-612.2274781296521,169.0,2.0,1.2172991049715596
21815dfe-7533-4983-9fc4-01b7e5798634,2025-07-03 23:30:00+00:00,2025-07-03 12:15:00+00:00,YES,0.12719794988632205,0.47,0.597197949886322,855.3999999999999,1820.0,0.4699999999999999,0,-887.1399999999999,846.9399999999999,1802.0,0.47,0.0,-878.3699999999999,0.0,0.0,0.746742580795933
25596e43-21b0-4411-b093-a5ca0b6480d6,2025-08-09 02:00:00+00:00,2025-08-08 07:30:00+00:00,YES,0.13616769552230834,0.51,0.6461676955223083,2118.089134311515,4230.763008453951,0.5006399862339557,1,2038.6338741424365,1805.783233577706,3617.7318305445215,0.4991478965719549,1.0,1748.6285969668156,8.0,0.0,1.021741258457814
272d53ae-a46b-43bc-ac0f-8a846e03a9d1,2025-06-04 00:00:00+00:00,2025-06-03 12:30:00+00:00,NO,0.12299813508987423,0.17000000000000004,0.29299813508987427,213.8446072426039,1651.1123634046455,0.1295154781602202,0,-226.8846072426039,296.55027260973435,2232.6944046902645,0.1328217027761459,0.0,-314.56027260973434,34.0,1.0,1.6723012420886356
2cc91c72-9797-403a-adc1-51f134d84117,2025-08-20 02:00:00+00:00,2025-08-19 07:00:00+00:00,YES,0.09672302126884458,0.28,0.3767230212688446,503.19000000000005,1819.0,0.27663001649257835,0,-528.6700000000001,503.19000000000005,1819.0,0.27663001649257835,0.0,-528.6700000000001,0.0,0.0,0.12548997735625025
2de72b4c-3c39-42c4-8321-18efac227563,2025-08-10 16:30:00+00:00,2025-08-10 02:30:00+00:00,NO,0.28335612535476684,0.38,0.6633561253547668,2831.32,7533.0,0.37585556883047927,1,4577.97,2802.4599999999996,7455.0,0.3759168343393695,1.0,4530.110000000001,0.0,0.0,0.7059288715244403
2eb1473f-e48b-4a13-bb64-bb3604b03c6d,2025-08-10 22:00:00+00:00,2025-08-10 12:00:00+00:00,NO,0.13645145893096922,0.4,0.5364514589309692,3018.610465645243,8423.029071236788,0.35837588118427427,1,5268.838605591545,3807.4066606709966,10315.840215582519,0.369083524085585,1.0,6340.273554911522,119.0,1.0,1.366975808354955
2f5baf0d-dd06-464d-95dd-177924f443c9,2025-09-04 00:00:00+00:00,2025-09-03 06:00:00+00:00,NO,0.20699598312377931,0.48,0.6869959831237793,2493.82,5397.0,0.4620752269779507,0,-2587.73,2493.82,5397.0,0.4620752269779507,0.0,-2587.73,0.0,0.0,0.163818025873645
2fb00c07-3995-4420-aa53-e0b95160a91a,2025-09-18 02:00:00+00:00,2025-09-17 16:15:00+00:00,YES,0.07049068570137018,0.19,0.2604906857013702,2276.445796958001,13824.798805635306,0.16466393681115052,0,-2409.565796958001,3369.291980423249,19925.12929660734,0.16909762191590594,0.0,-3565.2619804232486,27.0,4.0,1.4212128819912464
30981dda-706d-44fc-9eb4-b6f8c5a3e874,2025-09-24 01:30:00+00:00,2025-09-22 23:30:00+00:00,NO,0.11262015342712406,0.20999999999999996,0.322620153427124,2506.199999999999,12531.0,0.1999999999999999,0,-2646.549999999999,2503.9999999999986,12520.0,0.1999999999999999,0.0,-2644.2299999999987,0.0,0.0,0.6398010040918848
31d89653-50a1-4688-b507-15c8e12dad33,2025-09-09 23:30:00+00:00,2025-09-09 12:30:00+00:00,NO,0.16207829356193537,0.56,0.7220782935619354,6315.510000000001,11568.0,0.5459465767634856,0,-6516.250000000001,5478.0199999999995,10070.0,0.5439940417080437,0.0,-5652.889999999999,0.0,0.0,0.44609442223509027
326d833a-4a17-4fec-882e-c3699065a0ed,2025-06-18 00:00:00+00:00,2025-06-17 07:00:00+00:00,NO,0.11250839233398435,0.15000000000000002,0.2625083923339844,246.98,2058.0,0.12000971817298348,0,-262.2,246.98000000000002,2058.0,0.12000971817298349,0.0,-262.20000000000005,0.0,0.0,0.9403941819555642
32cb5f24-0d87-4645-a3fd-dd1e0fd1a4f6,2025-07-23 00:00:00+00:00,2025-07-22 06:00:00+00:00,NO,0.09330237627029414,0.18000000000000005,0.2733023762702942,515.9328292560396,2867.460162533553,0.17992676445770933,0,-545.5528292560396,382.54641345825013,2126.424519212501,0.17990124267374522,0.0,-404.5164134582501,74.0,0.0,1.0005489529965839
333e71e9-d362-4003-836b-7d936322e7d2,2025-07-16 00:00:00+00:00,2025-07-15 06:00:00+00:00,YES,0.06468308866024008,0.1,0.1646830886602401,527.561191725743,5275.611917257429,0.10000000000000002,0,-560.801191725743,448.98983501777457,4489.898350177746,0.1,0.0,-477.2798350177746,77.0,0.0,1.0
3495c00d-950e-4e49-87e6-3a022d1d9c1b,2025-08-17 19:00:00+00:00,2025-08-17 03:45:00+00:00,YES,0.1182247066497803,0.41,0.5282247066497803,1574.4599999999998,3847.0,0.40926956069664666,1,2207.43,1568.72,3833.0,0.40926689277328465,1.0,2199.41,0.0,0.0,0.27289993792461437
36996288-3356-4ce9-b751-b31f6890cd69,2025-06-22 19:00:00+00:00,2025-06-22 07:15:00+00:00,YES,0.12237302303314207,0.46,0.5823730230331421,190.90000000000003,415.0,0.4600000000000001,1,216.87999999999997,186.3,405.0,0.46,1.0,211.64999999999998,0.0,0.0,0.3842179517777219
3a283716-466b-440c-a344-5994da2e16aa,2025-08-10 00:30:00+00:00,2025-08-09 13:15:00+00:00,YES,0.124353095293045,0.36,0.484353095293045,1642.643160694951,4740.837601985574,0.3464879623817895,1,3023.044441290623,1612.4749320586595,4501.469781641534,0.3582107645451403,1.0,2816.544849582874,181.0,2.0,1.1312781717940197
42f7582e-79b3-4a78-88ba-0245ebd00b6b,2025-06-18 23:00:00+00:00,2025-06-18 06:15:00+00:00,YES,0.2191847121715545,0.14,0.3591847121715545,457.9274592616284,4579.274592616284,0.1,0,-486.77745926162845,602.7610201213907,4780.823431937202,0.1260789127025238,0.0,-639.6410201213907,136.0,2.0,1.2547021570401138
45eb60bf-a1b9-4f49-90cb-62097ff47bbd,2025-06-06 02:00:00+00:00,2025-06-05 13:00:00+00:00,NO,0.1447575712203979,0.31000000000000005,0.45475757122039795,331.97694219257994,1158.920490319241,0.28645359622654715,0,-348.5669421925799,315.01227292539926,1048.4026897221456,0.30046877598996413,0.0,-330.44227292539927,58.0,3.0,1.199604521027274
467aedcd-fa42-4992-9a69-fce47d1ece15,2025-08-28 00:00:00+00:00,2025-08-27 16:00:00+00:00,NO,0.15859810590744017,0.52,0.6785981059074402,5144.009999999999,9984.0,0.515225360576923,1,4665.43,4547.050000000001,8836.0,0.5146050248981441,1.0,4134.449999999999,0.0,0.0,0.3933068554356019
473b6ccd-bea1-4377-b656-99e755056013,2025-07-09 16:00:00+00:00,2025-07-09 02:00:00+00:00,NO,0.21722968339920046,0.22999999999999998,0.44722968339920044,168.95999999999998,768.0,0.21999999999999997,1,589.81,168.95999999999998,768.0,0.21999999999999997,1.0,589.81,0.0,0.0,0.11532803880473068
475cc53b-e563-4217-a5dc-930581369bab,2025-06-29 22:00:00+00:00,2025-06-29 05:30:00+00:00,NO,0.07646610498428341,0.29000000000000004,0.36646610498428345,412.4433477555376,1438.632233639785,0.28669130171791224,1,1005.5888858842474,368.3778806286459,1270.2685538918824,0.29000000000000004,1.0,883.5806732632366,0.0,0.0,1.0000000000000009
4a60d4ef-8d10-4f25-bab6-346332242fd5,2025-06-10 23:30:00+00:00,2025-06-10 12:15:00+00:00,NO,0.12558921575546267,0.35,0.47558921575546265,666.586309569542,2019.9585138470968,0.33,0,-697.856309569542,712.6348577848719,2128.196538742036,0.3348538750119883,0.0,-745.8248577848719,41.0,0.0,1.1755148704007266
4a8a3c5a-81ad-462c-b4cb-3300d1eea8c3,2025-10-09 00:00:00+00:00,2025-10-07 11:00:00+00:00,NO,0.16387164235115048,0.41000000000000003,0.5738716423511505,5677.23971290411,15399.945170011106,0.36865324195826443,1,9471.795457106997,7175.2808616161765,18413.102354629158,0.3896834288661992,1.0,10931.271493012982,576.0,8.0,1.2658823789493656
4b134f76-aff1-49fb-b585-3e9073eb44c2,2025-08-14 02:00:00+00:00,2025-08-13 08:00:00+00:00,NO,0.21488385438919066,0.51,0.7248838543891907,6617.147985290482,15004.386924544526,0.4410142192791628,1,8128.308939254042,8338.310000000003,18671.0,0.4465915055433562,1.0,10009.669999999996,0.0,0.0,1.3205022065462735
4bfeb202-768f-487c-a416-9c9a314242a6,2025-06-25 00:00:00+00:00,2025-06-24 06:15:00+00:00,YES,0.08991959929466248,0.31,0.3999195992946625,4.65,15.0,0.31,1,10.12,4.65,15.000000000000002,0.31,1.0,10.120000000000001,0.0,0.0,0.01589055062813347
4d8cf7bd-df70-42d4-a4fd-14a6fcb736a9,2025-07-24 23:00:00+00:00,2025-07-24 12:45:00+00:00,YES,0.11587374210357665,0.45,0.5658737421035767,1074.3163792255307,2428.480842723401,0.442382068791923,1,1312.2244634978704,914.8593794625563,2035.9182360489174,0.4493595878575228,1.0,1085.7888565863611,38.0,0.0,1.0684231135201623
4e456309-00d3-4582-8f89-1c9049054791,2025-06-27 23:30:00+00:00,2025-06-27 12:30:00+00:00,NO,0.12750528216362,0.49,0.61750528216362,688.9700823610114,1488.6384731085348,0.46281894147362895,1,773.7583907475234,705.0627982053034,1517.5591451176667,0.464603175746824,1.0,786.0663469123634,19.0,0.0,1.1740527455507552
4f5eef0b-7151-49c4-bc34-46d08d1e5ca1,2025-06-18 02:00:00+00:00,2025-06-17 12:30:00+00:00,YES,0.15919422030448907,0.23,0.3891942203044891,583.5841267616529,2537.5396815724034,0.22998029587463675,0,-615.0441267616529,485.63572155062076,2111.6335719592207,0.22998105731954105,0.0,-511.81572155062076,0.0,0.0,1.0000823662638991
50578d4e-21ed-488c-ac01-1008b9b70e0d,2025-07-31 23:30:00+00:00,2025-07-31 05:45:00+00:00,NO,0.1513962113857269,0.41000000000000003,0.5613962113857269,1521.436083736859,4354.160239248168,0.34942124316480483,1,2763.434155511309,1904.3210894290032,5027.553703394788,0.3787768767428851,1.0,3040.412613965784,105.0,2.0,1.4150234972753737
548df81e-2319-4153-a4df-bf65932d74be,2025-07-27 23:00:00+00:00,2025-07-27 06:00:00+00:00,NO,0.06239434003829958,0.22999999999999998,0.29239434003829956,0.21,1.0,0.21,1,0.77,0.21,1.0,0.21,1.0,0.77,0.0,0.0,0.0006176326427768286
56ef45bc-fa3c-47bb-926c-8b9f8433bdb6,2025-08-10 20:00:00+00:00,2025-08-10 04:30:00+00:00,NO,0.146348443031311,0.41000000000000003,0.556348443031311,3024.3974115298925,7613.432711048518,0.39724491255316735,1,4461.425299518626,3141.7783381509958,7727.241640675046,0.4065847147335401,1.0,4454.953302524051,37.0,2.0,1.1563163180216718
57909126-867a-49a0-bc68-8c65ff35b9dd,2025-06-20 02:00:00+00:00,2025-06-19 13:45:00+00:00,YES,0.23086082577705377,0.16,0.3908608257770538,315.12000000000006,1978.0,0.1593124368048534,1,1644.33,314.96000000000004,1977.0,0.15931208902377342,1.0,1643.5,0.0,0.0,0.6490711428503171
585740b6-3c8b-4746-8808-e7635a88c710,2025-07-27 20:00:00+00:00,2025-07-27 04:15:00+00:00,YES,0.09930047273635859,0.22,0.3193004727363586,222.42000000000002,1011.0,0.22000000000000003,0,-234.57000000000002,33.0,150.0,0.22,0.0,-34.81,0.0,0.0,0.05619172967883008
5cc2b6cf-49a3-4f54-a14e-88d92bf3ac7a,2025-06-20 23:30:00+00:00,2025-06-20 06:00:00+00:00,YES,0.19484763860702514,0.38,0.5748476386070251,899.7686651452178,2558.996392284373,0.3516099779812544,0,-940.6086651452179,871.1310205050113,2473.1651134860876,0.3522332640690921,0.0,-910.6410205050113,40.0,1.0,1.1523923926061304
5e1d090c-1c51-494b-8c1f-1f1ba520ee2a,2025-06-10 02:00:00+00:00,2025-06-09 12:30:00+00:00,NO,0.24757077574729924,0.31999999999999995,0.5675707757472992,831.6865810112072,2970.3092178971683,0.28,1,2096.702636885961,881.0223753531352,3072.4013405469127,0.28675367495976484,1.0,2147.388965193778,50.0,0.0,1.2242293118597283
5e64c14b-9cf3-45d2-bd9d-f0af702d801f,2025-07-16 19:00:00+00:00,2025-07-16 07:00:00+00:00,NO,0.1349456548690796,0.35,0.4849456548690796,978.5139971541151,3183.7548295294037,0.30734590115996807,0,-1025.963997154115,1124.636149032231,3347.0279576348,0.33601038391892096,0.0,-1176.916149032231,106.0,5.0,1.3256103593214688
5f3d74e1-8cdd-4616-aedf-f1e90dc75db0,2025-05-27 23:00:00+00:00,2025-05-27 05:45:00+00:00,NO,0.0740113401412964,0.10999999999999999,0.1840113401412964,104.50199097870458,1499.5998711243512,0.06968658306188863,0,-111.31199097870459,200.8645467796958,2861.636382567083,0.07019219772412405,0.0,-213.9445467796958,16.0,3.0,2.3255415892831786
639e72ff-50dd-401b-a2a8-dd49fdd02b89,2025-06-08 02:00:00+00:00,2025-06-07 12:15:00+00:00,YES,0.13786698698997496,0.33,0.467866986989975,581.7362651337228,1817.9258285428837,0.32,0,-609.4362651337228,541.3176085109102,1687.6175265965944,0.3207584656948789,0.0,-567.0576085109102,34.0,0.0,1.0872080055056201
64fb0c10-3ce1-4592-a3f9-65395a9e58af,2025-08-01 23:30:00+00:00,2025-08-01 15:00:00+00:00,YES,0.10673018932342532,0.41,0.5167301893234253,1459.1687274051521,3849.233493171453,0.3790803363822226,1,2326.6347657663014,1766.0064524266754,4517.50581483988,0.39092510885661585,1.0,2676.1993624132047,55.0,3.0,1.3503114529742155
66b295b9-ed48-41fe-8fd7-4cca0813f9f5,2025-07-08 15:30:00+00:00,2025-07-08 04:45:00+00:00,NO,0.07585252523422237,0.30000000000000004,0.3758525252342224,447.62627395359476,1622.7366926914096,0.2758465227104582,0,-470.32627395359475,602.9805960157355,2171.9915308989916,0.27761645818488095,0.0,-633.4805960157355,52.0,2.0,1.5612693239160587
673f7bf8-4cb2-4836-9dec-4131b50da342,2025-08-16 18:00:00+00:00,2025-08-16 03:15:00+00:00,YES,0.29983103513717646,0.56,0.8598310351371765,14971.053795138716,27344.61391989058,0.5474955265047173,1,11899.340124751865,15093.91000000001,27564.0,0.5475950515164711,1.0,11992.08999999999,0.0,0.0,0.9960253571485127
6a9e0ff7-c5b4-4a72-b217-41dc4a8caa4f,2025-08-06 02:00:00+00:00,2025-08-05 07:00:00+00:00,NO,0.3618546456098557,0.44999999999999996,0.8118546456098557,93.25,212.0,0.43985849056603776,1,115.09,93.25,212.0,0.43985849056603776,1.0,115.09,0.0,0.0,0.017715374501049572
6adda940-e25a-4b97-9334-bfcbbb00d303,2025-07-28 23:00:00+00:00,2025-07-28 12:30:00+00:00,YES,0.05657753527164458,0.17,0.2265775352716446,336.0298603957655,2104.4991274735344,0.1596721310116064,0,-355.7998603957655,335.0189101056051,2003.111749725512,0.16724923617042983,0.0,-354.54891010560505,77.0,2.0,1.2195395588113755
6d17df9c-9585-4b14-b1ab-7334c0443b45,2025-08-30 02:00:00+00:00,2025-08-29 07:15:00+00:00,NO,0.14991149187088015,0.47,0.6199114918708801,6093.15,13469.0,0.4523832504269062,1,7142.280000000001,6079.200000000001,13438.0,0.45238874832564374,1.0,7125.759999999999,0.0,0.0,0.5966573566183103
7162ed3d-7135-4801-b3a8-ba85cbcaa7ea,2025-06-15 22:00:00+00:00,2025-06-15 05:30:00+00:00,YES,0.2125312566757202,0.45,0.6625312566757202,1450.0135882158925,4050.787745044146,0.3579584217884243,0,-1515.1835882158925,2261.1504496831567,6167.619161032615,0.3666164188556323,0.0,-2361.410449683157,76.0,1.0,1.5379243148443762
74f4d3c6-f105-49b3-bb25-ee57ac47d235,2025-08-13 23:30:00+00:00,2025-08-13 11:45:00+00:00,NO,0.12422191977500918,0.47,0.5942219197750092,4881.105665933025,10728.447099854402,0.4549685169253682,1,5661.111433921377,5624.185069851957,12169.123942611595,0.4621684433797426,1.0,6333.188872759638,1.0,0.0,1.1377419852639532
772cef5b-3110-4eaf-a68b-6eb3cd04f42a,2025-06-06 23:30:00+00:00,2025-06-06 12:15:00+00:00,YES,0.1407347512245178,0.23,0.3707347512245178,222.48457504211058,1222.3398686426872,0.18201531402977333,1,987.1152936005766,261.9521157476211,1243.154147250531,0.21071571560693214,1.0,966.7220315029099,65.0,2.0,1.3891087882554192
7a6fecee-f650-46ac-af8f-8dfc5ff13ae2,2025-07-29 23:30:00+00:00,2025-07-29 05:45:00+00:00,NO,0.11944526433944702,0.25,0.369445264339447,736.6257801078333,3230.1555656862315,0.22804653371279368,1,2453.7197855783984,750.8724897168731,3148.646144713393,0.23847471427603742,1.0,2357.7436549965196,32.0,3.0,1.2611813906911167
83fc47a0-fbb1-4f04-8af2-94e9a1fd566e,2025-07-16 17:00:00+00:00,2025-07-16 04:15:00+00:00,NO,0.1946576309204101,0.18000000000000005,0.37465763092041016,250.06,1430.0,0.17486713286713287,0,-264.51,250.06,1430.0,0.17486713286713287,0.0,-264.51,0.0,0.0,0.2470567457250062
84da0d09-cdf5-46a5-89eb-d489373ed8ed,2025-06-12 02:00:00+00:00,2025-06-11 13:30:00+00:00,NO,0.11724735021591182,0.18000000000000005,0.29724735021591187,12.39,70.0,0.17700000000000002,1,56.89,10.01,56.0,0.17875,1.0,45.410000000000004,0.0,0.0,0.02425393833795444
8a325ea5-03e5-4940-bb7a-2eb4c8b2b077,2025-06-29 20:00:00+00:00,2025-06-29 04:30:00+00:00,NO,0.19611328840255737,0.25,0.4461132884025574,698.6448937544845,2913.103723977019,0.23982836175866837,1,2177.2788302225345,652.0583808118322,2718.993253382634,0.2398161084072651,1.0,2032.2348725708018,28.0,0.0,1.0812056309417717
8a594783-4b88-43cd-b381-a8660e3a0766,2025-05-27 23:00:00+00:00,2025-05-27 13:00:00+00:00,YES,0.3129020285606384,0.38,0.6929020285606384,947.4037866901324,2560.5507748381956,0.37,0,-989.1937866901324,779.4389678230476,2102.0782914136425,0.3707944518559662,0.0,-813.7689678230477,3.0,0.0,1.0407919010710704
8b0ee0bd-54cf-4be2-a8ba-b16813be20b6,2025-06-07 19:00:00+00:00,2025-06-07 04:30:00+00:00,YES,0.1381078326702118,0.16,0.2981078326702118,302.2995035482802,2087.796690321868,0.1447935543482808,1,1767.397186773588,310.5704165405879,2088.752603378675,0.1486870278644885,1.0,1759.6721868380869,35.0,2.0,1.2628949495279567
92c4a40c-74f4-4a28-be37-18237fca81a5,2025-05-23 23:30:00+00:00,2025-05-23 12:30:00+00:00,NO,0.09931676149368285,0.14,0.23931676149368286,182.8703747902309,2235.8930532247878,0.08178851601443114,0,-194.6303747902309,368.3900000000001,4213.0,0.0874412532637076,0.0,-391.9300000000001,2.0,0.0,2.017641459997196
93a98ff0-ed90-4c11-8f56-dfd70e55ed58,2025-09-12 00:00:00+00:00,2025-09-11 07:00:00+00:00,NO,0.1892402425408365,0.7,0.8892402425408364,1818.8699999999997,2662.0,0.6832719759579262,0,-1859.1999999999996,1726.4700000000003,2522.0,0.6845638382236321,0.0,-1764.6000000000004,0.0,0.0,0.08887109448529212
9998a61a-229c-44c2-b892-ee5b1ea16c23,2025-06-02 00:30:00+00:00,2025-06-01 12:15:00+00:00,YES,0.0670652312040329,0.18,0.2470652312040329,124.41376780579105,890.5983414699359,0.13969683303075286,0,-131.91376780579105,207.88376743940907,1280.7088884643456,0.16231929778255497,0.0,-220.07376743940907,99.0,3.0,1.7169759506511966
9bb7fd31-2faf-4602-bf65-4532dd75baba,2025-07-13 22:00:00+00:00,2025-07-13 05:15:00+00:00,NO,0.0949998521804809,0.31000000000000005,0.40499985218048096,870.1139521563591,3222.6442672457747,0.26999999999999996,1,2308.060315089416,1124.318214703281,3986.400795197337,0.2820384282628622,1.0,2805.5725804940557,43.0,0.0,1.476352290223628
a1382913-f5c5-4721-9dee-4195779e9b68,2025-08-23 20:00:00+00:00,2025-08-23 04:00:00+00:00,NO,0.19466778397560125,0.43999999999999995,0.6346677839756012,2167.499999999999,5103.0,0.424750146972369,1,2848.2200000000007,2167.5,5103.0,0.4247501469723692,1.0,2848.22,0.0,0.0,0.21567724207787003
a17fdde4-604b-4197-8c9a-97dc9b78c44e,2025-05-29 23:00:00+00:00,2025-05-29 13:00:00+00:00,NO,0.09309141159057621,0.07999999999999996,0.17309141159057617,103.51999999999998,1484.0,0.06975741239892182,0,-110.26999999999998,103.51999999999998,1484.0,0.06975741239892182,0.0,-110.26999999999998,0.0,0.0,1.1442345576066875
a1ca524f-e7ce-449f-ab32-66adea0ba523,2025-08-01 23:30:00+00:00,2025-08-01 05:45:00+00:00,NO,0.15966734647750846,0.5900000000000001,0.7496673464775085,1153.0900000000001,1957.0,0.5892130812468064,1,770.7499999999999,1153.0900000000001,1957.0,0.5892130812468064,1.0,770.7499999999999,0.0,0.0,0.41195573364723326
a35a38a3-fdb6-40a3-86f1-842d77ac32bf,2025-05-24 02:00:00+00:00,2025-05-23 12:30:00+00:00,NO,0.32377356052398687,0.18999999999999995,0.5137735605239868,253.94,1581.0,0.16061986084756483,1,1312.1299999999999,253.93999999999997,1581.0,0.1606198608475648,1.0,1312.1299999999999,0.0,0.0,0.4007401915996462
a4d71aea-7129-4510-a0c0-686300cd53cf,2025-07-07 23:30:00+00:00,2025-07-07 12:30:00+00:00,NO,0.09287727117538447,0.31000000000000005,0.4028772711753845,538.8616129722695,2073.775434508729,0.2598456920673883,0,-566.7816129722695,827.6529643842189,3131.168153246348,0.2643272171525252,0.0,-870.2829643842189,68.0,1.0,1.68225133336015
ab22cb38-adf5-49e7-8d94-af37949f1527,2025-08-26 23:00:00+00:00,2025-08-26 06:00:00+00:00,YES,0.11368976593017577,0.39,0.5036897659301758,3233.9200000000005,8368.0,0.3864627151051626,1,4995.19,3202.720000000001,8288.0,0.38642857142857157,1.0,4947.719999999998,0.0,0.0,0.5274174712831724
acf4a696-dabb-4821-9d7a-7417121d43a8,2025-06-17 23:00:00+00:00,2025-06-17 05:45:00+00:00,NO,0.10341833353042607,0.07999999999999996,0.18341833353042603,389.4444920510492,5563.921315014989,0.06999460811929187,0,-414.80449205104924,425.56136734422796,6079.876676346114,0.06999506568938861,0.0,-453.27136734422794,3.0,0.0,1.239975678732091
b0d98920-a05f-481d-9dea-7046f3e6fc33,2025-05-25 19:00:00+00:00,2025-05-25 05:00:00+00:00,NO,0.19932658433914185,0.24,0.43932658433914185,555.4925409034939,2682.2842768340633,0.20709681882009515,0,-586.332540903494,599.2244130427758,2881.0200592853444,0.20799036477080876,0.0,-632.4544130427759,4.0,0.0,1.2432232026551517
b22ddc9a-0884-436b-a5cb-261725723b33,2025-06-22 19:00:00+00:00,2025-06-22 06:15:00+00:00,NO,0.06673531055450443,0.07999999999999996,0.1467353105545044,6.300000000000001,126.0,0.05,0,-6.720000000000001,,,,,,,,
b233aa62-25a1-489f-9f1a-ad31d9a6a7c2,2025-08-17 22:00:00+00:00,2025-08-17 10:45:00+00:00,NO,0.13120973110198975,0.5,0.6312097311019897,6928.649999999997,14764.0,0.46929355188295835,1,7577.9500000000035,6891.9,14689.0,0.4691878276261148,1.0,7541.01,0.0,0.0,0.9379821014564946
b69d86fb-d73a-4b99-bec9-88e73e7ce25b,2025-09-05 02:00:00+00:00,2025-09-04 12:45:00+00:00,NO,0.05718323230743405,0.16000000000000003,0.21718323230743408,712.8799999999998,4832.0,0.1475331125827814,0,-755.4199999999997,695.4799999999999,4716.0,0.14747243426632736,0.0,-736.9899999999999,0.0,0.0,0.28841068576435014
b6df91b4-c8f5-45f8-bebf-c6845d61912b,2025-08-19 23:00:00+00:00,2025-08-19 05:30:00+00:00,NO,0.2621755397319794,0.49,0.7521755397319794,6533.549999999999,15068.0,0.43360432705070345,0,-6792.599999999999,6533.55,15068.0,0.4336043270507035,0.0,-6792.6,0.0,0.0,0.42734515679646917
b8786c5b-6a05-49e0-9ba2-0bc7db3e8a60,2025-05-24 02:00:00+00:00,2025-05-23 12:30:00+00:00,NO,0.08980293750762935,0.17000000000000004,0.2598029375076294,126.82866036406726,1350.4866036406725,0.093913305042908,0,-134.87866036406726,367.66050397827405,3531.3996798424096,0.10411183590374032,0.0,-390.72050397827405,5.0,1.0,2.6796533443705486
bb8576ec-3270-4ee6-9d85-f37e6e502af7,2025-08-24 19:00:00+00:00,2025-08-24 03:45:00+00:00,YES,0.1296231734752655,0.22,0.3496231734752655,1810.910000000001,8270.0,0.2189733978234584,0,-1909.920000000001,1715.210000000001,7835.0,0.21891640076579463,0.0,-1809.000000000001,0.0,0.0,0.3306205670633725
bbd4ae77-444a-4dfe-ad87-70233844aa1d,2025-05-25 22:00:00+00:00,2025-05-25 14:00:00+00:00,NO,0.1071816420555115,0.33999999999999997,0.4471816420555115,339.48078246400814,1032.3357044363884,0.328847274200741,0,-355.43078246400813,337.4733378356511,1024.7500652181932,0.3293225824423784,0.0,-353.3233378356511,1.0,1.0,1.189039957192898
c2f7980e-2390-45e9-8977-c6e6d2c1f545,2025-07-31 00:00:00+00:00,2025-07-30 07:00:00+00:00,NO,0.09089968681335447,0.27,0.3608996868133545,779.0453184379269,2996.520455530488,0.2599833139800839,0,-819.4053184379269,722.3752565552064,2778.3663713661786,0.26,0.0,-759.7952565552064,58.0,0.0,1.1371270427454578
c95f06b7-8138-460b-bc1d-e9c9478156eb,2025-06-13 23:30:00+00:00,2025-06-13 06:00:00+00:00,NO,0.07324323654174802,0.15000000000000002,0.22324323654174805,230.14530841668494,1917.8775701390412,0.12,0,-244.32530841668495,343.67450163927174,2614.239874057389,0.1314624970148119,0.0,-364.5745016392717,22.0,1.0,1.5535302678069614
c9d9dbf0-f3e6-4f3f-b2a5-e83fe165023d,2025-06-01 22:00:00+00:00,2025-06-01 05:15:00+00:00,NO,0.14538862824440002,0.38,0.5253886282444,354.07341033294654,1011.6383152369903,0.3499999999999999,1,641.4449049040437,359.2086394219546,996.053255491299,0.36063196163620437,1.0,620.7646160693442,33.0,0.0,1.2124635955666183
cba5ede2-0a93-430c-aa0b-4c48363996d9,2025-07-09 15:00:00+00:00,2025-07-09 01:30:00+00:00,YES,0.0751177150011062,0.07,0.1451177150011062,343.7301966607426,4912.574238010608,0.06996946611028505,1,4546.464041349865,286.4084285414891,4093.6918363069863,0.06996335825802286,1.0,3788.633407765497,12.0,2.0,1.003677649747028
cd325282-98cc-46dd-a9f0-e2d5d887b51f,2025-08-06 00:00:00+00:00,2025-08-05 07:00:00+00:00,YES,0.09239223599433899,0.25,0.342392235994339,229.05,929.0,0.24655543595263726,1,687.86,219.55,891.0,0.24640852974186309,1.0,659.86,0.0,0.0,0.23018934510458694
d1bd5e4c-1d9e-47c6-b24e-52544a1a2c13,2025-05-22 23:30:00+00:00,2025-05-22 13:00:00+00:00,YES,0.18705255270004273,0.37,0.5570525527000427,723.7920345239792,2006.1406338485922,0.3607882828909418,0,-756.1820345239792,822.1687602274345,2252.3776406671295,0.3650226078358322,0.0,-858.7187602274345,3.0,2.0,1.1227416476511693
d300ee86-e2e0-4bf4-9247-1d7a3a859e07,2025-08-06 02:00:00+00:00,2025-08-05 07:00:00+00:00,NO,0.08956348419189453,0.13,0.21956348419189453,370.07,3377.0,0.10958543085578916,0,-393.14,370.07,3377.0,0.10958543085578916,0.0,-393.14,0.0,0.0,0.5173608048235242
d5b4c575-bc11-412e-893d-9c6ed1889586,2025-07-27 22:00:00+00:00,2025-07-27 12:30:00+00:00,YES,0.1230686521530151,0.29,0.4130686521530151,908.9736747493695,3422.6802768495163,0.265573644403051,0,-955.7136747493695,950.6793154934792,3543.073793187313,0.2683204954188261,0.0,-999.3793154934792,85.0,1.0,1.2897620484020857
d8bda49f-0b5d-428a-9697-070219652f4a,2025-07-25 00:30:00+00:00,2025-07-24 06:15:00+00:00,YES,0.12289219975471491,0.22,0.3428921997547149,717.5631745144726,3986.4620806359594,0.18,0,-758.7531745144727,903.1807327299895,4257.19197347041,0.21215410025160972,0.0,-952.9907327299895,129.0,5.0,1.3074586767426433
de06dc94-ceb2-41b8-bde0-f9f91c917d00,2025-08-03 22:00:00+00:00,2025-08-03 06:00:00+00:00,NO,0.07582804679870603,0.28,0.35582804679870605,951.0155038159874,3718.982706984567,0.255719259471118,0,-1000.5655038159873,1359.549388729483,5219.199925317018,0.26049000003518796,0.0,-1429.929388729483,0.0,0.0,1.5554990248055935
e380b602-7a50-4ce9-99e7-63c43f11724e,2025-07-16 02:00:00+00:00,2025-07-15 13:30:00+00:00,NO,0.21980795383453366,0.53,0.7498079538345337,3011.9892776406828,6229.876076817721,0.48347499059391164,0,-3120.8992776406826,3127.971532643248,6371.127518994832,0.4909604341331322,0.0,-3239.431532643248,54.0,2.0,1.2016368579236096
e3e04e5c-30b5-4cd3-bef5-9e4a16bf0e89,2025-07-10 19:00:00+00:00,2025-07-10 04:45:00+00:00,NO,0.176479022204876,0.7,0.876479022204876,1993.48,2898.0,0.6878812974465148,1,860.96,1646.66,2394.0,0.687827903091061,1.0,711.3499999999999,0.0,0.0,0.4976825039079336
e6fdfe56-f4ef-4bab-8f24-19a99adb7f6f,2025-06-26 02:00:00+00:00,2025-06-25 12:15:00+00:00,NO,0.07732540607452387,0.06000000000000005,0.13732540607452393,187.4212824530958,3748.425649061916,0.05,0,-199.8912824530958,206.87275064545264,3545.6828968294103,0.05834496672853644,0.0,-220.51275064545263,2.0,1.0,1.1491335557649873
e8241b1f-576e-4bcf-b7d0-79606aa78b00,2025-07-31 00:00:00+00:00,2025-07-30 15:30:00+00:00,NO,0.16516225516796124,0.62,0.7851622551679612,2456.02383503835,4267.667517014157,0.5754955898618573,1,1738.6536819758069,2460.863077875943,4046.203934009371,0.6081905702260245,1.0,1517.8408561334281,63.0,1.0,1.1736062985327333
e9ff9be0-15cb-4e16-86a5-89be878b6745,2025-09-10 02:00:00+00:00,2025-09-09 07:00:00+00:00,NO,0.2139049685001373,0.29000000000000004,0.5039049685001373,6002.749999999999,21571.0,0.2782787075239905,0,-6306.019999999999,6002.750000000001,21571.0,0.2782787075239906,0.0,-6306.02,0.0,0.0,0.5541323546783186
ee13e918-b149-4c1e-8ae9-03cf0618c5d9,2025-06-15 00:30:00+00:00,2025-06-14 06:30:00+00:00,YES,0.22761168122291559,0.26,0.4876116812229156,760.7658235604838,3805.0791178024197,0.19993429834380302,1,3001.703294241936,987.6021581433324,4889.074897392437,0.20200184674406704,1.0,3846.302739249105,174.0,2.0,1.5044290639348934
ee675eed-ef15-494e-a8f4-e0202373e26c,2025-05-28 00:00:00+00:00,2025-05-27 13:00:00+00:00,NO,0.08173902988433834,0.29000000000000004,0.3717390298843384,145.2968659068488,569.0264073340339,0.25534292263795694,0,-152.87686590684882,168.18909479482684,650.3042107493341,0.25863140975363746,0.0,-176.91909479482683,9.0,0.0,1.4706820009533774
eef5e74b-cdc8-45c9-b34e-c80089a44b6d,2025-09-01 00:00:00+00:00,2025-08-31 06:00:00+00:00,NO,0.12026148080825805,0.26,0.38026148080825806,2391.4299999999994,10787.0,0.22169555946973202,0,-2521.7199999999993,2391.4300000000003,10787.0,0.2216955594697321,0.0,-2521.7200000000003,0.0,0.0,0.4210522103846199
f2a059a9-b803-4538-b746-3868679fa790,2025-06-28 02:00:00+00:00,2025-06-27 12:45:00+00:00,NO,0.05228370666503901,0.06000000000000005,0.11228370666503906,153.16575506040908,3063.315101208181,0.05000000000000001,0,-163.35575506040908,191.85928319101563,3326.4571721320035,0.057676763374063994,0.0,-204.51928319101563,20.0,1.0,1.2262039158392024
f69e50f9-fa32-4c94-9a1b-f8a270e47e4c,2025-08-16 02:00:00+00:00,2025-08-15 16:45:00+00:00,YES,0.15301872491836543,0.55,0.7030187249183655,4645.919999999999,8557.0,0.5429379455416617,0,-4794.569999999999,4645.920000000001,8557.0,0.5429379455416619,0.0,-4794.570000000001,0.0,0.0,0.5505447450902108
f8baaf5b-f1fa-4923-9eec-e85ed7a82142,2025-06-05 23:30:00+00:00,2025-06-05 06:15:00+00:00,YES,0.0730656540393829,0.14,0.2130656540393829,128.4633796141857,1080.6114967848807,0.11888026362517883,0,-136.3933796141857,156.3423728297152,1169.8115320479892,0.1336474881180275,0.0,-165.8323728297152,43.0,3.0,1.4026316183236156
f992552a-94d9-40c8-aa4b-fa5c7bf321fd,2025-06-18 00:00:00+00:00,2025-06-17 06:15:00+00:00,NO,0.2464600276947021,0.43000000000000005,0.6764600276947021,1532.7548391671055,3773.109363822208,0.40623122506430753,0,-1596.4648391671055,1503.414377277885,3674.660943194711,0.4091300940464,0.0,-1565.604377277885,57.0,0.0,1.1199960458535019
f9c188c7-35cd-436c-8d11-7f1b0131ba33,2025-09-05 23:30:00+00:00,2025-09-05 10:30:00+00:00,NO,0.06474714040756224,0.14,0.20474714040756226,1132.0900000000001,8183.0,0.13834657216179888,0,-1200.38,1118.0900000000001,8083.0,0.1383261165408883,0.0,-1185.5400000000002,0.0,0.0,0.3948841155559641
fb31c505-de82-4d70-a8a2-a91dbaacd1ee,2025-09-29 00:00:00+00:00,2025-09-28 02:30:00+00:00,NO,0.18119778752326965,0.38,0.5611977875232697,7556.511457731288,21269.33738258691,0.3552772388630105,0,-7897.541457731288,8728.099370483178,24398.27602911995,0.3577342661451151,0.0,-9120.509370483178,84.0,1.0,1.1534052851182732
fc11987d-5051-4621-94f9-17a356691802,2025-10-01 01:30:00+00:00,2025-09-30 01:15:00+00:00,NO,0.06506288051605225,0.25,0.31506288051605225,1847.1089099964222,8226.169173897488,0.22454059367724843,0,-1947.3789099964222,2796.3090165446074,11542.966394335224,0.2422522011254327,0.0,-2944.6390165446073,214.0,5.0,1.4498284597143984
fd8a85e4-5aac-47f6-b278-e1f1fa69b82d,2025-06-27 02:00:00+00:00,2025-06-26 12:15:00+00:00,NO,0.08030236721038819,0.24,0.3203023672103882,218.89077913362092,1094.453895668105,0.19999999999999996,1,863.3031165344839,302.88456610208425,1357.7644549890538,0.22307592822094174,1.0,1038.3998888869696,153.0,3.0,1.5311860488115607
fdec04dc-4b3e-4713-8640-3988c3e4f01f,2025-08-16 02:00:00+00:00,2025-08-15 07:15:00+00:00,NO,0.13219804048538208,0.37,0.5021980404853821,623.62,1701.0,0.3666196355085244,1,1049.73,623.6199999999999,1701.0,0.36661963550852433,1.0,1049.73,0.0,0.0,0.12184990872292238
