game_id,side,entry_px,wager,our_filled,n_needed,total_volume,volume_at_or_below,vol_at_price,fill_pct,share_of_total,share_of_qualifying,won
d1bd5e4c-1d9e-47c6-b24e-52544a1a2c13,YES,0.37,723.7920345239792,2006.1406338485922,2006.1406338485922,4106.0,2924.0,1742.0,1.0,0.48858758739615005,0.6860946080193544,0
b8786c5b-6a05-49e0-9ba2-0bc7db3e8a60,NO,0.17000000000000004,126.82866036406726,1350.4866036406725,1350.4866036406725,8361.0,8361.0,0.0,1.0,0.16152213893561446,0.16152213893561446,0
a35a38a3-fdb6-40a3-86f1-842d77ac32bf,NO,0.18999999999999995,253.94,1581.0,1581.0,1667.0,1581.0,0.0,1.0,0.9484103179364127,1.0,1
92c4a40c-74f4-4a28-be37-18237fca81a5,NO,0.14,182.8703747902309,2235.8930532247878,2235.8930532247878,4369.0,4369.0,10.0,1.0,0.5117631158674268,0.5117631158674268,0
10582ee6-a493-4e18-9878-6203b5e8065d,NO,0.33999999999999997,302.59336958641353,1009.0108696335919,1009.0108696335919,3302.0,3302.0,0.0,1.0,0.3055756722088407,0.3055756722088407,0
b0d98920-a05f-481d-9dea-7046f3e6fc33,NO,0.24,555.4925409034939,2682.2842768340633,2682.2842768340633,6014.0,4535.0,333.0,1.0,0.4460066971789264,0.5914629055863425,0
bbd4ae77-444a-4dfe-ad87-70233844aa1d,NO,0.33999999999999997,339.48078246400814,1032.3357044363884,1032.3357044363884,2819.0,1113.0,0.0,1.0,0.3662063513431672,0.927525340913197,0
5a9dfeb9-11f2-42a8-97c9-81e381c4a9fa,YES,0.33,40.59,123.0,123.0,1131.0,123.0,123.0,1.0,0.10875331564986737,1.0,1
5f3d74e1-8cdd-4616-aedf-f1e90dc75db0,NO,0.10999999999999999,106.63199047664229,1530.0284353806042,1530.0284353806042,6509.0,6509.0,0.0,1.0,0.2350635174958679,0.2350635174958679,0
8a594783-4b88-43cd-b381-a8660e3a0766,YES,0.38,966.6248829656337,2612.4996836909017,2612.4996836909017,7029.0,4350.0,363.0,1.0,0.3716744463922182,0.6005746399289429,0
ee675eed-ef15-494e-a8f4-e0202373e26c,NO,0.29000000000000004,148.2988429545362,580.5724729020624,580.5724729020624,1280.0,1280.0,0.0,1.0,0.4535722444547362,0.4535722444547362,0
a17fdde4-604b-4197-8c9a-97dc9b78c44e,NO,0.07999999999999996,103.51999999999998,1484.0,1484.0,10330.0,1484.0,0.0,1.0,0.1436592449177154,1.0,0
1d299098-034f-480d-af99-bcebd640859e,NO,0.15000000000000002,102.77965918731141,798.3819937485493,798.3819937485493,2215.0,2215.0,0.0,1.0,0.36044333803546247,0.36044333803546247,1
c9d9dbf0-f3e6-4f3f-b2a5-e83fe165023d,NO,0.38,361.55303913069633,1033.008683230561,1033.008683230561,4491.0,4472.0,626.0,1.0,0.2300175202027524,0.23099478605334547,1
9998a61a-229c-44c2-b892-ee5b1ea16c23,YES,0.18,127.04766860116322,909.4119185797372,909.4119185797372,19125.0,19121.0,394.0,1.0,0.047550949991097366,0.04756089736832473,0
58213aa0-65d0-474d-8f26-5b28ea18b59d,YES,0.4,340.8845036053126,859.3362590132816,859.3362590132816,5123.0,2419.0,2134.0,1.0,0.1677408274474491,0.3552444229075162,0
272d53ae-a46b-43bc-ac0f-8a846e03a9d1,NO,0.17000000000000004,198.24768264099217,1531.1360203153245,1531.1360203153245,5485.0,5288.0,0.0,1.0,0.2791496846518367,0.28954917176916123,0
f8baaf5b-f1fa-4923-9eec-e85ed7a82142,YES,0.14,119.04300617669423,1002.1083848057852,1002.1083848057852,4638.0,4393.0,1269.0,1.0,0.2160647660210835,0.22811481557154228,0
45eb60bf-a1b9-4f49-90cb-62097ff47bbd,NO,0.31000000000000005,307.57026582080766,1074.7595373131298,1074.7595373131298,8923.0,8923.0,0.0,1.0,0.12044822787326345,0.12044822787326345,0
772cef5b-3110-4eaf-a68b-6eb3cd04f42a,YES,0.23,205.6426267442742,1133.69803549618,1133.69803549618,11115.0,11115.0,9.0,1.0,0.10199712420118578,0.10199712420118578,1
8b0ee0bd-54cf-4be2-a8ba-b16813be20b6,YES,0.16,279.64558936792866,1936.770595786191,1936.770595786191,27373.0,11518.0,5784.0,1.0,0.07075478010397805,0.16815164054403464,1
639e72ff-50dd-401b-a2a8-dd49fdd02b89,YES,0.33,539.7373979246246,1686.6793685144519,1686.6793685144519,7807.0,4834.0,567.0,1.0,0.21604705629748328,0.34892001831080927,0
d181b175-a503-4a37-a3ce-9673570c903d,NO,0.30000000000000004,294.30632296302986,1131.3937887519623,1131.3937887519623,1671.0,1671.0,0.0,1.0,0.6770758759736459,0.6770758759736459,0
5e1d090c-1c51-494b-8c1f-1f1ba520ee2a,NO,0.31999999999999995,722.3354427075753,2579.7694382413406,2579.7694382413406,11635.0,10885.0,0.0,1.0,0.22172491948786768,0.23700224513011856,1
4a60d4ef-8d10-4f25-bab6-346332242fd5,NO,0.35,578.9425967563812,1754.3715053223673,1754.3715053223673,5514.0,5514.0,156.0,1.0,0.3181667583101863,0.3181667583101863,0
84da0d09-cdf5-46a5-89eb-d489373ed8ed,NO,0.18000000000000005,12.39,70.0,70.0,5744.0,70.0,0.0,1.0,0.012186629526462395,1.0,1
c95f06b7-8138-460b-bc1d-e9c9478156eb,NO,0.15000000000000002,200.14324340392338,1667.8603616993616,1667.8603616993616,13025.0,13025.0,0.0,1.0,0.12805069955465348,0.12805069955465348,0
ee13e918-b149-4c1e-8ae9-03cf0618c5d9,YES,0.26,661.5589085752823,3309.0445428764124,3309.0445428764124,65319.0,56624.0,3148.0,1.0,0.05065975509233779,0.058438904755517315,1
7162ed3d-7135-4801-b3a8-ba85cbcaa7ea,YES,0.45,1259.9143425097454,3522.734284749293,3522.734284749293,18385.0,18385.0,32.0,1.0,0.1916091533722759,0.1916091533722759,0
58dd842c-81d4-4f8b-9019-9fb43e6b3e3c,YES,0.33,143.55,435.0,435.0,4702.0,435.0,435.0,1.0,0.09251382390472139,1.0,0
acf4a696-dabb-4821-9d7a-7417121d43a8,NO,0.07999999999999996,331.33577798662293,4733.7968283803275,4733.7968283803275,14197.0,10047.0,0.0,1.0,0.3334364181432928,0.47116520636810266,0
f992552a-94d9-40c8-aa4b-fa5c7bf321fd,NO,0.43000000000000005,1301.9498583659524,3210.17038625842,3210.17038625842,21071.0,21071.0,0.0,1.0,0.1523501678258469,0.1523501678258469,0
326d833a-4a17-4fec-882e-c3699065a0ed,NO,0.15000000000000002,246.98,2058.0,2058.0,2058.0,2058.0,0.0,1.0,1.0,1.0,0
4f5eef0b-7151-49c4-bc34-46d08d1e5ca1,YES,0.23,492.685250368129,2142.327175513604,2142.327175513604,22512.0,3672.0,3667.0,1.0,0.09516378711414374,0.5834224334187375,0
42f7582e-79b3-4a78-88ba-0245ebd00b6b,YES,0.14,386.60766453376647,3866.076645337665,3866.076645337665,54877.0,54877.0,138.0,1.0,0.07044985413447646,0.07044985413447646,0
57909126-867a-49a0-bc68-8c65ff35b9dd,YES,0.16,315.12000000000006,1978.0,1978.0,21902.0,1978.0,1842.0,1.0,0.09031138708793718,1.0,1
5cc2b6cf-49a3-4f54-a14e-88d92bf3ac7a,YES,0.38,794.2838079519224,2266.343910977563,2266.343910977563,7513.0,7513.0,50.0,1.0,0.30165631718056213,0.30165631718056213,0
b22ddc9a-0884-436b-a5cb-261725723b33,NO,0.07999999999999996,6.300000000000001,126.0,126.0,1497.0,126.0,0.0,1.0,0.0841683366733467,1.0,0
36996288-3356-4ce9-b751-b31f6890cd69,YES,0.46,190.90000000000003,415.0,415.0,19565.0,415.0,415.0,1.0,0.021211346792742142,1.0,1
5c4e4191-667a-4956-811e-2cccb0324876,NO,0.41000000000000003,650.047918931815,1805.6886636994864,1805.6886636994864,23325.0,8893.0,0.0,1.0,0.07741430498175719,0.20304606586073162,0
4bfeb202-768f-487c-a416-9c9a314242a6,YES,0.31,4.65,15.0,15.0,6364.0,15.0,15.0,1.0,0.002357008170961659,1.0,1
e6fdfe56-f4ef-4bab-8f24-19a99adb7f6f,NO,0.06000000000000005,143.6620094418358,2873.2401888367162,2873.2401888367162,10762.0,10752.0,0.0,1.0,0.2669801327668385,0.26722844018198627,0
1c528f37-bdd0-449a-99b5-7a8d174e4243,YES,0.2,214.92803902094835,1077.3901951047417,1077.3901951047417,42542.0,5352.0,5297.0,1.0,0.025325330146790035,0.20130609026620733,0
fd8a85e4-5aac-47f6-b278-e1f1fa69b82d,NO,0.24,167.78955925029808,838.9477962514904,838.9477962514904,31723.0,29732.0,6474.0,1.0,0.026446042185527548,0.028216998394036408,1
4e456309-00d3-4582-8f89-1c9049054791,NO,0.49,525.6304450899761,1141.1073299786726,1141.1073299786726,26092.0,11820.0,2061.0,1.0,0.04373399241064972,0.09654038324692661,1
f2a059a9-b803-4538-b746-3868679fa790,NO,0.06000000000000005,117.46643203844256,2349.328640768851,2349.328640768851,12778.0,12778.0,0.0,1.0,0.18385730480269613,0.18385730480269613,0
02291b17-b5ee-4973-b184-51149f2c1817,NO,0.47,646.7434821197064,1406.7249611297964,1406.7249611297964,22369.0,12830.0,8488.0,1.0,0.0628872529451382,0.10964341084409948,0
b27d4faa-d86d-439c-9ae5-0ed478abadb8,NO,0.53,689.2999849524753,1351.5685979460297,1351.5685979460297,24053.0,9530.0,3088.0,1.0,0.056191269194945735,0.1418225181475372,1
f73fe2ca-493d-4a4e-bb34-3b5834d2ce24,YES,0.27,265.35972294790463,982.813788695943,982.813788695943,54131.0,4800.0,4800.0,1.0,0.018156209726329517,0.20475287264498812,1
8a325ea5-03e5-4940-bb7a-2eb4c8b2b077,NO,0.25,704.2031450654556,2936.2631044393984,2936.2631044393984,10500.0,10500.0,3753.0,1.0,0.2796441051847046,0.2796441051847046,1
475cc53b-e563-4217-a5dc-930581369bab,NO,0.29000000000000004,415.75969198016577,1450.067903379882,1450.067903379882,13681.0,2912.0,0.0,1.0,0.10599136783713778,0.4979628789079265,1
01384c8c-e038-4abe-b80a-901c44d112ce,YES,0.39,938.0028814075705,2680.008232593059,2680.008232593059,87494.0,87494.0,7178.0,1.0,0.03063076591072598,0.03063076591072598,1
21815dfe-7533-4983-9fc4-01b7e5798634,YES,0.47,855.3999999999999,1820.0,1820.0,19499.0,1820.0,1820.0,1.0,0.0933381199035848,1.0,0
7d922f87-8ed8-4992-9dd4-4f167d608dd6,NO,0.19999999999999996,56.81,299.0,299.0,9796.0,299.0,0.0,1.0,0.030522662311147405,1.0,0
e71aa609-4f24-4b4c-8d2f-952f1cc9a393,YES,0.1,415.4057279661748,4663.841421846387,4663.841421846387,44242.0,43524.0,19837.0,1.0,0.10541660462561338,0.1071556249849827,0
a4d71aea-7129-4510-a0c0-686300cd53cf,NO,0.31000000000000005,515.2108482584568,1982.810954840219,1982.810954840219,14682.0,14682.0,0.0,1.0,0.13505046688735997,0.13505046688735997,0
66b295b9-ed48-41fe-8fd7-4cca0813f9f5,NO,0.30000000000000004,427.69633811602495,1551.5583504143747,1551.5583504143747,13363.0,13363.0,0.0,1.0,0.11610853479116776,0.11610853479116776,0
cba5ede2-0a93-430c-aa0b-4c48363996d9,YES,0.07,328.6590455206612,4697.272078866587,4697.272078866587,29505.0,7294.0,7279.0,1.0,0.1592025785075949,0.6439912364774592,1
473b6ccd-bea1-4377-b656-99e755056013,NO,0.22999999999999998,168.95999999999998,768.0,768.0,18918.0,768.0,0.0,1.0,0.04059625753250872,1.0,1
e3e04e5c-30b5-4cd3-bef5-9e4a16bf0e89,NO,0.7,1993.48,2898.0,2898.0,34354.0,2898.0,164.0,1.0,0.08435698899691448,1.0,1
3128ac62-3240-4020-a3d9-456d92e4e181,NO,0.38,1678.3632625379387,4458.140164573523,4458.140164573523,66739.0,19609.0,18036.0,1.0,0.0667996248756128,0.22735173464090586,0
b25f3091-aef6-4e55-9fb0-d5745a720e42,NO,0.37,440.3,1190.0,1190.0,34887.0,1190.0,1190.0,1.0,0.03411012698139708,1.0,0
9bb7fd31-2faf-4602-bf65-4532dd75baba,NO,0.31000000000000005,703.2049550376663,2604.4627964358015,2604.4627964358015,11520.0,11520.0,0.0,1.0,0.22608183996838555,0.22608183996838555,1
1dc8a33e-b81b-4a0d-91bf-0109943d729e,NO,0.18000000000000005,1620.377001737788,10516.356260861176,10516.356260861176,49139.0,49138.0,0.0,1.0,0.21401241907367213,0.21401677440801772,0
333e71e9-d362-4003-836b-7d936322e7d2,YES,0.1,426.8119459853757,4268.119459853757,4268.119459853757,139541.0,19971.0,19971.0,1.0,0.030586848738748874,0.21371586099112497,0
e380b602-7a50-4ce9-99e7-63c43f11724e,NO,0.53,2429.0220884566115,5040.1471192992085,5040.1471192992085,19256.0,15659.0,1150.0,1.0,0.26174424175837185,0.32186902862885297,0
83fc47a0-fbb1-4f04-8af2-94e9a1fd566e,NO,0.18000000000000005,250.06,1430.0,1430.0,24008.0,1430.0,0.0,1.0,0.05956347884038654,1.0,0
5e64c14b-9cf3-45d2-bd9d-f0af702d801f,NO,0.35,786.1033723619837,2563.0753947160765,2563.0753947160765,40961.0,40961.0,201.0,1.0,0.06257355520412286,0.06257355520412286,0
1f15d85b-41ea-4e16-b597-b0e14ee9ba73,NO,0.21999999999999997,485.2783755411518,2426.391877705759,2426.391877705759,51141.0,38382.0,0.0,1.0,0.04744513947137832,0.06321692141383353,0
c0fc57e5-f80e-4668-a218-89e26635bcda,YES,0.23,267.36547133399466,1273.1689111142605,1273.1689111142605,33746.0,21554.0,3660.0,1.0,0.03772799475831982,0.059068799810441705,0
32cb5f24-0d87-4645-a3fd-dd1e0fd1a4f6,NO,0.18000000000000005,399.346903605515,2219.7605755861946,2219.7605755861946,15937.0,10334.0,0.0,1.0,0.13928346461606292,0.214801681399864,0
17812353-7592-47dc-9fe1-36f6bb0d8b9d,NO,0.31000000000000005,705.1836339084845,2762.4755150326323,2762.4755150326323,16521.0,16521.0,0.0,1.0,0.16720994582849902,0.16720994582849902,1
d8bda49f-0b5d-428a-9697-070219652f4a,YES,0.22,555.6807153396821,3087.115085220456,3087.115085220456,38957.0,38937.0,5453.0,1.0,0.07924416883282737,0.07928487262039849,0
4d8cf7bd-df70-42d4-a4fd-14a6fcb736a9,YES,0.45,827.7764280050998,1880.6142844557771,1880.6142844557771,26986.0,11332.0,9482.0,1.0,0.06968851569168373,0.1659560787553633,1
d417a7b2-8eca-4edd-9e75-7875ed550fdd,YES,0.61,1784.546615538986,2928.141992686862,2928.141992686862,10424.0,5639.0,5477.0,1.0,0.2809038749699599,0.5192661806502682,1
585740b6-3c8b-4746-8808-e7635a88c710,YES,0.22,222.42000000000002,1011.0,1011.0,40179.0,1011.0,1011.0,1.0,0.02516239826775181,1.0,0
548df81e-2319-4153-a4df-bf65932d74be,NO,0.22999999999999998,0.21,1.0,1.0,9521.0,1.0,0.0,1.0,0.00010503098414032139,1.0,1
d5b4c575-bc11-412e-893d-9c6ed1889586,YES,0.29,784.9155672499717,2963.2058046295247,2963.2058046295247,15503.0,15420.0,683.0,1.0,0.1911375736715168,0.19216639459335438,0
c8479b40-acd5-45d5-8423-804199b3cc72,YES,0.21,241.2034138349523,1443.9612578526605,1443.9612578526605,40676.0,11393.0,1853.0,1.0,0.03549909671188565,0.12674109171005535,0
6adda940-e25a-4b97-9334-bfcbbb00d303,YES,0.17,282.70590552358306,1771.2244095223941,1771.2244095223941,51905.0,29467.0,18145.0,1.0,0.03412435043873219,0.060108745699338044,0
7a6fecee-f650-46ac-af8f-8dfc5ff13ae2,NO,0.25,618.9802123745249,2718.6530972805426,2718.6530972805426,12019.0,12019.0,388.0,1.0,0.22619628066232986,0.22619628066232986,1
185c1d82-80ca-427a-bb34-b717e2127e2e,YES,0.4,273.47,685.0,685.0,19728.0,685.0,632.0,1.0,0.034722222222222224,1.0,1
c2f7980e-2390-45e9-8977-c6e6d2c1f545,NO,0.27,659.5336091671031,2536.860035258089,2536.860035258089,21372.0,18837.0,6195.0,1.0,0.11870017009442677,0.1346743130677968,0
e8241b1f-576e-4bcf-b7d0-79606aa78b00,NO,0.62,2069.780556414939,3613.0178922287137,3613.0178922287137,21016.0,19429.0,2576.0,1.0,0.17191748630703815,0.1859600541576362,1
50578d4e-21ed-488c-ac01-1008b9b70e0d,NO,0.41000000000000003,1288.6944110265301,3689.1840315043714,3689.1840315043714,22325.0,22325.0,0.0,1.0,0.16524900477063253,0.16524900477063253,1
a1ca524f-e7ce-449f-ab32-66adea0ba523,NO,0.5900000000000001,1153.0900000000001,1957.0,1957.0,14882.0,1957.0,0.0,1.0,0.1315011423195807,1.0,1
64fb0c10-3ce1-4592-a3f9-65395a9e58af,YES,0.41,1245.681598035003,3287.4252579868494,3287.4252579868494,19384.0,16744.0,129.0,1.0,0.16959478219081972,0.19633452329114007,1
de06dc94-ceb2-41b8-bde0-f9f91c917d00,NO,0.28,809.9139597807165,3176.284460695064,3176.284460695064,6443.0,6309.0,468.0,1.0,0.492982222675006,0.5034529181637445,0
1dffe97b-d132-4697-af9f-8b08902da90d,YES,0.14,428.0855492874289,3387.119609903298,3387.119609903298,36260.0,15903.0,11353.0,1.0,0.09341201351084662,0.2129862044836382,0
cd325282-98cc-46dd-a9f0-e2d5d887b51f,YES,0.25,229.05,929.0,929.0,13740.0,929.0,609.0,1.0,0.06761280931586608,1.0,1
6a9e0ff7-c5b4-4a72-b217-41dc4a8caa4f,NO,0.44999999999999996,93.25,212.0,212.0,6931.0,212.0,0.0,1.0,0.030587216851825135,1.0,1
d300ee86-e2e0-4bf4-9247-1d7a3a859e07,NO,0.13,370.07,3377.0,3377.0,3377.0,3377.0,0.0,1.0,1.0,1.0,0
0934f4d6-98dc-4543-b6bd-c04adfa95bf2,NO,0.38,1745.3416483941053,4788.382833497583,4788.382833497583,6362.0,5500.0,582.0,1.0,0.7526536990722388,0.8706150606359242,0
042c5181-7425-497a-8593-922c0cccfc16,NO,0.18999999999999995,822.3522167439413,4627.678981910784,4627.678981910784,12600.0,6659.0,0.0,1.0,0.3672761096754591,0.6949510409837489,0
25596e43-21b0-4411-b093-a5ca0b6480d6,YES,0.51,1808.3823954959396,3623.494893129294,3623.494893129294,18304.0,4537.0,2555.0,1.0,0.1979619150529553,0.7986543736233841,1
076e0d71-c610-4e6f-9814-6099bc1f606b,YES,0.15,454.1417684385321,3027.611789590214,3027.611789590214,24514.0,5256.0,5256.0,1.0,0.12350541688790952,0.5760296403329935,0
3a283716-466b-440c-a344-5994da2e16aa,YES,0.36,1359.5627676391714,3932.036478969061,3932.036478969061,141794.0,63336.0,48293.0,1.0,0.027730626676510016,0.06208217252382628,1
2de72b4c-3c39-42c4-8321-18efac227563,NO,0.38,2831.32,7533.0,7533.0,22751.0,7533.0,4411.0,1.0,0.33110632499670345,1.0,1
56ef45bc-fa3c-47bb-926c-8b9f8433bdb6,NO,0.41000000000000003,2594.606344079096,6551.690860197739,6551.690860197739,62299.0,25221.0,0.0,1.0,0.10516526525622785,0.25977125650044564,1
2eb1473f-e48b-4a13-bb64-bb3604b03c6d,NO,0.4,2596.5705499035,7250.695971954166,7250.695971954166,66151.0,54874.0,1124.0,1.0,0.1096082594662842,0.13213354178580322,1
4b134f76-aff1-49fb-b585-3e9073eb44c2,NO,0.51,5656.896497919739,12916.883691129868,12916.883691129868,18709.0,18709.0,193.0,1.0,0.6904101604110251,0.6904101604110251,1
74f4d3c6-f105-49b3-bb25-ee57ac47d235,NO,0.47,4199.090304129378,9245.805008976908,9245.805008976908,32159.0,20809.0,5764.0,1.0,0.2875028766123607,0.444317603391653,1
3f5f7cac-ecfc-4b06-a399-6b587dc94aab,NO,0.41000000000000003,2437.5799999999995,5998.0,5998.0,8706.0,5998.0,0.0,1.0,0.6889501493223065,1.0,0
fdec04dc-4b3e-4713-8640-3988c3e4f01f,NO,0.37,623.62,1701.0,1701.0,4643.0,1701.0,1126.0,1.0,0.3663579582166703,1.0,1
f69e50f9-fa32-4c94-9a1b-f8a270e47e4c,YES,0.55,4645.919999999999,8557.0,8557.0,9929.0,8557.0,2604.0,1.0,0.8618189142914694,1.0,0
673f7bf8-4cb2-4836-9dec-4131b50da342,YES,0.56,11816.031231084518,21710.64505550808,21710.64505550808,31395.0,27564.0,6142.0,1.0,0.6915319336043345,0.7876449374368045,1
3495c00d-950e-4e49-87e6-3a022d1d9c1b,YES,0.41,1574.4599999999998,3847.0,3847.0,5182.0,3847.0,3566.0,1.0,0.7423774604399845,1.0,1
b233aa62-25a1-489f-9f1a-ad31d9a6a7c2,NO,0.5,5810.781332128634,12440.919441934659,12440.919441934659,14764.0,14764.0,0.0,1.0,0.8426523599251327,0.8426523599251327,1
b6df91b4-c8f5-45f8-bebf-c6845d61912b,NO,0.49,6533.549999999999,15068.0,15068.0,15068.0,15068.0,0.0,1.0,1.0,1.0,0
2cc91c72-9797-403a-adc1-51f134d84117,YES,0.28,503.19000000000005,1819.0,1819.0,15768.0,1819.0,1409.0,1.0,0.11536022323693557,1.0,0
1bfb21d0-94d4-414b-872a-8caa5df09a89,NO,0.5,4105.91,8415.0,8415.0,21953.0,8415.0,2573.0,1.0,0.3833189085774154,1.0,0
545784f9-c706-42ad-9145-9424c6f683b3,NO,0.27,1696.21,6409.0,6409.0,25644.0,6409.0,2994.0,1.0,0.24992200904695056,1.0,0
a1382913-f5c5-4721-9dee-4195779e9b68,NO,0.43999999999999995,2167.499999999999,5103.0,5103.0,7863.0,5103.0,0.0,1.0,0.6489889355207936,1.0,1
7ae48770-c55c-4f0a-af4c-c12583ea049f,NO,0.28,1717.8199999999997,6456.0,6456.0,28107.0,6456.0,130.0,1.0,0.22969367061586082,1.0,0
bb8576ec-3270-4ee6-9d85-f37e6e502af7,YES,0.22,1810.910000000001,8270.0,8270.0,14471.0,8270.0,7421.0,1.0,0.5714878031925921,1.0,0
0962940f-0261-4fce-b716-3a16393d43b7,NO,0.5700000000000001,6028.200000000002,11290.0,11290.0,11290.0,11290.0,0.0,1.0,1.0,1.0,1
ab22cb38-adf5-49e7-8d94-af37949f1527,YES,0.39,3233.9200000000005,8368.0,8368.0,13416.0,8368.0,5647.0,1.0,0.6237328562909958,1.0,1
467aedcd-fa42-4992-9a69-fce47d1ece15,NO,0.52,5144.009999999999,9984.0,9984.0,19564.0,9984.0,5476.0,1.0,0.5103250868942957,1.0,1
6d17df9c-9585-4b14-b1ab-7334c0443b45,NO,0.47,6093.15,13469.0,13469.0,13763.0,13469.0,3417.0,1.0,0.9786383782605537,1.0,1
eef5e74b-cdc8-45c9-b34e-c80089a44b6d,NO,0.26,2391.4299999999994,10787.0,10787.0,10787.0,10787.0,0.0,1.0,1.0,1.0,0
7c219682-63ed-42c1-8555-c42addba3a67,NO,0.24,1641.7200000000007,6877.0,6877.0,11354.0,6877.0,6030.0,1.0,0.605689624801832,1.0,1
2f5baf0d-dd06-464d-95dd-177924f443c9,NO,0.48,2493.82,5397.0,5397.0,5413.0,5397.0,30.0,1.0,0.9970441529650841,1.0,0
e83198ea-0baf-4a62-aaaa-8d6e6ff8cee7,YES,0.66,12797.099999999999,19920.0,19920.0,35011.0,19920.0,1061.0,1.0,0.5689640398731827,1.0,1
b69d86fb-d73a-4b99-bec9-88e73e7ce25b,NO,0.16000000000000003,712.8799999999998,4832.0,4832.0,9464.0,4832.0,0.0,1.0,0.5105663567202029,1.0,0
f9c188c7-35cd-436c-8d11-7f1b0131ba33,NO,0.14,1132.0900000000001,8183.0,8183.0,10972.0,8183.0,6830.0,1.0,0.7458075100255195,1.0,0
e9ff9be0-15cb-4e16-86a5-89be878b6745,NO,0.29000000000000004,6002.749999999999,21571.0,21571.0,21571.0,21571.0,0.0,1.0,1.0,1.0,0
31d89653-50a1-4688-b507-15c8e12dad33,NO,0.56,6315.510000000001,11568.0,11568.0,11569.0,11568.0,1948.0,1.0,0.9999135621056271,1.0,0
93a98ff0-ed90-4c11-8f56-dfd70e55ed58,NO,0.7,1818.8699999999997,2662.0,2662.0,2662.0,2662.0,539.0,1.0,1.0,1.0,0
2fb00c07-3995-4420-aa53-e0b95160a91a,YES,0.19,1937.7890565340692,11832.700332553355,11832.700332553355,25339.0,25339.0,1576.0,1.0,0.46697582116710823,0.46697582116710823,0
58bb94db-4f37-45ce-a7b9-2cb2aa412759,NO,0.20999999999999996,1345.7600000000004,6785.0,6785.0,28205.0,6785.0,0.0,1.0,0.24056018436447438,1.0,0
30981dda-706d-44fc-9eb4-b6f8c5a3e874,NO,0.20999999999999996,2506.199999999999,12531.0,12531.0,35406.0,12531.0,0.0,1.0,0.3539230638874767,1.0,0
fb31c505-de82-4d70-a8a2-a91dbaacd1ee,NO,0.38,6205.1637857809765,17515.593849391596,17515.593849391596,56409.0,56409.0,249.0,1.0,0.31051062506677296,0.31051062506677296,0
fc11987d-5051-4621-94f9-17a356691802,NO,0.25,1513.9152959983066,6777.501286949158,6777.501286949158,56261.0,56261.0,14248.0,1.0,0.12046535409873907,0.12046535409873907,0
4a8a3c5a-81ad-462c-b4cb-3300d1eea8c3,NO,0.41000000000000003,4674.8271562877835,12690.722044021035,12690.722044021035,143165.0,143165.0,0.0,1.0,0.08864402643118803,0.08864402643118803,1
